<?xml version="1.0" encoding="UTF-8"?>
<sect1 id="ch0011s0008" role="Heading">
   <sect1info>
      <risinfo>
         <risprev>sect1.9781071643624.ch0011s0007</risprev>
         <riscurrent>sect1.9781071643624.ch0011s0008</riscurrent>
         <risnext>sect1.9781071643624.</risnext>
         <booktitle>Diagnostic Interviewing</booktitle>
         <isbn>9781071643624</isbn>
         <chapternumber>11</chapternumber>
         <chapterid>ch0011</chapterid>
         <chaptertitle>9. Obsessive-Compulsive and Related Disorders</chaptertitle>
         <authorgroup>
            <author>
               <personname>
                  <firstname>Daniel L.</firstname>
                  <surname>Segal</surname>
               </personname>
            </author>
         </authorgroup>
         <publisher>
            <publishername>Springer US</publishername>
         </publisher>
         <pubdate>2025</pubdate>
      </risinfo>
      <primaryauthor>
         <personname>
            <firstname>Daniel L.</firstname>
            <surname>Segal</surname>
         </personname>
      </primaryauthor>
   </sect1info>
   <title>Summary</title>
   <para role="Para">OCD and OC-related disorders are psychiatric conditions that lead to significant distress and functional impairment in multiple domains. In clinical practice and healthcare settings, it is important that providers accurately diagnose these conditions to ensure that patients receive adequate care. There are several challenges associated with diagnosing these conditions, including diverse presentation of symptoms, symptom overlap, comorbid conditions, and low patient insight. It is critical that providers use evidence-based assessment tools when conducting diagnostic interviews with these patients. This chapter provides information on common clinician-administered interviews, as well as other assessment measures that can assist clinicians with gathering clinical information. Further, a case illustration demonstrates how an unstructured clinical interview can be guided by structured assessment tools to help diagnose OCD. We also highlight important diversity factors to consider, along with dos and don’ts when interviewing and assessing for OCD and related disorders. Overall, this chapter can be used as a resource for providers across different settings to help them obtain an accurate and informed diagnosis of OCD and related disorders.</para>
   <sidebar id="ch0011s0008ad01">
      <para/>
   </sidebar>
   <bibliography id="ch0011s0008bib0074">
      <bibliomixed id="ch0011s0008bib01">Abramovitch, A., Abramowitz, J. S., &amp; McKay, D. (2021a). The OCI-4: An ultra-brief screening scale for obsessive-compulsive disorder. Journal of Anxiety Disorders, 78, 102354.PubMed</bibliomixed>
      <bibliomixed id="ch0011s0008bib02">Abramovitch, A., Abramowitz, J. S., &amp; McKay, D. (2021b). The OCI-12: A syndromally valid modification of the obsessive-compulsive inventory-revised. Psychiatry Research, 298, 113808.PubMed</bibliomixed>
      <bibliomixed id="ch0011s0008bib03">Abramovitch, A., Abramowitz, J. S., McKay, D., Cham, H., Anderson, K. S., Farrell, L., Geller, D. A., Hanna, G. L., Mathieu, S., McGuire, J. F., et al. (2022a). The OCI-CV-R: A revision of the obsessive-compulsive inventory-child version. Journal of Anxiety Disorders, 86, 102532.PubMedPubMedCentral</bibliomixed>
      <bibliomixed id="ch0011s0008bib04">Abramovitch, A., Abramowitz, J. S., McKay, D., Cham, H., Anderson, K. S., Farrell, L. J., Geller, D. A., Hanna, G. L., Mathieu, S., McGuire, J. F., et al. (2022b). An ultra-brief screening scale for pediatric obsessive-compulsive disorder: The OCI-CV-5. Journal of Affective Disorders, 312, 208–216.PubMedPubMedCentral</bibliomixed>
      <bibliomixed id="ch0011s0008bib05">Abramowitz, J. S., Deacon, B. J., Olatunji, B. O., Wheaton, M. G., Berman, N. C., Losardo, D., Timpano, K. R., McGrath, P. B., Riemann, B. C., Adams, T., Björgvinsson, T., Storch, E. A., &amp; Hale, L. R. (2010). Assessment of obsessive-compulsive symptom dimensions: Development and evaluation of the dimensional obsessive-compulsive scale. Psychological Assessment, 22(1), 180–198. CrossrefPubMed</bibliomixed>
      <bibliomixed id="ch0011s0008bib06">American Psychiatric Association. (2022). Diagnostic and statistical manual of mental disorders (5th ed., text rev.).</bibliomixed>
      <bibliomixed id="ch0011s0008bib07">Angelakis, I., Gooding, P. A., &amp; Panagioti, M. (2016). Suicidality in body dysmorphic disorder (BDD): A systematic review with meta-analysis. Clinical Psychology Review, 49, 55–66. CrossrefPubMed</bibliomixed>
      <bibliomixed id="ch0011s0008bib08">Arnold, L. M., Mutasim, D. F., Dwight, M. M., Lamerson, C. L., Morris, E. M., &amp; McElroy, S. L. (1999). An open clinical trial of fluvoxamine treatment of psychogenic excoriation. Journal of Clinical Psychopharmacology, 19(1), 15–18. CrossrefPubMed</bibliomixed>
      <bibliomixed id="ch0011s0008bib09">Baer, L., Brown-Beasley, M. W., Sorce, J., &amp; Henriques, A. I. (1993). Computer-assisted telephone administration of a structured interview for obsessive-compulsive disorder. The American Journal of Psychiatry, 150(11), 1737–1738.PubMed</bibliomixed>
      <bibliomixed id="ch0011s0008bib10">Brakoulias, V., Starcevic, V., Belloch, A., Brown, C., Ferrao, Y. A., Fontenelle, L. F., et al. (2017). Comorbidity, age of onset and suicidality in obsessive–compulsive disorder (OCD): An international collaboration. Comprehensive Psychiatry, 76, 79–86.PubMed</bibliomixed>
      <bibliomixed id="ch0011s0008bib11">Brown, T. A., &amp; Barlow, D. H. (2014). Anxiety and related disorders interview schedule for DSM-5 (ADIS-5)-adult and lifetime version: Clinician manual. Oxford University Press.</bibliomixed>
      <bibliomixed id="ch0011s0008bib12">Calvocoressi, L., Mazure, C. M., Kasl, S. V., Skolnick, J., Fisk, D., Vegso, S. J., Van Noppen, B. L., &amp; Price, L. H. (1999). Family accommodation of obsessive-compulsive symptoms: Instrument development and assessment of family behavior. The Journal of Nervous and Mental Disease, 187(10), 636–642.PubMed</bibliomixed>
      <bibliomixed id="ch0011s0008bib13">Cash, T. F., Phillips, K. A., Santos, M. T., &amp; Hrabosky, J. I. (2004). Measuring “negative body image”: Validation of the Body Image Disturbance Questionnaire in a nonclinical population. Body Image, 1(4), 363–372. Crossref</bibliomixed>
      <bibliomixed id="ch0011s0008bib14">Conelea, C. A., Walther, M. R., Freeman, J. B., Garcia, A. M., Sapyta, J., Khanna, M., &amp; Franklin, M. (2014). Tic-related obsessive-compulsive disorder (OCD): Phenomenology and treatment outcome in the Pediatric OCD Treatment Study II. Journal of the American Academy of Child &amp; Adolescent Psychiatry, 53(12), 1308–1316.</bibliomixed>
      <bibliomixed id="ch0011s0008bib15">Duke, D. C., Bodzin, D. K., Tavares, P., Geffken, G. G., &amp; Storch, E. A. (2009). The phenomenology of hair pulling in a community sample. Journal of Anxiety Disorders, 23, 1118–1125. CrossrefPubMed</bibliomixed>
      <bibliomixed id="ch0011s0008bib16">Eisen, J. L., Phillips, K. A., Baer, L., Beer, D. A., Atala, K. D., &amp; Rasmussen, S. A. (1998). The Brown Assessment of Beliefs Scale: Reliability and validity. American Journal of Psychiatry, 155(1), 102–108.PubMed</bibliomixed>
      <bibliomixed id="ch0011s0008bib17">Elvish, J., Simpson, J., &amp; Ball, L. J. (2010). Which clinical and demographic factors predict poor insight in individuals with obsessions and/or compulsions? Journal of Anxiety Disorders, 24(2), 231–237. CrossrefPubMed</bibliomixed>
      <bibliomixed id="ch0011s0008bib18">First, M. B., Williams, J. B., Karg, R. S., &amp; Spitzer, R. L. (2015). Structured clinical interview for DSM-5 disorders: SCID-5-CV clinician version. American Psychiatric Association Publishing.</bibliomixed>
      <bibliomixed id="ch0011s0008bib19">Flessner, C. A., Woods, D. W., Franklin, M. E., Cashin, S. E., Keuthen, N. J., Mansueto, C. S., et al. (2008). The Milwaukee inventory for subtypes of trichotillomania-adult version (MIST-A): Development of an instrument for the assessment of “focused” and “automatic” hair pulling. Journal of Psychopathology and Behavioral Assessment, 30, 20–30. Crossref</bibliomixed>
      <bibliomixed id="ch0011s0008bib20">Flessner, C. A., Sapyta, J., Garcia, A., Freeman, J. B., Franklin, M. E., Foa, E., &amp; March, J. (2011). Examining the psychometric properties of the family accommodation scale-parent-report (FAS-PR). Journal of Psychopathology and Behavioral Assessment, 33, 38–46.</bibliomixed>
      <bibliomixed id="ch0011s0008bib21">Foa, E. B., Huppert, J. D., Leiberg, S., Langner, R., Kichic, R., Hajcak, G., &amp; Salkovskis, P. M. (2002). The obsessivecompulsive inventory: Development and validation of a short version. Psychological Assessment, 14(4), 485.</bibliomixed>
      <bibliomixed id="ch0011s0008bib22">Foa, E. B., Coles, M., Huppert, J. D., Pasupuleti, R. V., Franklin, M. E., &amp; March, J. (2010). Development and validation of a child version of the obsessive compulsive inventory. Behavior Therapy, 41(1), 121–132.PubMed</bibliomixed>
      <bibliomixed id="ch0011s0008bib23">Behavior Therapy, 33</bibliomixed>
      <bibliomixed id="ch0011s0008bib24">Frost, R. O., Steketee, G., &amp; Williams, L. (2002). Compulsive buying, compulsive hoarding, and obsessive-compulsive disorder. Behavior Therapy, 33(2), 201–214.</bibliomixed>
      <bibliomixed id="ch0011s0008bib25">Frost, R. O., Steketee, G., &amp; Grisham, J. (2004). Measurement of compulsive hoarding: Saving inventory-revised. Behaviour Research and Therapy, 42(10), 1163–1182.PubMed</bibliomixed>
      <bibliomixed id="ch0011s0008bib26">Journal of Psychopathology and Behavioral Assessment, 31https://​doi.​org/​10.​1007/​s 10862-008-9094-0 CrossrefPubMedPubMed Central</bibliomixed>
      <bibliomixed id="ch0011s0008bib27">Garcia, A. M., Freeman, J. B., Himle, M. B., Berman, N. C., Ogata, A. K., Ng, J., Choate-Summers, M. L., &amp; Leonard, H. (2009). Phenomenology of early childhood onset obsessive compulsive disorder. Journal of Psychopathology and Behavioral Assessment, 31(2), 104–111. CrossrefPubMedPubMedCentral</bibliomixed>
      <bibliomixed id="ch0011s0008bib28">Goodman, W. K., Price, L. H., Rasmussen, S. A., Mazure, C., Fleischmann, R. L., Hill, C. L., Heninger, G. R., &amp; Charney, D. S. (1989). The Yale-Brown Obsessive Compulsive Scale: I. Development, use, and reliability. Archives of General Psychiatry, 46(11), 1006–1011. CrossrefPubMed</bibliomixed>
      <bibliomixed id="ch0011s0008bib29">Grant, J. E., Odlaug, B. L., &amp; Kim, S. W. (2007). Lamotrigine treatment of pathologic skin picking: An open-label study. Journal of Clinical Psychiatry, 68(9), 1384–1391.PubMed</bibliomixed>
      <bibliomixed id="ch0011s0008bib30">Grenier, S., Préville, M., Boyer, R., &amp; O’Connor, K. (2009). Prevalence and correlates of obsessive–compulsive disorder among older adults living in the community. Journal of Anxiety Disorders, 23(7), 858–865.PubMed</bibliomixed>
      <bibliomixed id="ch0011s0008bib31">Harrison, A., Fernández de la Cruz, L., Enander, J., Radua, J., &amp; Mataix-Cols, D. (2016). Cognitive-behavioral therapy for body dysmorphic disorder: A systematic review and meta-analysis of randomized controlled trials. Clinical Psychology Review, 48, 43–51. CrossrefPubMed</bibliomixed>
      <bibliomixed id="ch0011s0008bib32">Journal of the American Academy of Child and Adolescent Psychiatry, 36https://​doi.​org/​10.​1097/​00004583-199707000-00021 CrossrefPubMed</bibliomixed>
      <bibliomixed id="ch0011s0008bib33">Kaufman, J., Birmaher, B., Brent, D., Rao, U., Flynn, C., Moreci, P., Wiliamson, D., &amp; Ryan, N. (1997). Schedule for affective disorders and schizophrenia for school-age children-present and lifetime version (K-SADS-PL): Initial reliability and validity data. Journal of the American Academy of Child and Adolescent Psychiatry, 36(7), 980–988. CrossrefPubMed</bibliomixed>
      <bibliomixed id="ch0011s0008bib34">Keuthen, N. J., O’Sullivan, R. L., Ricciardi, J. N., Shera, D., Savage, C. R., Borgmann, A. S., et al. (1995). The Massachusetts General Hospital (MGH) hairpulling scale: 1. Development and factor analyses. Psychotherapy and Psychosomatics, 64, 141–145. CrossrefPubMed</bibliomixed>
      <bibliomixed id="ch0011s0008bib35">Keuthen, N. J., Deckersbach, T., Wilhelm, S., Engelhard, I., Forker, A., O’Sullivan, R. L., Jenike, M. A., &amp; Baer, L. (2001). The Skin Picking Impact Scale (SPIS): Scale development and psychometric analyses. Psychosomatics, 42, 397–403.PubMed</bibliomixed>
      <bibliomixed id="ch0011s0008bib36">LeBeau, R. T., Mischel, E. R., Simpson, H. B., Mataix-Cols, D., Phillips, K. A., Stein, D. J., &amp; Craske, M. G. (2013). Preliminary assessment of obsessive–compulsive spectrum disorder scales for DSM-5. Journal of Obsessive-Compulsive and Related Disorders, 2(2), 114–118.</bibliomixed>
      <bibliomixed id="ch0011s0008bib37">Markarian, Y., Larson, M. J., Aldea, M. A., Baldwin, S. A., Good, D., Berkeljon, A., Murphy, T. K., Storch, E. A., &amp; McKay, D. (2010). Multiple pathways to functional impairment in obsessive–compulsive disorder. Clinical Psychology Review, 30(1), 78–88. CrossrefPubMed</bibliomixed>
      <bibliomixed id="ch0011s0008bib38">Mathes, B. M., Morabito, D. M., &amp; Schmidt, N. B. (2019). Epidemiological and clinical gender differences in OCD. Current Psychiatry Reports, 21(5), 36. CrossrefPubMed</bibliomixed>
      <bibliomixed id="ch0011s0008bib39">Mathis, M. A. D., Alvarenga, P. D., Funaro, G., Torresan, R. C., Moraes, I., Torres, A. R., et al. (2011). Gender differences in obsessive-compulsive disorder: A literature review. Brazilian Journal of Psychiatry, 33, 390–399.PubMed</bibliomixed>
      <bibliomixed id="ch0011s0008bib40">Mayerovitch, J. I., du Fort, G. G., Kakuma, R., Bland, R. C., Newman, S. C., &amp; Pinard, G. (2003). Treatment seeking for obsessive-compulsive disorder: Role of obsessive-compulsive disorder symptoms and comorbid psychiatric diagnoses. Comprehensive Psychiatry, 44(2), 162–168. CrossrefPubMed</bibliomixed>
      <bibliomixed id="ch0011s0008bib41">Nordsletten, A., de la Cruz, L. F., Pertusa, A., Reichenberg, A., Hatch, S., &amp; Mataix-Cols, D. (2013). The Structured Interview for Hoarding Disorder (SIHD): Development, usage and further validation. Journal of Obsessive-Compulsive and Related Disorders, 2(3), 346–350.</bibliomixed>
      <bibliomixed id="ch0011s0008bib42">Psychopharmacology Bulletin, 33 PubMed</bibliomixed>
      <bibliomixed id="ch0011s0008bib43">Phillips, K. A., &amp; Stein, D. J. (2015). Handbook on obsessive-compulsive and related disorders (1st ed.). American Psychiatric Publishing.</bibliomixed>
      <bibliomixed id="ch0011s0008bib44">Phillips, K. A., Hollander, E., Rasmussen, S. A., Aronowitz, B. R., DeCaria, C., &amp; Goodman, W. K. (1997). A severity rating scale for body dysmorphic disorder: Development, reliability, and validity of a modified version of the Yale-Brown Obsessive Compulsive Scale. Psychopharmacology Bulletin, 33(1), 17–22.PubMed</bibliomixed>
      <bibliomixed id="ch0011s0008bib45">Piacentini, J., Peris, T., Bergman, R., Chang, S., &amp; Jaffer, M. (2007). The Child Obsessive-Compulsive Impact Scale-Revised (COIS-R): Development and psychometric properties. Journal of Clinical Child and Adolescent Psychology, 36, 645–653.PubMed</bibliomixed>
      <bibliomixed id="ch0011s0008bib46">Pinto, A., Van Noppen, B., &amp; Calvocoressi, L. (2013). Development and preliminary psychometric evaluation of a self-rated version of the Family Accommodation Scale for Obsessive-Compulsive Disorder. Journal of Obsessive-Compulsive and Related Disorders, 2(4), 457–465.PubMed</bibliomixed>
      <bibliomixed id="ch0011s0008bib47">Rapp, A. M., Bergman, R. L., Piacentini, J., &amp; McGuire, J. F. (2016). Evidence-based assessment of obsessive–compulsive disorder. Journal of Central Nervous System Disease, 8, JCNSD-S38359.</bibliomixed>
      <bibliomixed id="ch0011s0008bib48">Rosario-Campos, M., Miguel, E., Quatrano, S., Chacon, P., Ferrao, Y., Findley, D., Katsovich, L., Scahill, L., King, R., Woody, S., et al. (2006). The Dimensional Yale–Brown Obsessive–Compulsive Scale (DY-BOCS): An instrument for assessing obsessive–compulsive symptom dimensions. Molecular Psychiatry, 11(5), 495–504.PubMed</bibliomixed>
      <bibliomixed id="ch0011s0008bib49">Rothbaum, B. O., &amp; Ninan, P. T. (1994). The assessment of trichotillomania. Behaviour Research and Therapy, 32, 651–662. CrossrefPubMed</bibliomixed>
      <bibliomixed id="ch0011s0008bib50">Ruscio, A. M., Stein, D. J., Chiu, W. T., &amp; Kessler, R. C. (2010). The epidemiology of obsessive-compulsive disorder in the National Comorbidity Survey Replication. Molecular Psychiatry, 15(1), 53–63.PubMed</bibliomixed>
      <bibliomixed id="ch0011s0008bib51">Saxena, S., Ayers, C. R., Dozier, M. E., &amp; Maidment, K. M. (2015). The UCLA hoarding severity scale: Development and validation. Journal of Affective Disorders, 175, 488–493.PubMedPubMedCentral</bibliomixed>
      <bibliomixed id="ch0011s0008bib52">Scahill, L., Riddle, M. A., McSwiggin-Hardin, M., Ort, S. I., King, R. A., Goodman, W. K., Cicchetti, D., &amp; Leckman, J. F. (1997). Children’s Yale-Brown Obsessive Compulsive Scale: Reliability and validity. Journal of the American Academy of Child and Adolescent Psychiatry, 36(6), 844–852. CrossrefPubMed</bibliomixed>
      <bibliomixed id="ch0011s0008bib53">Selles, R. R., Ariza, V. L. B., McBride, N. M., Dammann, J., Whiteside, S., &amp; Storch, E. A. (2018). Initial psychometrics, outcomes, and correlates of the Repetitive Body Focused Behavior Scale: Examination in a sample of youth with anxiety and/or obsessive-compulsive disorder. Comprehensive Psychiatry, 81, 10–17.PubMed</bibliomixed>
      <bibliomixed id="ch0011s0008bib54">Sheehan, D. V. (2016). The MINI International Neuropsychiatric Interview for Children and Adolescents, English Version 7.0.1 for DSM-5. Medical Outcome Systems.</bibliomixed>
      <bibliomixed id="ch0011s0008bib55">Sheehan, D. V., Lecrubier, Y., Sheehan, H., Amorim, P., Janavs, J., Weiller, E., Hergueta, T., Baker, R., &amp; Dunbar, G. C. (1998). The Mini-International Neuropsychiatric Interview (M.I.N.I.): The development and validation of a structured diagnostic psychiatric interview for DSM-IV and ICD-10. Journal of Clinical Psychiatry, 59(Suppl 20), 22–33.PubMed</bibliomixed>
      <bibliomixed id="ch0011s0008bib56">Silverman, W. K., &amp; Albano, A. M. (2024). Anxiety and Related Disorders Interview Schedule for DSM-5, child and parent version: Clinician manual. Oxford University Press.</bibliomixed>
      <bibliomixed id="ch0011s0008bib57">Storch, E. A., Murphy, T. K., Adkins, J. W., Lewin, A. B., Geffken, G. R., Johns, N. B., Jann, K. E., &amp; Goodman, W. K. (2006). The children’s Yale-Brown obsessive–compulsive scale: Psychometric properties of child-and parent-report formats. Journal of Anxiety Disorders, 20(8), 1055–1070.PubMed</bibliomixed>
      <bibliomixed id="ch0011s0008bib58">Storch, E. A., Bagner, D., Merlo, L. J., Shapira, N. A., Geffken, G. R., Murphy, T. K., &amp; Goodman, W. K. (2007). Florida obsessive-compulsive inventory: Development, reliability, and validity. Journal of Clinical Psychology, 63(9), 851–859.PubMed</bibliomixed>
      <bibliomixed id="ch0011s0008bib59">Storch, E. A., Khanna, M., Merlo, L. J., Loew, B. A., Franklin, M., Reid, J. M., Goodman, W. K., &amp; Murphy, T. K. (2009). Children’s Florida obsessive compulsive inventory: Psychometric properties and feasibility of a self-report measure of obsessive–compulsive symptoms in youth. Child Psychiatry and Human Development, 40, 467–483.PubMed</bibliomixed>
      <bibliomixed id="ch0011s0008bib60">Storch, E. A., Rasmussen, S. A., Price, L. H., Larson, M. J., Murphy, T. K., &amp; Goodman, W. K. (2010). Development and psychometric evaluation of the Yale–Brown Obsessive-Compulsive Scale—Second Edition. Psychological Assessment, 22(2), 223.PubMed</bibliomixed>
      <bibliomixed id="ch0011s0008bib61">Storch, E. A., Nadeau, J. M., De Nadai, A. S., Cepeda, S. L., Riemann, B. C., Seibell, P., &amp; Kay, B. (2017). Symptom correspondence between clinicians and patients on the Yale–Brown Obsessive Compulsive Scale. Comprehensive Psychiatry, 73, 105–110.PubMed</bibliomixed>
      <bibliomixed id="ch0011s0008bib62">Storch, E. A., McGuire, J. F., Wu, M. S., Hamblin, R., McIngvale, E., Cepeda, S. L., Schneider, S. C., Rufino, K. A., Rasmussen, S. A., Price, L. H., et al. (2019). Development and psychometric evaluation of the children’s Yale-Brown obsessive-compulsive scale second edition. Journal of the American Academy of Child &amp; Adolescent Psychiatry, 58(1), 92–98.</bibliomixed>
      <bibliomixed id="ch0011s0008bib63">Swedo, S. E., Leonard, H. L., Rapoport, J. L., Lenane, M. C., Goldberger, E. L., &amp; Cheslow, D. L. (1989). A double-blind comparison of clomipramine and desipramine in the treatment of trichotillomania (hair pulling). New England Journal of Medicine, 321(8), 497–501. CrossrefPubMed</bibliomixed>
      <bibliomixed id="ch0011s0008bib64">Taylor, S. (1995). Assessment of obsessions and compulsions: Reliability, validity, and sensitivity to treatment effects. Clinical Psychology Review, 15(4), 261–296.</bibliomixed>
      <bibliomixed id="ch0011s0008bib65">Tolin, D. F., Frost, R. O., &amp; Steketee, G. (2010). A brief interview for assessing compulsive hoarding: The Hoarding Rating Scale-Interview. Psychiatry Research, 178(1), 147–152.PubMedPubMedCentral</bibliomixed>
      <bibliomixed id="ch0011s0008bib66">Tolin, D. F., Gilliam, C., Wootton, B. M., Bowe, W., Bragdon, L. B., Davis, E., Hannan, S. E., Steinman, S. A., Worden, B., &amp; Hallion, L. S. (2018). Psychometric properties of a structured diagnostic interview for DSM-5 anxiety, mood, and obsessive-compulsive and related disorders. Assessment, 25(1), 3–13. CrossrefPubMed</bibliomixed>
      <bibliomixed id="ch0011s0008bib67">Tolin, D. F., Sain, K. S., Davis, E., Gilliam, C., Hannan, S. E., Springer, K. S., Stubbing, J., George, J. R., Jean, A., Goldblum, R., Katz, B. W., Everhardt, K., Darrow, S., Ohr, E. E., Young, M. E., &amp; Serchuk, M. D. (2023). The DIAMOND-KID: Psychometric properties of a structured diagnostic interview for DSM-5 anxiety, mood, and obsessive-compulsive and related disorders in children and adolescents. Assessment, 30(8), 2351–2363. CrossrefPubMed</bibliomixed>
      <bibliomixed id="ch0011s0008bib68">Veale, D., Eshkevari, E., Kanakam, N., Ellison, N., Costa, A., &amp; Werner, T. (2014). The appearance anxiety inventory: Validation of a process measure in the treatment of body dysmorphic disorder. Behavioural and Cognitive Psychotherapy, 42(5), 605–616. CrossrefPubMed</bibliomixed>
      <bibliomixed id="ch0011s0008bib69">Vellozo, A. P., Fontenelle, L. F., Torresan, R. C., Shavitt, R. G., Ferrão, Y. A., Rosário, M. C., Miguel, E. C., &amp; Torres, A. R. (2021). Symmetry dimension in obsessive-compulsive disorder: Prevalence, severity and clinical correlates. Journal of Clinical Medicine, 10(2), 274. CrossrefPubMedPubMedCentral</bibliomixed>
      <bibliomixed id="ch0011s0008bib70">Wadsworth, L. P., Potluri, S., Schreck, M., &amp; Hernandez-Vallant, A. (2020). Measurement and impacts of intersectionality on obsessive-compulsive disorder symptoms across intensive treatment. American Journal of Orthopsychiatry, 90, 445–457. CrossrefPubMed</bibliomixed>
      <bibliomixed id="ch0011s0008bib71">Walther, M. R., Flessner, C. A., Conelea, C. A., &amp; Woods, D. W. (2009). The Milwaukee Inventory for the Dimensions of Adult Skin Picking (MIDAS): Initial development and psychometric properties. Journal of Behavior Therapy and Experimental Psychiatry, 40(1), 127–135.PubMed</bibliomixed>
      <bibliomixed id="ch0011s0008bib72">Wetterneck, C. T., Little, T. E., Rinehart, K. L., Cervantes, M. E., Hyde, E., &amp; Williams, M. (2012). Latinos with obsessive-compulsive disorder: Mental healthcare utilization and inclusion in clinical trials. Journal of Obsessive-Compulsive and Related Disorders, 1(2), 85–97. CrossrefPubMedPubMedCentral</bibliomixed>
      <bibliomixed id="ch0011s0008bib73">Williams, M. T., Rouleau, T. M., La Torre, J. T., &amp; Sharif, N. (2020). Cultural competency in the treatment of obsessive-compulsive disorder: Practitioner guidelines. The Cognitive Behaviour Therapist, 13, 48.</bibliomixed>
   </bibliography>
</sect1>