<?xml version="1.0" encoding="UTF-8"?>
<sect1 id="ch0008s0001" role="Heading">
   <sect1info>
      <risinfo>
         <risprev>sect1.9781071643624.ch0008s0010</risprev>
         <riscurrent>sect1.9781071643624.ch0008s0001</riscurrent>
         <risnext>sect1.9781071643624.ch0008s0002</risnext>
         <booktitle>Diagnostic Interviewing</booktitle>
         <isbn>9781071643624</isbn>
         <chapternumber>8</chapternumber>
         <chapterid>ch0008</chapterid>
         <chaptertitle>6. Depressive Disorders</chaptertitle>
         <authorgroup>
            <author>
               <personname>
                  <firstname>Daniel L.</firstname>
                  <surname>Segal</surname>
               </personname>
            </author>
         </authorgroup>
         <publisher>
            <publishername>Springer US</publishername>
         </publisher>
         <pubdate>2025</pubdate>
      </risinfo>
      <primaryauthor>
         <personname>
            <firstname>Daniel L.</firstname>
            <surname>Segal</surname>
         </personname>
      </primaryauthor>
   </sect1info>
   <title>Depressive Disorders</title>
   <para role="Para">
      Depressive disorders<indexterm significance="normal">
         <primary>Depressive disorders</primary>
      </indexterm> are among the most prevalent and burdensome mental health disorders, impacting an estimated 5% of the global population (World Health Organization (WHO), <emphasis role="CitationRef">
         <phrase>2023</phrase>
      </emphasis>). At the individual level, depressive disorders are a source of emotional distress and represent the leading cause of disability by accounting for 6.2% of all years lived with a disability (WHO, <emphasis role="CitationRef">
         <phrase>2020</phrase>
      </emphasis>). Depressive disorders are also associated with higher suicide risk (Chesney et al., <emphasis role="CitationRef">
         <phrase>2014</phrase>
      </emphasis>) and lower quality of life (Rapaport et al., <emphasis role="CitationRef">
         <phrase>2005</phrase>
      </emphasis>). In the broader context, depressive disorders create significant emotional distress and economic burden for families, interpersonal relationships, and society at large. This impact spans across all ages, geographical, racial, ethnic, and socioeconomic groups, and alarmingly, the lifetime and current rate of depressive disorders has increased over the past several years (Santomauro et al., <emphasis role="CitationRef">
         <phrase>2021</phrase>
      </emphasis>). Given the costs and risks associated with depressive disorders, it is crucial that mental health providers have a comprehensive understanding of diagnostic criteria, evidence-based assessment methods, and cultural considerations for managing depressive disorders.</para>
</sect1>