<?xml version="1.0" encoding="UTF-8"?>
<sect1 id="ch0009s0008" role="Heading">
   <sect1info>
      <risinfo>
         <risprev>sect1.9781071643624.ch0009s0007</risprev>
         <riscurrent>sect1.9781071643624.ch0009s0008</riscurrent>
         <risnext>sect1.9781071643624.</risnext>
         <booktitle>Diagnostic Interviewing</booktitle>
         <isbn>9781071643624</isbn>
         <chapternumber>9</chapternumber>
         <chapterid>ch0009</chapterid>
         <chaptertitle>7. Bipolar Disorders</chaptertitle>
         <authorgroup>
            <author>
               <personname>
                  <firstname>Daniel L.</firstname>
                  <surname>Segal</surname>
               </personname>
            </author>
         </authorgroup>
         <publisher>
            <publishername>Springer US</publishername>
         </publisher>
         <pubdate>2025</pubdate>
      </risinfo>
      <primaryauthor>
         <personname>
            <firstname>Daniel L.</firstname>
            <surname>Segal</surname>
         </personname>
      </primaryauthor>
   </sect1info>
   <title>Summary</title>
   <para role="Para">Bipolar disorders are impairing and chronic conditions that require accurate diagnosis to ensure appropriate treatment and management. The assessor has the option of utilizing semi-structured interviews, structured assessments, or screening measures to aid in determining a bipolar diagnosis, and each method has unique pros and cons to consider depending on the patient, available resources, timing, and context. The input of key informants can also be crucial in arriving at an accurate diagnostic decision. Among the many considerations the assessor should keep in mind, it is always important to adequately explain the assessment procedure to the patient, allow opportunities for questions, and remain cognizant of cultural and contextual factors that may influence a patient’s presentation and diagnosis. A successful assessment procedure can both direct a patient to the appropriate avenues for treatment and serve as a positive introduction to the mental health care delivery system. Completing the diagnostic process in an informed, thoughtful, and thorough fashion is necessary to ensure the best level of care for patients with bipolar disorders.</para>
   <sidebar id="ch0009s0008ad01">
      <para/>
   </sidebar>
   <bibliography id="ch0009s0008bib0104">
      <bibliomixed id="ch0009s0008bib01">Akinhanmi, M., Biernacka, J., Strakowski, S., McElroy, S., Balls Berry, J., Merikangas, K., et al. (2018). Racial disparities in bipolar disorder treatment and research: A call to action. Bipolar Disorders, 20(6), 506–514.PubMedPubMedCentral</bibliomixed>
      <bibliomixed id="ch0009s0008bib02">Akinhanmi, M., El-Amin, S., Balls-Berry, J. E., Vallender, E. J., Ladner, M., Geske, J., et al. (2020). Decreased core symptoms of mania and utilization of lithium/mood stabilizing anticonvulsants in US bipolar I patients of African vs European ancestry. Journal of Affective Disorders, 260, 361–365.PubMed</bibliomixed>
      <bibliomixed id="ch0009s0008bib03">Akiskal, H. S., &amp; Benazzi, F. (2005). Optimizing the detection of bipolar II disorder in outpatient private practice: Toward a systematization of clinical diagnostic wisdom. Journal of Clinical Psychiatry, 66(7), 914–921.PubMed</bibliomixed>
      <bibliomixed id="ch0009s0008bib04">Akiskal, H. S., Walker, P., Puzantian, V. R., King, D., Rosenthal, T. L., &amp; Dranon, M. (1983). Bipolar outcome in the course of depressive illness. Phenomenologic, familial, and pharmacologic predictors. Journal of Affective Disorders, 5(2), 115–128.PubMed</bibliomixed>
      <bibliomixed id="ch0009s0008bib05">Aldinger, F., &amp; Schulze, T. G. (2017). Environmental factors, life events, and trauma in the course of bipolar disorder. Psychiatry and Clinical Neurosciences, 71(1), 6–17. CrossrefPubMed</bibliomixed>
      <bibliomixed id="ch0009s0008bib06">Alvarez-Cadenas, L., Garcia-Vazquez, P., Ezquerra, B., Stiles, B. J., Lahera, G., Andrade-Gonzalez, N., &amp; Vieta, E. (2023). Detection of bipolar disorder in the prodromal phase: A systematic review of assessment instruments. Journal of Affective Disorders, 325, 399–412.PubMed</bibliomixed>
      <bibliomixed id="ch0009s0008bib07">Diagnostic and statistical manual of mental disordershttps://​doi.​org/​10.​1176/​appi.​books.​9780890425596 Crossref</bibliomixed>
      <bibliomixed id="ch0009s0008bib08">Diagnostic and statistical manual of mental disordershttps://​doi.​org/​10.​1176/​appi.​books.​9780890425787 Crossref</bibliomixed>
      <bibliomixed id="ch0009s0008bib09">Angst, J., Adolfsson, R., Benazzi, F., Gamma, A., Hantouche, E., Meyer, T. D., et al. (2005). The HCL-32: Towards a self-assessment tool for hypomanic symptoms in outpatients. Journal of Affective Disorders, 88(2), 217–233. CrossrefPubMed</bibliomixed>
      <bibliomixed id="ch0009s0008bib10">Baldessarini, R. J., Pompili, M., &amp; Tondo, L. (2006). Suicide in bipolar disorder: Risks and management. CNS Spectrums, 11(6), 465–471.PubMed</bibliomixed>
      <bibliomixed id="ch0009s0008bib11">Bauer, M. S., Kirk, G. F., Gavin, C., &amp; Williford, W. O. (2001). Determinants of functional outcome and healthcare costs in bipolar disorder: A high-intensity follow-up study. Journal of Affective Disorders, 65(3), 231–241.PubMed</bibliomixed>
      <bibliomixed id="ch0009s0008bib12">Bauer, M. S., Altshuler, L., Evans, D. R., Beresford, T., Williford, W. O., Hauger, R., &amp; Team, V. A. C. S. (2005). Prevalence and distinct correlates of anxiety, substance, and combined comorbidity in a multi-site public sector sample with bipolar disorder. Journal of Affective Disorders, 85(3), 301–315. CrossrefPubMed</bibliomixed>
      <bibliomixed id="ch0009s0008bib13">Brewerton, T. D. (1994). Hyperreligiosity in psychotic disorders. Journal of Nervous and Mental Disorders, 182(5), 302–304.</bibliomixed>
      <bibliomixed id="ch0009s0008bib14">Brodey, B. B., First, M., Linthicum, J., Haman, K., Sasiela, J. W., &amp; Ayer, D. (2016). Validation of the NetSCID: An automated web-based adaptive version of the SCID. Comprehensive Psychiatry, 66, 67–70. CrossrefPubMed</bibliomixed>
      <bibliomixed id="ch0009s0008bib15">Chan, J. K. N., Tong, C. H. Y., Wong, C. S. M., Chen, E. Y. H., &amp; Chang, W. C. (2022). Life expectancy and years of potential life lost in bipolar disorder: Systematic review and meta-analysis. The British Journal of Psychiatry, 221(3), 567–576.PubMed</bibliomixed>
      <bibliomixed id="ch0009s0008bib16">Chen, D., Jiang, X., Akula, N., Shugart, Y. Y., Wendland, J. R., Steele, C., et al. (2013). Genome-wide association study meta-analysis of European and Asian-ancestry samples identifies three novel loci associated with bipolar disorder. Molecular Psychiatry, 18(2), 195–205.PubMed</bibliomixed>
      <bibliomixed id="ch0009s0008bib17">Clemente, A. S., Diniz, B. S., Nicolato, R., Kapczinski, F. P., Soares, J. C., Firmo, J. O., &amp; Castro-Costa, É. (2015). Bipolar disorder prevalence: A systematic review and meta-analysis of the literature. Brazilian Journal of Psychiatry, 37, 155–161.PubMed</bibliomixed>
      <bibliomixed id="ch0009s0008bib18">Dagani, J., Signorini, G., Nielssen, O., Bani, M., Pastore, A., Girolamo, G. D., &amp; Large, M. (2017). Meta-analysis of the interval between the onset and management of bipolar disorder. The Canadian Journal of Psychiatry, 62(4), 247–258.PubMed</bibliomixed>
      <bibliomixed id="ch0009s0008bib19">De Fazio, P., Gaetano, R., Caroleo, M., Cerminara, G., Giannini, F., Jaen Moreno, M. J., et al. (2015). Religiousness and spirituality in patients with bipolar disorder. International Journal of Psychiatry in Clinical Practice, 19(4), 233–237. CrossrefPubMed</bibliomixed>
      <bibliomixed id="ch0009s0008bib20">Depue, R. A., Slater, J. F., Wolfstetter-Kausch, H., Klein, D., Goplerud, E., &amp; Farr, D. (1981). A behavioral paradigm for identifying persons at risk for bipolar depressive disorder: A conceptual framework and five validation studies. Journal of Abnormal Psychology, 90(5), 381.PubMed</bibliomixed>
      <bibliomixed id="ch0009s0008bib21">Diflorio, A., &amp; Jones, I. (2010). Is sex important? Gender differences in bipolar disorder. International Review of Psychiatry, 22(5), 437–452.PubMed</bibliomixed>
      <bibliomixed id="ch0009s0008bib22">Dome, P., Rihmer, Z., &amp; Gonda, X. (2019). Suicide risk in bipolar disorder: a brief review. Medicina, 55(8), 403.PubMedPubMedCentral</bibliomixed>
      <bibliomixed id="ch0009s0008bib23">Dong, M., Lu, L., Zhang, L., Zhang, Q., Ungvari, G. S., Ng, C. H., et al. (2020). Prevalence of suicide attempts in bipolar disorder: A systematic review and meta-analysis of observational studies. Epidemiology and Psychiatric Sciences, 29, e63.</bibliomixed>
      <bibliomixed id="ch0009s0008bib24">Drancourt, N., Etain, B., Lajnef, M., Henry, C., Raust, A., Cochet, B., et al. (2013). Duration of untreated bipolar disorder: Missed opportunities on the long road to optimal treatment. Acta Psychiatrica Scandinavica, 127(2), 136–144.PubMed</bibliomixed>
      <bibliomixed id="ch0009s0008bib25">Dunner, D. L., &amp; Tay, L. K. (1993). Diagnostic reliability of the history of hypomania in bipolar II patients and patients with major depression. Comprehensive Psychiatry, 34(5), 303–307.PubMed</bibliomixed>
      <bibliomixed id="ch0009s0008bib26">Endicott, J., &amp; Spitzer, R. L. (1978). A diagnostic interview: The schedule for affective disorders and schizophrenia. Archives of General Psychiatry, 35(7), 837–844.PubMed</bibliomixed>
      <bibliomixed id="ch0009s0008bib27">Faedda, G. L., Baldessarini, R. J., Marangoni, C., Bechdolf, A., Berk, M., Birmaher, B., et al. (2019). An International Society of Bipolar Disorders task force report: Precursors and prodromes of bipolar disorder. Bipolar Disorders, 21(8), 720–740.PubMed</bibliomixed>
      <bibliomixed id="ch0009s0008bib28">Fico, G., de Toffol, M., Anmella, G., Sagué-Vilavella, M., Dellink, A., Verdolini, N., et al. (2021). Clinical correlates of seasonality in bipolar disorder: A specifier that needs specification? Acta Psychiatrica Scandinavica, 143(2), 162–171.PubMed</bibliomixed>
      <bibliomixed id="ch0009s0008bib29">First, M. B., &amp; Gibbon, M. (2004). The structured clinical interview for DSM-IV Axis I disorders (SCID-I) and the structured clinical interview for DSM-IV Axis II disorders (SCID-II). In M. J. Hilsenroth &amp; D. L. Segal (Eds.), Comprehensive handbook of psychological assessment, Vol. 2: Personality assessment (pp. 134–143). Wiley.</bibliomixed>
      <bibliomixed id="ch0009s0008bib30">First, M., Williams, J., Karg, R., &amp; Spitzer, R. (2015a). Structured clinical interview for DSM-5—Research version (SCID-5 for DSM-5, research version; SCID-5-RV). American Psychiatric Association.</bibliomixed>
      <bibliomixed id="ch0009s0008bib31">First, M., Williams, J., Karg, R., &amp; Spitzer, R. (2015b). Structured clinical interview for DSM-5 disorders, clinician version (SCID-5-CV). American Psychiatric Association.</bibliomixed>
      <bibliomixed id="ch0009s0008bib32">Fritz, K., Russell, A. M., Allwang, C., Kuiper, S., Lampe, L., &amp; Malhi, G. S. (2017). Is a delay in the diagnosis of bipolar disorder inevitable? Bipolar Disorders, 19(5), 396–400.PubMed</bibliomixed>
      <bibliomixed id="ch0009s0008bib33">Ghaemi, S. N., Ko, J. Y., Goodwin, F., &amp; e. i. K. (2002). “Cade&#x27;s disease” and beyond: Misdiagnosis, antidepressant use, and a proposed definition for bipolar spectrum disorder. The Canadian Journal of Psychiatry, 47(2), 125–134.PubMed</bibliomixed>
      <bibliomixed id="ch0009s0008bib34">Ghaemi, S. N., Miller, C. J., Berv, D. A., Klugman, J., Rosenquist, K. J., &amp; Pies, R. W. (2005). Sensitivity and specificity of a new bipolar spectrum diagnostic scale. Journal of Affective Disorders, 84(2), 273–277.</bibliomixed>
      <bibliomixed id="ch0009s0008bib35">Gold, A. K., &amp; Sylvia, L. G. (2016). The role of sleep in bipolar disorder. Nature and Science of Sleep, 8, 207–214. CrossrefPubMedPubMedCentral</bibliomixed>
      <bibliomixed id="ch0009s0008bib36">Gore, F. M., Bloem, P. J., Patton, G. C., Ferguson, J., Joseph, V., Coffey, C., et al. (2011). Global burden of disease in young people aged 10–24 years: A systematic analysis. The Lancet, 377(9783), 2093–2102.</bibliomixed>
      <bibliomixed id="ch0009s0008bib37">Hergueta, T., Baker, R., &amp; Dunbar, G. C. (1998). The MINI-international neuropsychiatric interview (MINI): The development and validation of a structured diagnostic psychiatric interview for DSM-IVand ICD-10. Journal of Clinical Psychiatry, 59(Suppl 20), 2233.</bibliomixed>
      <bibliomixed id="ch0009s0008bib38">Hirschfeld, R. M., Williams, J. B., Spitzer, R. L., Calabrese, J. R., Flynn, L., Keck, P. E., Jr., et al. (2000). Development and validation of a screening instrument for bipolar spectrum disorder: The mood disorder questionnaire. American Journal of Psychiatry, 157(11), 1873–1875. CrossrefPubMed</bibliomixed>
      <bibliomixed id="ch0009s0008bib39">Hirschfeld, R. M., Holzer, C., Calabrese, J. R., Weissman, M., Reed, M., Davies, M., et al. (2003). Validity of the mood disorder questionnaire: A general population study. American Journal of Psychiatry, 160(1), 178–180. CrossrefPubMed</bibliomixed>
      <bibliomixed id="ch0009s0008bib40">Hu, F.-H., Jia, Y.-J., Zhao, D.-Y., Fu, X.-L., Zhang, W.-Q., Tang, W., et al. (2023). Gender differences in suicide among patients with bipolar disorder: A systematic review and meta-analysis. Journal of Affective Disorders, 339, 601–614.PubMed</bibliomixed>
      <bibliomixed id="ch0009s0008bib41">Hwang, S. H., Childers, M. E., Wang, P. W., Nam, J. Y., Keller, K. L., Hill, S. J., &amp; Ketter, T. A. (2010). Higher prevalence of bipolar I disorder among Asian and Latino compared to Caucasian patients receiving treatment. Asia-Pacific Psychiatry, 2(3), 156–165.</bibliomixed>
      <bibliomixed id="ch0009s0008bib42">Jackson, D. C., McLawhorn, D. E., Slutzky, A. R., Glatt, S. J., &amp; Daly, R. W. (2022). Bipolar disorder, religion, and spirituality: A scoping review. Journal of Religion and Health, 61(5), 3589–3614.PubMed</bibliomixed>
      <bibliomixed id="ch0009s0008bib43">Jain, A., &amp; Mitra, P. (2024). Bipolar disorder. In StatPearls. StatPearls.</bibliomixed>
      <bibliomixed id="ch0009s0008bib44">Jamison, K. R. (2000). Suicide and bipolar disorder. Journal of Clinical Psychiatry, 61(Suppl 9), 47–51.PubMed</bibliomixed>
      <bibliomixed id="ch0009s0008bib45">Kennedy, N., Boydell, J., van Os, J., &amp; Murray, R. M. (2004). Ethnic differences in first clinical presentation of bipolar disorder: Results from an epidemiological study. Journal of Affective Disorders, 83(2–3), 161–168. CrossrefPubMed</bibliomixed>
      <bibliomixed id="ch0009s0008bib46">Kessing, L. V., Willer, I., Andersen, P. K., &amp; Bukh, J. D. (2017). Rate and predictors of conversion from unipolar to bipolar disorder: A systematic review and meta-analysis. Bipolar Disorders, 19(5), 324–335.PubMed</bibliomixed>
      <bibliomixed id="ch0009s0008bib47">Kessler, R. C., &amp; Ustun, T. B. (2004). The world mental health (WMH) survey initiative version of the World Health Organization (WHO) composite international diagnostic interview (CIDI). International Journal of Methods in Psychiatric Research, 13(2), 93–121.PubMed</bibliomixed>
      <bibliomixed id="ch0009s0008bib48">Kessler, R. C., Akiskal, H. S., Angst, J., Guyer, M., Hirschfeld, R. M., Merikangas, K. R., &amp; Stang, P. E. (2006). Validity of the assessment of bipolar spectrum disorders in the WHO CIDI 3.0. Journal of Affective Disorders, 96(3), 259–269. CrossrefPubMedPubMedCentral</bibliomixed>
      <bibliomixed id="ch0009s0008bib49">Kessler, R. C., Calabrese, J. R., Farley, P. A., Gruber, M. J., Jewell, M. A., Katon, W., et al. (2013). Composite International diagnostic interview screening scales for DSM-IV anxiety and mood disorders. Psychological Medicine, 43(8), 1625–1637. CrossrefPubMed</bibliomixed>
      <bibliomixed id="ch0009s0008bib50">Kilbourne, A. M., Bauer, M. S., Pincus, H., Williford, W. O., Kirk, G. F., Beresford, T., &amp; Veterans Administration Cooperative Study, T. (2005). Clinical, psychosocial, and treatment differences in minority patients with bipolar disorder. Bipolar Disorders, 7(1), 89–97. CrossrefPubMed</bibliomixed>
      <bibliomixed id="ch0009s0008bib51">Lecrubier, Y., Sheehan, D. V., Weiller, E., Amorim, P., Bonora, I., Sheehan, K. H., et al. (1997). The MINI international neuropsychiatric interview (MINI). A short diagnostic structured interview: Reliability and validity according to the CIDI. European Psychiatry, 12(5), 224–231.</bibliomixed>
      <bibliomixed id="ch0009s0008bib52">Li, K., Richards, E., &amp; Goes, F. S. (2023). Racial differences in the major clinical symptom domains of bipolar disorder. International Journal of Bipolar Disorders, 11(1), 17.PubMedPubMedCentral</bibliomixed>
      <bibliomixed id="ch0009s0008bib53">Lin, K.-M., &amp; Cheung, F. (1999). Mental health issues for Asian Americans. Psychiatric Services, 50(6), 774–780.PubMed</bibliomixed>
      <bibliomixed id="ch0009s0008bib54">McGrath, J. J., Al-Hamzawi, A., Alonso, J., Altwaijri, Y., Andrade, L. H., Bromet, E. J., et al. (2023). Age of onset and cumulative risk of mental disorders: A cross-national analysis of population surveys from 29 countries. Lancet Psychiatry, 10(9), 668–681. CrossrefPubMedPubMedCentral</bibliomixed>
      <bibliomixed id="ch0009s0008bib55">McIntyre, R. S., Berk, M., Brietzke, E., Goldstein, B. I., López-Jaramillo, C., Kessing, L. V., et al. (2020). Bipolar disorders. The Lancet, 396(10265), 1841–1856.</bibliomixed>
      <bibliomixed id="ch0009s0008bib56">Merikangas, K. R., Jin, R., He, J. P., Kessler, R. C., Lee, S., Sampson, N. A., et al. (2011). Prevalence and correlates of bipolar spectrum disorder in the world mental health survey initiative. Archives of General Psychiatry, 68(3), 241–251. CrossrefPubMedPubMedCentral</bibliomixed>
      <bibliomixed id="ch0009s0008bib57">Meyer, T. D., Schrader, J., Ridley, M., &amp; Lex, C. (2014). The hypomania checklist (HCL)—systematic review of its properties to screen for bipolar disorders. Comprehensive Psychiatry, 55(5), 1310–1321. CrossrefPubMed</bibliomixed>
      <bibliomixed id="ch0009s0008bib58">Meyer, T., Castelao, E., Gholamrezaee, M., Angst, J., &amp; Preisig, M. (2017). Hypomania Checklist-32–cross-validation of shorter versions screening for bipolar disorders in an epidemiological study. Acta Psychiatrica Scandinavica, 135(6), 539–547.PubMed</bibliomixed>
      <bibliomixed id="ch0009s0008bib59">Michalak, E. E., Yatham, L. N., Kolesar, S., &amp; Lam, R. W. (2006). Bipolar disorder and quality of life: A patient-centered perspective. Quality of Life Research, 15(1), 25–37. CrossrefPubMed</bibliomixed>
      <bibliomixed id="ch0009s0008bib60">Miller, J. N., &amp; Black, D. W. (2020). Bipolar disorder and suicide: A review. Current Psychiatry Reports, 22, 1–10.</bibliomixed>
      <bibliomixed id="ch0009s0008bib61">Miller, C. J., Klugman, J., Berv, D. A., Rosenquist, K. J., &amp; Ghaemi, S. N. (2004). Sensitivity and specificity of the mood disorder questionnaire for detecting bipolar disorder. Journal of Affective Disorders, 81(2), 167–171. CrossrefPubMed</bibliomixed>
      <bibliomixed id="ch0009s0008bib62">Miller, C. J., Johnson, S. L., &amp; Eisner, L. (2009). Assessment tools for adult bipolar disorder. Clinical Psychology: Science and Practice, 16(2), 188–201.PubMed</bibliomixed>
      <bibliomixed id="ch0009s0008bib63">Miola, A., Fountoulakis, K. N., Baldessarini, R. J., Veldic, M., Solmi, M., Rasgon, N., et al. (2023). Prevalence and outcomes of rapid cycling bipolar disorder: Mixed method systematic meta-review. Journal of Psychiatric Research, 164, 404.PubMed</bibliomixed>
      <bibliomixed id="ch0009s0008bib64">Mitchell, A. J. (2012). Clinical utility of screening for clinical depression and bipolar disorder. Current Opinion in Psychiatry, 25(1), 24–31. CrossrefPubMed</bibliomixed>
      <bibliomixed id="ch0009s0008bib65">Moreno, C., Laje, G., Blanco, C., Jiang, H., Schmidt, A. B., &amp; Olfson, M. (2007). National trends in the outpatient diagnosis and treatment of bipolar disorder in youth. Archives of General Psychiatry, 64(9), 1032–1039.PubMed</bibliomixed>
      <bibliomixed id="ch0009s0008bib66">Mundy, J., Hübel, C., Adey, B. N., Davies, H. L., Davies, M. R., Coleman, J. R., et al. (2023). Genetic examination of the mood disorder questionnaire and its relationship with bipolar disorder. American Journal of Medical Genetics Part B: Neuropsychiatric Genetics, 192(7–8), 147–160.</bibliomixed>
      <bibliomixed id="ch0009s0008bib67">Munk-Olsen, T., Laursen, T. M., Pedersen, C. B., Mors, O., &amp; Mortensen, P. B. (2006). New parents and mental disorders: A population-based register study. Journal of the American Medical Association, 296(21), 2582–2589. CrossrefPubMed</bibliomixed>
      <bibliomixed id="ch0009s0008bib68">Neighbors, H. W., Trierweiler, S. J., Ford, B. C., &amp; Muroff, J. R. (2003). Racial differences in DSM diagnosis using a semi-structured instrument: The importance of clinical judgment in the diagnosis of African Americans. Journal of Health and Social Behavior, 44(3), 237–256.PubMed</bibliomixed>
      <bibliomixed id="ch0009s0008bib69">Osório, F. L., Loureiro, S. R., Hallak, J. E. C., Machado-de-Sousa, J. P., Ushirohira, J. M., Baes, C. V., et al. (2019). Clinical validity and intrarater and test–retest reliability of the structured clinical interview for DSM-5–clinician version (SCID-5-CV). Psychiatry and Clinical Neurosciences, 73(12), 754–760.PubMed</bibliomixed>
      <bibliomixed id="ch0009s0008bib70">Perry, A., Gordon-Smith, K., Di Florio, A., Craddock, N., Jones, L., &amp; Jones, I. (2021). Mood episodes in pregnancy and risk of postpartum recurrence in bipolar disorder: The bipolar disorder research network pregnancy study. Journal of Affective Disorders, 294, 714–722.PubMed</bibliomixed>
      <bibliomixed id="ch0009s0008bib71">Perugi, G., Passino, M. C. S., Toni, C., Maremmani, I., &amp; Angst, J. (2007). Is unipolar mania a distinct subtype? Comprehensive Psychiatry, 48(3), 213–217.PubMed</bibliomixed>
      <bibliomixed id="ch0009s0008bib72">Phelps, J. R., &amp; Ghaemi, S. N. (2006). Improving the diagnosis of bipolar disorder: Predictive value of screening tests. Journal of Affective Disorders, 92(2–3), 141–148. CrossrefPubMed</bibliomixed>
      <bibliomixed id="ch0009s0008bib73">Plans, L., Barrot, C., Nieto, E., Rios, J., Schulze, T., Papiol, S., et al. (2019). Association between completed suicide and bipolar disorder: A systematic review of the literature. Journal of Affective Disorders, 242, 111–122.PubMed</bibliomixed>
      <bibliomixed id="ch0009s0008bib74">Pompili, M., Rihmer, Z., Innamorati, M., Lester, D., Girardi, P., &amp; Tatarelli, R. (2009). Assessment and treatment of suicide risk in bipolar disorders. Expert Review of Neurotherapeutics, 9(1), 109–136.PubMed</bibliomixed>
      <bibliomixed id="ch0009s0008bib75">Rodrigues, G. S., Pellini, G. L., Rocha, R., Lima, A. F., de Almeida Fleck, M. P., Panzenhagen, A. C., et al. (2024). Diagnosis of bipolar and major depressive disorders: The appropriateness of MINI compared to the clinical interview in a sample of patients with mood disorders in tertiary mental health care. Journal of Psychiatric Research, 169, 341–346.PubMed</bibliomixed>
      <bibliomixed id="ch0009s0008bib76">Rogers, R., Jackson, R. L., &amp; Cashel, M. (2004). The schedule for affective disorders and schizophrenia (SADS). In M. Hilsenroth &amp; D. L. Segal (Eds.), Comprehensive Handbook of Psychological Assessment (Vol. 2, pp. 144–152).</bibliomixed>
      <bibliomixed id="ch0009s0008bib77">Rowland, T. A., &amp; Marwaha, S. (2018). Epidemiology and risk factors for bipolar disorder. Therapeutic Advances in Psychopharmacology, 8(9), 251–269.PubMedPubMedCentral</bibliomixed>
      <bibliomixed id="ch0009s0008bib78">Rybakowski, J. (2021). Etiopathogenesis of bipolar affective disorder-the state of the art for 2021. Psychiatria Polska, 55(3), 481–496.PubMed</bibliomixed>
      <bibliomixed id="ch0009s0008bib79">Sanchez-Moreno, J., Martinez-Aran, A., Tabares-Seisdedos, R., Torrent, C., Vieta, E., &amp; Ayuso-Mateos, J. L. (2009). Functioning and disability in bipolar disorder: An extensive review. Psychotherapy and Psychosomatics, 78(5), 285–297. CrossrefPubMed</bibliomixed>
      <bibliomixed id="ch0009s0008bib80">Schaffer, A., Isometsä, E. T., Tondo, L., Moreno, H., Turecki, G., Reis, C., et al. (2015). International Society for Bipolar Disorders Task Force on suicide: Meta-analyses and meta-regression of correlates of suicide attempts and suicide deaths in bipolar disorder. Bipolar Disorders, 17(1), 1–16.PubMed</bibliomixed>
      <bibliomixed id="ch0009s0008bib81">Sentissi, O., Popovic, D., Moeglin, C., Stukalin, Y. B., Mosheva, M., Vieta, E., et al. (2019). Predominant polarity in bipolar disorder patients: The COPE bipolar sample. Journal of Affective Disorders, 250, 43–50.PubMed</bibliomixed>
      <bibliomixed id="ch0009s0008bib82">Shabani, A., Masoumian, S., Zamirinejad, S., Hejri, M., Pirmorad, T., &amp; Yaghmaeezadeh, H. (2021). Psychometric properties of structured clinical interview for DSM-5 disorders-clinician version (SCID-5-CV). Brain and Behavior: A Cognitive Neuroscience Perspective, 11(5), e01894.</bibliomixed>
      <bibliomixed id="ch0009s0008bib83">Sharma, V., Doobay, M., &amp; Baczynski, C. (2017). Bipolar postpartum depression: An update and recommendations. Journal of Affective Disorders, 219, 105–111. CrossrefPubMed</bibliomixed>
      <bibliomixed id="ch0009s0008bib84">Sheehan, D., Lecrubier, Y., Sheehan, K. H., Janavs, J., Weiller, E., Keskiner, A., et al. (1997). The validity of the MINI international neuropsychiatric interview (MINI) according to the SCID-P and its reliability. European Psychiatry, 12(5), 232–241.</bibliomixed>
      <bibliomixed id="ch0009s0008bib85">Sherazi, R., McKeon, P., McDonough, M., Daly, I., &amp; Kennedy, N. (2006). What’s new? The clinical epidemiology of bipolar I disorder. Harvard Review of Psychiatry, 14(6), 273–284. CrossrefPubMed</bibliomixed>
      <bibliomixed id="ch0009s0008bib86">Simpson, S. G., McMahon, F. J., McInnis, M. G., MacKinnon, D. F., Edwin, D., Folstein, S. E., &amp; DePaulo, J. R. (2002). Diagnostic reliability of bipolar II disorder. Archives of General Psychiatry, 59(8), 736–740.PubMed</bibliomixed>
      <bibliomixed id="ch0009s0008bib87">Spitzer, R. L., Endicott, J., &amp; Robins, E. (1978). Research diagnostic criteria: Rationale and reliability. Archives of General Psychiatry, 35(6), 773–782.PubMed</bibliomixed>
      <bibliomixed id="ch0009s0008bib88">Spitzer, R. L., Williams, J. B., Gibbon, M., &amp; First, M. B. (1992). The structured clinical interview for DSM-III-R (SCID). I: History, rationale, and description. Archives of General Psychiatry, 49(8), 624–629.PubMed</bibliomixed>
      <bibliomixed id="ch0009s0008bib89">Tondo, L., Pompili, M., Forte, A., &amp; Baldessarini, R. J. (2016). Suicide attempts in bipolar disorders: Comprehensive review of 101 reports. Acta Psychiatrica Scandinavica, 133(3), 174–186.PubMed</bibliomixed>
      <bibliomixed id="ch0009s0008bib90">Tondo, L., Vázquez, G. H., &amp; Baldessarini, R. J. (2021). Prevention of suicidal behavior in bipolar disorder. Bipolar Disorders, 23(1), 14–23.PubMed</bibliomixed>
      <bibliomixed id="ch0009s0008bib91">US Department of Veterans Affairs, US Department of Defense. (2023). VA/DoD clinical practice guideline for Management of Bipolar Disorder Version 2.0. Management of Bipolar Disorders Work Group.</bibliomixed>
      <bibliomixed id="ch0009s0008bib92">Vöhringer, P. A., &amp; Perlis, R. H. (2016). Discriminating between bipolar disorder and major depressive disorder. Psychiatric Clinics, 39(1), 1–10.PubMed</bibliomixed>
      <bibliomixed id="ch0009s0008bib93">Wang, Y.-Y., Xu, D.-D., Liu, R., Yang, Y., Grover, S., Ungvari, G. S., et al. (2019). Comparison of the screening ability between the 32-item hypomania checklist (HCL-32) and the mood disorder questionnaire (MDQ) for bipolar disorder: A meta-analysis and systematic review. Psychiatry Research, 273, 461–466.PubMed</bibliomixed>
      <bibliomixed id="ch0009s0008bib94">Wang, Y.-Y., Feng, Y., Fang, M., Guo, C., Ungvari, G. S., Hall, B. J., et al. (2021). Comparing screening abilities of the 33-item hypomania checklist (HCL-33) and the 33-item hypomania checklist external assessment (HCL-33-EA) for the detection of bipolar disorder. Frontiers in Psychiatry, 12, 518722.PubMedPubMedCentral</bibliomixed>
      <bibliomixed id="ch0009s0008bib95">Williams, J. B., Gibbon, M., First, M. B., Spitzer, R. L., Davies, M., Borus, J., et al. (1992). The structured clinical interview for DSM-III-R (SCID). II. Multisite test-retest reliability. Archives of General Psychiatry, 49(8), 630–636.PubMed</bibliomixed>
      <bibliomixed id="ch0009s0008bib96">Wittchen, H. U. (1994). Reliability and validity studies of the WHO—Composite International Diagnostic Interview (CIDI): a critical review. Journal of Psychiatric Research, 28(1), 57–84.PubMed</bibliomixed>
      <bibliomixed id="ch0009s0008bib97">World Health Organization. (1993). The ICD-10 classification of mental and behavioural disorders: Diagnostic criteria for research (Vol. 2). World Health Organization.</bibliomixed>
      <bibliomixed id="ch0009s0008bib98">World Health Organization. (2001). The world health report 2001: Mental health: New understanding, new hope. World Health Organization.</bibliomixed>
      <bibliomixed id="ch0009s0008bib99">Youngstrom, E. A., Egerton, G. A., Genzlinger, J., Freeman, L. K., Rizvi, S. H., &amp; Van Meter, A. (2018). Improving the global identification of bipolar spectrum disorders: Meta-analysis of the diagnostic accuracy of checklists. Psychological Bulletin, 144(3), 315.PubMed</bibliomixed>
      <bibliomixed id="ch0009s0008bib100">Zimmerman, M., &amp; Mattia, J. I. (1999). Psychiatric diagnosis in clinical practice: Is comorbidity being missed? Comprehensive Psychiatry, 40(3), 182–191.PubMed</bibliomixed>
      <bibliomixed id="ch0009s0008bib101">The world health report 2001: Mental health: New understanding, new hope</bibliomixed>
      <bibliomixed id="ch0009s0008bib102">Psychological Bulletin, 144 PubMed</bibliomixed>
      <bibliomixed id="ch0009s0008bib103">Comprehensive Psychiatry, 40 PubMed</bibliomixed>
   </bibliography>
</sect1>