<?xml version="1.0" encoding="UTF-8"?>
<sect1 id="ch0003s0004" role="Heading">
   <sect1info>
      <risinfo>
         <risprev>sect1.9781071643624.ch0003s0003</risprev>
         <riscurrent>sect1.9781071643624.ch0003s0004</riscurrent>
         <risnext>sect1.9781071643624.ch0003s0005</risnext>
         <booktitle>Diagnostic Interviewing</booktitle>
         <isbn>9781071643624</isbn>
         <chapternumber>3</chapternumber>
         <chapterid>ch0003</chapterid>
         <chaptertitle>2. Interviewing Strategies, Empathy, and Rapport</chaptertitle>
         <authorgroup>
            <author>
               <personname>
                  <firstname>Daniel L.</firstname>
                  <surname>Segal</surname>
               </personname>
            </author>
         </authorgroup>
         <publisher>
            <publishername>Springer US</publishername>
         </publisher>
         <pubdate>2025</pubdate>
      </risinfo>
      <primaryauthor>
         <personname>
            <firstname>Daniel L.</firstname>
            <surname>Segal</surname>
         </personname>
      </primaryauthor>
   </sect1info>
   <title>Unstructured Diagnostic Interviews</title>
   <para role="Para">
      Unstructured diagnostic interviews<indexterm significance="normal">
         <primary>Unstructured diagnostic interviews</primary>
      </indexterm> give the practitioner the freedom to ask questions and follow-up on responses in any manner that they see fit. Unstructured diagnostic interviewing provides expansive opportunities for the interviewer to develop strong rapport and therapeutic alliance with the client (Mueller &amp; Segal, <emphasis role="CitationRef">
         <phrase>2014</phrase>
      </emphasis>). The flow, sequence, and content of unstructured diagnostic interviews can be guided by one’s theoretical orientation, training, knowledge base, comfort, and interpersonal style. A client’s response style can also guide the interview. Perhaps the client is quite verbal, and you can obtain a rich history and understanding of the presenting problems without too many interruptions. Conversely, you may have a client who is more guarded, and this provides you with the opportunity to build a stronger rapport and trust with the client while you obtain the minimum information needed for a diagnosis.</para>
</sect1>