<?xml version="1.0" encoding="UTF-8"?>
<sect1 id="ch0006s0003" role="Heading">
   <sect1info>
      <risinfo>
         <risprev>sect1.9781071643624.ch0006s0002</risprev>
         <riscurrent>sect1.9781071643624.ch0006s0003</riscurrent>
         <risnext>sect1.9781071643624.</risnext>
         <booktitle>Diagnostic Interviewing</booktitle>
         <isbn>9781071643624</isbn>
         <chapternumber>6</chapternumber>
         <chapterid>ch0006</chapterid>
         <chaptertitle>5. Consideration of Neuropsychological Factors in Interviewing</chaptertitle>
         <authorgroup>
            <author>
               <personname>
                  <firstname>Daniel L.</firstname>
                  <surname>Segal</surname>
               </personname>
            </author>
         </authorgroup>
         <publisher>
            <publishername>Springer US</publishername>
         </publisher>
         <pubdate>2025</pubdate>
      </risinfo>
      <primaryauthor>
         <personname>
            <firstname>Daniel L.</firstname>
            <surname>Segal</surname>
         </personname>
      </primaryauthor>
   </sect1info>
   <title>Conclusion</title>
   <para role="Para">It should be clear after reading this chapter that the clinical interview is an essential part of the neuropsychological assessment process. It is also a complex set of skills that develops by conducting many interviews over time. Students should seek out opportunities to observe multiple experienced clinicians conducting interviews to develop this skill and to glean aspects of multiple clinicians’ styles of interviewing. This, combined with experience conducting numerous interviews, will enable the clinician to learn this valuable skill.</para>
   <sidebar id="ch0006s0003ad01">
      <para/>
   </sidebar>
   <bibliography id="ch0006s0003bib0021">
      <bibliomixed id="ch0006s0003bib01">American Psychiatric Association. (2022). Diagnostic and statistical manual of mental disorders (DSM-5-TR). American Psychiatric Association Publishing. Crossref</bibliomixed>
      <bibliomixed id="ch0006s0003bib02">American Psychological Association. (2017). Ethical principles of psychologists and code of conduct. American Psychological Association.</bibliomixed>
      <bibliomixed id="ch0006s0003bib03">APA handbook of neuropsychology. Vol. 1: Neurobehavioral disorders and conditions: Accepted science and open questionshttps://​doi.​org/​10.​1037/​0000307-029 Crossref</bibliomixed>
      <bibliomixed id="ch0006s0003bib04">Crane, N. A., &amp; Wade, N. E. (2023). Cannabis and neuropsychology. In G. G. Brown, T. Z. King, K. Y. Haaland, &amp; B. Crosson (Eds.), APA handbook of neuropsychology. Vol. 1: Neurobehavioral disorders and conditions: Accepted science and open questions (pp. 627–647). American Psychological Association. Crossref</bibliomixed>
      <bibliomixed id="ch0006s0003bib05">Frank, C., John, P. S., &amp; Molnar, F. (2020). Screening tools for virtual assessment of cognition. Canadian Family Physician, 66(7), 502–503. PubMedPubMedCentral</bibliomixed>
      <bibliomixed id="ch0006s0003bib06">Greenwood, H., Krzyzaniak, N., Peiris, R., Clark, J., Scott, A. M., Cardona, M., Griffith, R., &amp; Glasziou, P. (2022). Telehealth versus face-to-face psychotherapy for less common mental health conditions: Systematic review and meta-analysis of randomized controlled trials. JMIR Mental Health, 9(3), e31780. CrossrefPubMedPubMedCentral</bibliomixed>
      <bibliomixed id="ch0006s0003bib07">Haigh, E. A. P., Bogucki, O. E., Sigmon, S. T., &amp; Blazer, D. G. (2018). Depression among older adults: A 20-year update on five common myths and misconceptions. The American Journal of Geriatric Psychiatry, 26(1), 107–122. CrossrefPubMed</bibliomixed>
      <bibliomixed id="ch0006s0003bib08">Haroz, E. E., Ritchey, M., Bass, J. K., Kohrt, B. A., Augustinavicius, J., Michalopoulos, L., Burkey, M. D., &amp; Bolton, P. (2017). How is depression experienced around the world? A systematic review of qualitative literature. Social Science &amp; Medicine, 183, 151–162. Crossref</bibliomixed>
      <bibliomixed id="ch0006s0003bib09">Fujii, D. E. M. (2018). Developing a cultural context for conducting a neuropsychological evaluation with a culturally diverse patient: The ECLECTIC framework. The Clinical Neuropsychologist, 32(8), 1356–1392. CrossrefPubMed</bibliomixed>
      <bibliomixed id="ch0006s0003bib10">Fujii, D., Santos, O., &amp; Malva, L. D. (2022). Interpreter-assisted neuropsychological assessment: Clinical considerations. In A. L. Fernández &amp; J. Evans (Eds.), Understanding cross-cultural neuropsychology: Science, testing, and challenges (pp. 135–147). Routledge. Crossref</bibliomixed>
      <bibliomixed id="ch0006s0003bib11">Houston, W. S., &amp; Bondi, M. W. (2006). Potentially reversible cognitive symptoms in older adults. In D. K. Attix &amp; K. A. Welsh-Bohmer (Eds.), Geriatric neuropsychology: Assessment and intervention (pp. 103–129). Guilford Press.</bibliomixed>
      <bibliomixed id="ch0006s0003bib12">Lewis-Fernández, R., Aggarwal, N. K., Hinton, L., Hinton, D. E., &amp; Kirmayer, L. J. (2016). DSM-5® handbook on the cultural formulation interview. American Psychiatric Publishing, Inc.</bibliomixed>
      <bibliomixed id="ch0006s0003bib13">Lewis-Fernández, R., &amp; López, I. (2016). Ataques de nervios. In B. A. Sharpless (Ed.), Unusual and rare psychological disorders: A handbook for clinical practice and research (pp. 242–264). Oxford University Press.Crossref</bibliomixed>
      <bibliomixed id="ch0006s0003bib14">Nasreddine, Z. S., Phillips, N. A., Bédirian, V., Charbonneau, S., Whitehead, V., Collin, I., Cummings, J. L., &amp; Chertkow, H. (2005). The Montreal cognitive assessment, MoCA: A brief screening tool for mild cognitive impairment. Journal of the American Geriatrics Society, 53(4), 695–699. CrossrefPubMed</bibliomixed>
      <bibliomixed id="ch0006s0003bib15">O’Brien, J., Taylor, J. P., Ballard, C., Barker, R. A., Bradley, C., Burns, A., Collerton, D., Dave, S., Dudley, R., Francis, P., Gibbons, A., Harris, K., Lawrence, V., Leroi, I., McKeith, I., Michaelides, M., Naik, C., O’Callaghan, C., Olsen, K., et al. (2020). Visual hallucinations in neurological and ophthalmological disease: Pathophysiology and management. Journal of Neurology, Neurosurgery &amp; Psychiatry, 91(5), 512–519. Crossref</bibliomixed>
      <bibliomixed id="ch0006s0003bib16">Posner, K., Brown, G. K., Stanley, B., Brent, D. A., Yershova, K. V., Oquendo, M. A., Currier, G. W., Melvin, G. A., Greenhill, L., Shen, S., &amp; Mann, J. J. (2011). The Columbia-suicide severity rating scale: Initial validity and internal consistency findings from three multisite studies with adolescents and adults. The American Journal of Psychiatry, 168(12), 1266–1277. CrossrefPubMedPubMedCentral</bibliomixed>
      <bibliomixed id="ch0006s0003bib17">Segal, D. L., Qualls, S. H., &amp; Smyer, M. A. (2018). Aging and mental health (3rd ed.). Wiley/Blackwell.Crossref</bibliomixed>
      <bibliomixed id="ch0006s0003bib18">Strauss, E., Sherman, E. M. S., &amp; Spreen, O. (2006). A compendium of neuropsychological tests: Administration, norms and commentary (3rd ed.). Oxford University Press.</bibliomixed>
      <bibliomixed id="ch0006s0003bib19">Tariq, S. H., Tumosa, N., Chibnall, J. T., Perry, M. H., &amp; Morley, J. E. (2006). Comparison of the Saint Louis university mental status examination and the mini-mental state examination for detecting dementia and mild neurocognitive disorder—A pilot study. The American Journal of Geriatric Psychiatry, 14(11), 900–910. CrossrefPubMed</bibliomixed>
      <bibliomixed id="ch0006s0003bib20">Thenganatt, M. A., &amp; Louis, E. D. (2012). Distinguishing essential tremor from Parkinson&#x27;s disease: Bedside tests and laboratory evaluations. Expert Review of Neurotherapeutics, 12(6), 687–696. CrossrefPubMedPubMedCentral</bibliomixed>
   </bibliography>
</sect1>