<?xml version="1.0" encoding="UTF-8"?>
<sect1 id="ch0015s0007" role="Heading">
   <sect1info>
      <risinfo>
         <risprev>sect1.9781071643624.ch0015s0006</risprev>
         <riscurrent>sect1.9781071643624.ch0015s0007</riscurrent>
         <risnext>sect1.9781071643624.</risnext>
         <booktitle>Diagnostic Interviewing</booktitle>
         <isbn>9781071643624</isbn>
         <chapternumber>15</chapternumber>
         <chapterid>ch0015</chapterid>
         <chaptertitle>13. Eating Disorders</chaptertitle>
         <authorgroup>
            <author>
               <personname>
                  <firstname>Daniel L.</firstname>
                  <surname>Segal</surname>
               </personname>
            </author>
         </authorgroup>
         <publisher>
            <publishername>Springer US</publishername>
         </publisher>
         <pubdate>2025</pubdate>
      </risinfo>
      <primaryauthor>
         <personname>
            <firstname>Daniel L.</firstname>
            <surname>Segal</surname>
         </personname>
      </primaryauthor>
   </sect1info>
   <title>Summary</title>
   <para role="Para">EDs are complex psychiatric disorders that, if untreated, adversely affect social relationships, work productivity, and physical health and can lead to premature death. Despite common stereotypes, EDs have a prevalence that is similar to depression or anxiety. Moreover, EDs occur across the lifespan, in persons with food insecurity, in all genders, and in ethnic-racial minority groups. Having a rudimentary understanding of how to assess and diagnose EDs is, therefore, requisite for all mental<indexterm significance="normal">
         <primary>mental</primary>
      </indexterm> health clinicians and physicians. This chapter provided information on the key signs and symptoms of EDs and how to assess these issues. We encourage the interested reader to refer to additional information and helpful resources provided by the National Eating Disorder Association (<emphasis role="ExternalRef">
         <ulink url="https://www.nationaleatingdisorders.org/">
            <emphasis role="RefSource">https://​www.​nationaleatingdi​sorders.​org/​</emphasis>
         </ulink>
      </emphasis>) and Academy for Eating Disorders (<emphasis role="ExternalRef">
         <ulink url="https://www.aedweb.org/home">
            <emphasis role="RefSource">https://​www.​aedweb.​org/​home</emphasis>
         </ulink>
      </emphasis>) to learn more about the assessment, diagnosis, and treatment of EDs.</para>
   <sidebar id="ch0015s0007ad01">
      <para/>
   </sidebar>
   <bibliography id="ch0015s0007bib0061">
      <bibliomixed id="ch0015s0007bib01">American Psychiatric Association. (2022). Diagnostic and statistical manual of mental disorders (5th ed.). American Psychiatric Association.Crossref</bibliomixed>
      <bibliomixed id="ch0015s0007bib02">Anderson, D. A., Williamson, D. A., Duchmann, E. G., Gleaves, D. H., &amp; Barbin, J. M. (1999). Development and validation of a multifactorial treatment outcome measure for eating disorders. Assessment, 6, 7–20.PubMed</bibliomixed>
      <bibliomixed id="ch0015s0007bib03">Becker, C. B., Middlemass, K. M., Gomez, F., &amp; Martinez-Abrego, A. (2019). Eating disorder pathology among individuals living with food insecurity: A replication study. Clinical Psychological Science, 7(5), 1144–1158.</bibliomixed>
      <bibliomixed id="ch0015s0007bib04">Bohn, K., Doll, H. A., Cooper, Z., O’Connor, M., Palmer, R. L., &amp; Fairburn, C. G. (2008). The measurement of impairment due to eating disorder psychopathology. Behaviour Research and Therapy, 46, 1105–1110.PubMedPubMedCentral</bibliomixed>
      <bibliomixed id="ch0015s0007bib05">Brady, J. L., Kaya, A., Iwamoto, D., Park, A., Fox, L., &amp; Moorhead, M. (2017). Asian American women’s body image experiences. Psychology of Women Quarterly, 41, 479–496.</bibliomixed>
      <bibliomixed id="ch0015s0007bib06">Brookings, J. B., Jackson, D. L., &amp; Garner, D. M. (2021). A bifactor and item response theory analysis of the eating disorder inventory-3. Journal of Psychopathology and Behavioral Assessment, 43, 191–204.</bibliomixed>
      <bibliomixed id="ch0015s0007bib07">Burke, N. L., Hazzard, V. M., Karvay, Y. G., Schaefer, L. M., Lipson, S. K., &amp; Rodgers, R. F. (2021). Eating disorder prevalence among multiracial US undergraduate and graduate students: Is multiracial risk different than the sum of each identity? Eating Behaviors, 41, 101501.PubMedPubMedCentral</bibliomixed>
      <bibliomixed id="ch0015s0007bib08">Campbell, K., &amp; Peebles, R. (2014). Eating disorders in children and adolescents: State of the art review. Pediatrics, 134, 582–592.PubMed</bibliomixed>
      <bibliomixed id="ch0015s0007bib09">Youth risk behaviors surveillance - United Stateshttps://​www.​cdc.​gov/​healthyyouth/​data/​yrbs/​index.​htm</bibliomixed>
      <bibliomixed id="ch0015s0007bib10">Chang, P. G., Delgadillo, J., &amp; Waller, G. (2021). Early response to psychological treatment for eating disorders: A systematic review and meta-analysis. Clinical Psychology Review, 86, 102032.PubMed</bibliomixed>
      <bibliomixed id="ch0015s0007bib11">Chapa, D. A. N., Johnson, S. N., Richson, B. N., Bjorlie, K., Won, Y. Q., Nelson, S. V., &amp; Perko, V. L. (2022). Eating-disorder psychopathology in female athletes and non-athletes: A meta-analysis. International Journal of Eating Disorders, 55, 861–885.PubMed</bibliomixed>
      <bibliomixed id="ch0015s0007bib12">Cheng, Z. H., Perko, V. L., Fuller-Marashi, L., Gau, J. M., &amp; Stice, E. (2019). Ethnic differences in eating disorder prevalence, risk factors, and predictive effects of risk factors among young women. Eating Behaviors, 32, 23–30.PubMed</bibliomixed>
      <bibliomixed id="ch0015s0007bib13">Chesney, E., Goodwin, G. M., &amp; Fazel, S. (2014). Risks of all-cause and suicide mortality in mental disorders: A meta-review. World Psychiatry, 13, 153–160.PubMedPubMedCentral</bibliomixed>
      <bibliomixed id="ch0015s0007bib14">Cooper, Z., &amp; Fairburn, C. (1987). The eating disorder examination: A semi-structured interview for the assessment of the specific psychopathology of eating disorders. International Journal of Eating Disorders, 6, 1–8.</bibliomixed>
      <bibliomixed id="ch0015s0007bib15">Cusack, C. E., Iampieri, A. O., &amp; Galupo, M. P. (2022). “I’m still not sure if the eating disorder is a result of gender dysphoria”: Trans and nonbinary individuals’ descriptions of their eating and body concerns in relation to their gender. Psychology of Sexual Orientation and Gender Diversity, 9, 422–433.</bibliomixed>
      <bibliomixed id="ch0015s0007bib16">Dinour, L. M., Bergen, D., &amp; Yeh, M.-C. (2007). The food insecurity–obesity paradox: A review of the literature and the role food stamps may play. Journal of the American Dietetic Association, 107, 1952–1961.PubMed</bibliomixed>
      <bibliomixed id="ch0015s0007bib17">Easter, A., Bye, A., Taborelli, E., Corfield, F., Schmidt, U., Treasure, J., &amp; Micali, N. (2013). Recognising the symptoms: How common are eating disorders in pregnancy? European Eating Disorders Review, 21, 340–344.PubMed</bibliomixed>
      <bibliomixed id="ch0015s0007bib18">Eating Behaviors, 44 PubMed</bibliomixed>
      <bibliomixed id="ch0015s0007bib19">Exum, A. C., Templin, J., &amp; Fazzino, T. L. (2022). Bridging gaps by including culture: Development and empirical test of the culturally informed theory for disordered eating among Black women. Eating Behaviors, 44, 101600.PubMed</bibliomixed>
      <bibliomixed id="ch0015s0007bib20">Fairburn, C. G., &amp; Beglin, S. J. (1994). Assessment of eating disorders: Interview or self-report questionnaire? International Journal of Eating Disorders, 16, 363–370.PubMed</bibliomixed>
      <bibliomixed id="ch0015s0007bib21">Fairburn, C. G., Cooper, Z., &amp; Shafran, R. (2003). Cognitive behaviour therapy for eating disorders: A “transdiagnostic” theory and treatment. Behaviour Research and Therapy, 41, 509–528.PubMed</bibliomixed>
      <bibliomixed id="ch0015s0007bib22">First, M. B., &amp; Williams, J. B. (2016). SCID-5-CV: Structured clinical interview for DSM-5-TR disorders: Clinician version. American Psychiatric Association Publishing.</bibliomixed>
      <bibliomixed id="ch0015s0007bib23">Forbush, K. T., Bohrer, B. K., Hagan, K. E., Chapa, D. A., Perko, V., Richson, B., &amp; Wildes, J. E. (2020). Development and initial validation of the eating pathology symptoms inventory–clinician-rated version (EPSI-CRV). Psychological Assessment, 32, 943–955.PubMed</bibliomixed>
      <bibliomixed id="ch0015s0007bib24">Psychological Assessment, 25 PubMed</bibliomixed>
      <bibliomixed id="ch0015s0007bib25">Forbush, K. T., Richson, B. N., Swanson, T. J., Thomeczek, M. L., Negi, S., Johnson, S. N., &amp; Chen, Y. (2022). Screening for eating disorders across genders in college students: Initial validation of the brief assessment of stress and eating. International Journal of Eating Disorders, 55, 1553–1564.PubMed</bibliomixed>
      <bibliomixed id="ch0015s0007bib26">Qualitative Health Research, 31 PubMed</bibliomixed>
      <bibliomixed id="ch0015s0007bib27">Forbush, K. T., Wildes, J. E., Pollack, L. O., Dunbar, D., Luo, J., Patterson, K., &amp; Watson, D. (2013). Development and validation of the Eating Pathology Symptoms Inventory (EPSI). Psychological Assessment, 25, 859–878.PubMed</bibliomixed>
      <bibliomixed id="ch0015s0007bib28">Garner, D. M. (2004). EDI-3, eating disorder inventory-3: Professional manual. Psychological Assessment Resources.</bibliomixed>
      <bibliomixed id="ch0015s0007bib29">Goel, N. J., Thomas, B., Boutté, R. L., Kaur, B., &amp; Mazzeo, S. E. (2021). Body image and eating disorders among South Asian American women: What are we missing? Qualitative Health Research, 31, 2512–2527.PubMed</bibliomixed>
      <bibliomixed id="ch0015s0007bib30">Current Psychiatry Reports, 25 PubMedPubMed Central</bibliomixed>
      <bibliomixed id="ch0015s0007bib31">Hambleton, A., Pepin, G., Le, A., Maloney, D., Aouad, P., Barakat, S., Boakes, R., Brennan, L., Bryant, E., Byrne, S., Caldwell, B., Calvert, S., Carroll, B., Castle, D., Caterson, I., Chelius, B., Chiem, L., Clarke, S., Conti, J., &amp; National Eating Disorder Research Consortium. (2022). Psychiatric and medical comorbidities of eating disorders: Findings from a rapid review of the literature. Journal of Eating Disorders, 10, 132.PubMedPubMedCentral</bibliomixed>
      <bibliomixed id="ch0015s0007bib32">Hay, P., Girosi, F., &amp; Mond, J. (2015). Prevalence and sociodemographic correlates of DSM-5-TR eating disorders in the Australian population. Journal of Eating Disorders, 3, 19.PubMedPubMedCentral</bibliomixed>
      <bibliomixed id="ch0015s0007bib33">Kambanis, P. E., &amp; Thomas, J. J. (2023). Assessment and treatment of avoidant/restrictive food intake disorder. Current Psychiatry Reports, 25, 53–64.PubMedPubMedCentral</bibliomixed>
      <bibliomixed id="ch0015s0007bib34">Kamody, R. C., Grilo, C. M., &amp; Udo, T. (2020). Disparities in DSM-5-TR defined eating disorders by sexual orientation among U.S. adults. International Journal of Eating Disorders, 53, 278–287.PubMed</bibliomixed>
      <bibliomixed id="ch0015s0007bib35">Kilpela, L. S., Becker, C. B., Wesley, N., &amp; Stewart, T. (2015). Body image in adult women: Moving beyond the younger years. Advances in Eating Disorders: Theory, Research and Practice, 3, 144–164.</bibliomixed>
      <bibliomixed id="ch0015s0007bib36">Lapid, M. I., Prom, M. C., Burton, M. C., McAlpine, D. E., Sutor, B., &amp; Rummans, T. A. (2010). Eating disorders in the elderly. International Psychogeriatrics, 22, 523–536.PubMed</bibliomixed>
      <bibliomixed id="ch0015s0007bib37">Lewis, C. C., Boyd, M., Puspitasari, A., Navarro, E., Howard, J., Kassab, H., &amp; Kroenke, K. (2019). Implementing measurement-based care in behavioral health: A review. JAMA Psychiatry, 76, 324–335.PubMed</bibliomixed>
      <bibliomixed id="ch0015s0007bib38">Lowy, A. S., Rodgers, R. F., Franko, D. L., Pluhar, E., &amp; Webb, J. B. (2021). Body image and internalization of appearance ideals in Black women: An update and call for culturally-sensitive research. Body Image, 39, 313–327.PubMed</bibliomixed>
      <bibliomixed id="ch0015s0007bib39">Makino, M., Yasushi, M., &amp; Tsutsui, S. (2020). The risk of eating disorder relapse during pregnancy and after delivery and postpartum depression among women recovered from eating disorders. BMC Pregnancy and Childbirth, 20, 1–7.</bibliomixed>
      <bibliomixed id="ch0015s0007bib40">BMC Public Health, 14</bibliomixed>
      <bibliomixed id="ch0015s0007bib41">Mangweth-Matzek, B., Kummer, K. K., &amp; Pope, H. G. (2016). Eating disorder symptoms in middle-aged and older men. International Journal of Eating Disorders, 49, 953–957.PubMed</bibliomixed>
      <bibliomixed id="ch0015s0007bib42">Mirabella, M., Giovanardi, G., Fortunato, A., Senofonte, G., Lombardo, F., Lingiardi, V., &amp; Speranza, A. M. (2020). The body I live in. Perceptions and meanings of body dissatisfaction in young transgender adults: A qualitative study. Journal of Clinical Medicine, 9, 3733.PubMedPubMedCentral</bibliomixed>
      <bibliomixed id="ch0015s0007bib43">Misra, S., Jackson, V. W., Chong, J., Choe, K., Tay, C., Wong, J., &amp; Yang, L. H. (2021). Systematic review of cultural aspects of stigma and mental illness among racial and ethnic minority groups in the United States: Implications for interventions. American Journal of Community Psychology, 68, 486–512.PubMed</bibliomixed>
      <bibliomixed id="ch0015s0007bib44">Mitchison, D., Hay, P., Slewa-Younan, S., &amp; Mond, J. (2014). The changing demographic profile of eating disorder behaviors in the community. BMC Public Health, 14, 1–9.</bibliomixed>
      <bibliomixed id="ch0015s0007bib45">Moreno, R., Buckelew, S. M., Accurso, E. C., &amp; Raymond-Flesch, M. (2023). Disparities in access to eating disorders treatment for publicly-insured youth and youth of color: A retrospective cohort study. Journal of Eating Disorders, 11, 10.PubMedPubMedCentral</bibliomixed>
      <bibliomixed id="ch0015s0007bib46">Morgan, J. F., Reid, F., &amp; Lacey, J. H. (2000). The SCOFF questionnaire. The Western Journal of Medicine, 172, 164–165.PubMedPubMedCentral</bibliomixed>
      <bibliomixed id="ch0015s0007bib47">Assessment, 27 PubMed</bibliomixed>
      <bibliomixed id="ch0015s0007bib48">Morrison, T. G., Katz, J. W., Mirzaei, Y., &amp; Zare, S. (2020). Body image and eating disorders among sexual and gender minority populations. In E. D. Rothblum (Ed.), The Oxford handbook of sexual and gender minority mental health (pp. 73–85). Oxford University Press.</bibliomixed>
      <bibliomixed id="ch0015s0007bib49">National Research Council. (2006). Food insecurity and hunger in the United States: An assessment of the measure. National Academies Press.</bibliomixed>
      <bibliomixed id="ch0015s0007bib50">Negi, S., Thomeczek, M. L., Chen, Y., Sharma, A. R., &amp; Forbush, K. T. (2023). Compensatory eating disorder and full threshold DSM eating disorders: A comparison of eating-disorder-related psychiatric impairment and symptomatology. Eating Behaviors, 51, 101823.PubMed</bibliomixed>
      <bibliomixed id="ch0015s0007bib51">Nielsen, S., &amp; Vilmar, J. W. (2021). What can we learn about eating disorder mortality from eating disorder diagnoses at initial assessment? A Danish nationwide register follow-up study using record linkage, encompassing 45 years (1970–2014). Psychiatry Research, 303, 114091.PubMed</bibliomixed>
      <bibliomixed id="ch0015s0007bib52">Rand-Giovannetti, D., Cicero, D. C., Mond, J. M., &amp; Latner, J. D. (2020). Psychometric properties of the eating disorder examination–questionnaire (EDE-Q): A confirmatory factor analysis and assessment of measurement invariance by sex. Assessment, 27, 164–177.PubMed</bibliomixed>
      <bibliomixed id="ch0015s0007bib53">International Journal of Eating Disorders, 48 PubMed</bibliomixed>
      <bibliomixed id="ch0015s0007bib54">Rasmussen, S. M., Dalgaard, M. K., Roloff, M., Pinholt, M., Skrubbeltrang, C., Clausen, L., &amp; Kjaersdam Telléus, G. (2023). Eating disorder symptomatology among transgender individuals: A systematic review and meta-analysis. Journal of Eating Disorders, 11, 84.PubMedPubMedCentral</bibliomixed>
      <bibliomixed id="ch0015s0007bib55">Rothstein, L. A., Sbrocco, T., &amp; Carter, M. M. (2017). Factor analysis of EDI-3 eating disorder risk subscales among African American women. Journal of Black Psychology, 43, 767–777.</bibliomixed>
      <bibliomixed id="ch0015s0007bib56">Sheehan, D. V., Lecrubier, Y., Sheehan, K. H., Amorim, P., Janavs, J., Weiller, E., &amp; Dunbar, G. C. (1998). The Mini-International Neuropsychiatric Interview (MINI): The development and validation of a structured diagnostic psychiatric interview for DSM-IV and ICD-10. Journal of Clinical Psychiatry, 59(Suppl 20), 22–33.PubMed</bibliomixed>
      <bibliomixed id="ch0015s0007bib57">Smink, F. R., van Hoeken, D., Oldehinkel, A. J., &amp; Hoek, H. W. (2014). Prevalence and severity of DSM-5-TR eating disorders in a community cohort of adolescents. International Journal of Eating Disorders, 47, 610–619.PubMed</bibliomixed>
      <bibliomixed id="ch0015s0007bib58">Sohn, M. N., Dimitropoulos, G., Ramirez, A., McPherson, C., Anderson, A., Munir, A., Patten, S. B., McGirr, A., &amp; Devoe, D. J. (2023). Non-suicidal self-injury, suicidal thoughts and behaviors in individuals with an eating disorder relative to healthy and psychiatric controls: A systematic review and meta-analysis. International Journal of Eating Disorders, 56, 501–515.PubMed</bibliomixed>
      <bibliomixed id="ch0015s0007bib59">Solmi, F., Hatch, S. L., Hotopf, M., Treasure, J., &amp; Micali, N. (2015). Validation of the SCOFF questionnaire for eating disorders in a multiethnic general population sample. International Journal of Eating Disorders, 48, 312–316.PubMed</bibliomixed>
      <bibliomixed id="ch0015s0007bib60">Solmi, M., Monaco, F., Højlund, M., Monteleone, A. M., Trott, M., Firth, J., Carfagno, M., Eaton, M., De Toffol, M., Vergine, M., Meneguzzo, P., Collantoni, E., Gallicchio, D., Stubbs, B., Girardi, A., Busetto, P., Favaro, A., Carvalho, A. F., Steinhausen, H.-C., &amp; Correll, C. U. (2024). Outcomes in people with eating disorders: A transdiagnostic and disorder-specific systematic review, meta-analysis and multivariable meta-regression analysis. World Psychiatry, 23, 124–138.PubMedPubMedCentral</bibliomixed>
   </bibliography>
</sect1>