<?xml version="1.0" encoding="UTF-8"?>
<sect1 id="ch0024s0007" role="Heading">
   <sect1info>
      <risinfo>
         <risprev>sect1.9781071643624.ch0024s0006</risprev>
         <riscurrent>sect1.9781071643624.ch0024s0007</riscurrent>
         <risnext>sect1.9781071643624.</risnext>
         <booktitle>Diagnostic Interviewing</booktitle>
         <isbn>9781071643624</isbn>
         <chapternumber>24</chapternumber>
         <chapterid>ch0024</chapterid>
         <chaptertitle>21. Interviewing Individuals at Risk for Suicide</chaptertitle>
         <authorgroup>
            <author>
               <personname>
                  <firstname>Daniel L.</firstname>
                  <surname>Segal</surname>
               </personname>
            </author>
         </authorgroup>
         <publisher>
            <publishername>Springer US</publishername>
         </publisher>
         <pubdate>2025</pubdate>
      </risinfo>
      <primaryauthor>
         <personname>
            <firstname>Daniel L.</firstname>
            <surname>Segal</surname>
         </personname>
      </primaryauthor>
   </sect1info>
   <title>Summary</title>
   <para role="Para">Given the significant rise in suicide rates in recent decades, evidence-based, suicide-focused assessments and interventions are crucial for reducing suffering and mitigating suicidal behavior. The process of gathering information during assessment can follow structured or semi-structured approaches—though, we advocate for an integrated approach utilizing actuarial assessments and open-ended questions examining evidence-based suicide risk factor domains. Numerous actuarial assessment measures have been developed, but those demonstrating the most robust evidence include the ASQ, C-SSRS, BSSI, PHQ-9, and SITBI, all of which are mentioned and discussed earlier in this chapter. Regardless of validated tools, suicide risk assessments are anxiety-inducing. Clinicians across all practice settings should prioritize leading with a balanced, empathetic, and patient-centered approach to ensure an accurate formulation—thereafter management—of their patients’ suicide risk. Likewise, special attention is needed when caring for vulnerable populations, such as youths and those from culturally and racially diverse backgrounds, given their well-documented rising suicide rates. Some key elements in assessing for suicide risk are to gather where an individual falls on the ideation-to-action pathway, taking into consideration lifetime history of SITBs, stressors specific to their age, and the influence of sociocultural factors. Most suicide risk assessments are a single snapshot of an individual’s suicide risk at a given time. Rather than prioritizing rigid classifications and measurement tools, clinicians are recommended to take a flexible yet consistent approach to accurately capture an individual’s suicidality and its dynamic nature.</para>
   <sidebar id="ch0024s0007ad02">
      <para/>
   </sidebar>
   <bibliography id="ch0024s0007bib0072">
      <bibliomixed id="ch0024s0007bib01">Curtin S. C., Garnett M. F., &amp; Ahmad F. B. (2023). Provisional estimates of suicide by demographic characteristics: United States, 2022. Vital Statistics Rapid Release; no 34. November 2023.</bibliomixed>
      <bibliomixed id="ch0024s0007bib02">Balt, E., Mérelle, S., Van Bergen, D., Gilissen, R., Van Der Post, P., Looijmans, M., Creemers, D., Rasing, S., Mulder, W., Van Domburgh, L., &amp; Popma, A. (2021). Gender differences in suicide-related communication of young suicide victims. PLoS One, 16(5), e0252028. CrossrefPubMedPubMedCentral</bibliomixed>
      <bibliomixed id="ch0024s0007bib03">Barranco, R. E. (2016). Suicide, religion, and latinos: A macrolevel study of U.S. Latino suicide rates. The Sociological Quarterly, 57(2), 256–281. Crossref</bibliomixed>
      <bibliomixed id="ch0024s0007bib04">Emergency Medicine, 14https://​doi.​org/​10.​1046/​j.​1442-2026.​2002.​00283.​x CrossrefPubMed</bibliomixed>
      <bibliomixed id="ch0024s0007bib05">Beck, A. T., Kovacs, M., &amp; Weissman, A. (1979). Assessment of suicidal intention: The scale for suicide ideation. Journal of Consulting and Clinical Psychology, 47(2), 343–352. CrossrefPubMed</bibliomixed>
      <bibliomixed id="ch0024s0007bib06">Journal of Clinical Psychology, 44https://​doi.​org/​10.​1002/​1097-4679(198807)44:​4&lt;499:​:​AID-JCLP2270440404&gt;3​.​0.​CO;2-6 CrossrefPubMed</bibliomixed>
      <bibliomixed id="ch0024s0007bib07">Berman, A. L., &amp; Silverman, M. M. (2014). Suicide risk assessment and risk formulation part II: Suicide risk formulation and the determination of levels of risk. Suicide and Life-threatening Behavior, 44(4), 432–443. CrossrefPubMed</bibliomixed>
      <bibliomixed id="ch0024s0007bib08">Bernert, R. A., Hom, M. A., &amp; Roberts, L. W. (2014). A review of multidisciplinary clinical practice guidelines in suicide prevention: Toward an emerging standard in suicide risk assessment and management, training and practice. Academic Psychiatry, 38(5), 585–592. CrossrefPubMedPubMedCentral</bibliomixed>
      <bibliomixed id="ch0024s0007bib09">Bersani, B. E., &amp; Morabito, M. S. (2020). Immigrant disparities in suicide ideation: Variation across age of migration, gender, and nativity. Journal of Immigrant and Minority Health, 22(5), 881–887. CrossrefPubMed</bibliomixed>
      <bibliomixed id="ch0024s0007bib10">Bommersbach, T. J., Rosenheck, R. A., Petrakis, I. L., &amp; Rhee, T. G. (2022). Why are women more likely to attempt suicide than men? Analysis of lifetime suicide attempts among US adults in a nationally representative sample. Journal of Affective Disorders, 311, 157–164. CrossrefPubMed</bibliomixed>
      <bibliomixed id="ch0024s0007bib11">Bridge, J. A., Horowitz, L. M., Fontanella, C. A., Sheftall, A. H., Greenhouse, J., Kelleher, K. J., &amp; Campo, J. V. (2018). Age-related racial disparity in suicide rates among US youths from 2001 through 2015. JAMA Pediatrics, 172(7), 697. CrossrefPubMedPubMedCentral</bibliomixed>
      <bibliomixed id="ch0024s0007bib12">Bryan, C. J., &amp; Rudd, M. D. (2006). Advances in the assessment of suicide risk. Journal of Clinical Psychology, 62(2), 185–200. CrossrefPubMed</bibliomixed>
      <bibliomixed id="ch0024s0007bib13">Suicide and Life-threatening Behavior, 28https://​doi.​org/​10.​1111/​j.​1943-278X.​1998.​tb 00622.​x CrossrefPubMed</bibliomixed>
      <bibliomixed id="ch0024s0007bib14">Leading causes of death and injuryhttps://​www.​cdc.​gov/​injury/​wisqars/​Leading Causes.​html</bibliomixed>
      <bibliomixed id="ch0024s0007bib15">Choi, N. G., Choi, B. Y., &amp; Marti, C. N. (2023). Suicidal intent disclosure among adult suicide decedents: Four age group comparisons. Death Studies, 47(7), 861–872. CrossrefPubMed</bibliomixed>
      <bibliomixed id="ch0024s0007bib16">Chu, C., Klein, K. M., Buchman-Schmitt, J. M., Hom, M. A., Hagan, C. R., &amp; Joiner, T. E. (2015). Routinized assessment of suicide risk in clinical practice: An empirically informed update. Journal of Clinical Psychology, 71(12), 1186–1200. CrossrefPubMed</bibliomixed>
      <bibliomixed id="ch0024s0007bib17">Cibis, A., Mergl, R., Bramesfeld, A., Althaus, D., Niklewski, G., Schmidtke, A., &amp; Hegerl, U. (2012). Preference of lethal methods is not the only cause for higher suicide rates in males. Journal of Affective Disorders, 136(1–2), 9–16. CrossrefPubMed</bibliomixed>
      <bibliomixed id="ch0024s0007bib18">Colvin, K., Potts, W., Heinlein, E., &amp; Himelhoch, S. (2024). Prevalence and predictors of medical mistrust among African Americans with serious mental illness receiving care in an urban setting. Community Mental Health Journal, 60(3), 438–441. CrossrefPubMed</bibliomixed>
      <bibliomixed id="ch0024s0007bib19">Cramer, R. J., Kaniuka, A. R., Yada, F. N., Diaz-Garelli, F., Hill, R. M., Bowling, J., Macchia, J. M., &amp; Tucker, R. P. (2022). An analysis of suicidal thoughts and behaviors among transgender and gender diverse adults. Social Psychiatry and Psychiatric Epidemiology, 57(1), 195–205. CrossrefPubMed</bibliomixed>
      <bibliomixed id="ch0024s0007bib20">Suicide rates for females and males by race and ethnicity: United States, 1999 and 2017 (NCHS health E-stats 2019)https://​www.​cdc.​gov/​nchs/​data/​hestat/​suicide/​rates_​1999_​2017.​pdf</bibliomixed>
      <bibliomixed id="ch0024s0007bib21">Suicide and homicide death rates among youth and young adults aged 10–24: United States, 2001–2021https://​doi.​org/​10.​15620/​cdc:​128423 Crossref</bibliomixed>
      <bibliomixed id="ch0024s0007bib22">Eades, A., Segal, D. L., &amp; Coolidge, F. L. (2019). Suicide risk factors among older adults: Exploring thwarted belongingness and perceived burdensomeness in relation to personality and self-esteem. The International Journal of Aging and Human Development, 88(2), 150–167. CrossrefPubMed</bibliomixed>
      <bibliomixed id="ch0024s0007bib23">The International Journal of Aging and Human Development, 88https://​doi.​org/​10.​1177/​0091415018757214​CrossrefPubMed</bibliomixed>
      <bibliomixed id="ch0024s0007bib24">Fox, K. R., Bettis, A. H., Burke, T. A., Hart, E. A., &amp; Wang, S. B. (2022). Exploring adolescent experiences with disclosing self-injurious thoughts and behaviors across settings. Research on Child and Adolescent Psychopathology, 50(5), 669–681. CrossrefPubMed</bibliomixed>
      <bibliomixed id="ch0024s0007bib25">Hallford, D. J., Rusanov, D., Winestone, B., Kaplan, R., Fuller-Tyszkiewicz, M., &amp; Melvin, G. (2023). Disclosure of suicidal ideation and behaviours: A systematic review and meta-analysis of prevalence. Clinical Psychology Review, 101, 102272. CrossrefPubMed</bibliomixed>
      <bibliomixed id="ch0024s0007bib26">Horowitz, L. M., Bridge, J. A., Teach, S. J., Ballard, E., Klima, J., Rosenstein, D. L., Wharff, E. A., Ginnis, K., Cannon, E., Joshi, P., &amp; Pao, M. (2012). Ask suicide-screening questions (ASQ): A brief instrument for the pediatric emergency department. Archives of Pediatrics &amp; Adolescent Medicine, 166(12), 1170. Crossref</bibliomixed>
      <bibliomixed id="ch0024s0007bib27">Horowitz, L. M., Snyder, D. J., Boudreaux, E. D., He, J.-P., Harrington, C. J., Cai, J., Claassen, C. A., Salhany, J. E., Dao, T., Chaves, J. F., Jobes, D. A., Merikangas, K. R., Bridge, J. A., &amp; Pao, M. (2020). Validation of the ask suicide-screening questions for adult medical inpatients: A brief tool for all ages. Psychosomatics, 61(6), 713–722. CrossrefPubMedPubMedCentral</bibliomixed>
      <bibliomixed id="ch0024s0007bib28">Horwitz, A. G., Czyz, E. K., &amp; King, C. A. (2015). Predicting future suicide attempts among adolescent and emerging adult psychiatric emergency patients. Journal of Clinical Child &amp; Adolescent Psychology, 44(5), 751–761. Crossref</bibliomixed>
      <bibliomixed id="ch0024s0007bib29">Hovey, J. D. (2000). Acculturative stress, depression, and suicidal ideation in Mexican immigrants. Cultural Diversity and Ethnic Minority Psychology, 6(2), 134–151. CrossrefPubMed</bibliomixed>
      <bibliomixed id="ch0024s0007bib30">Ivey-Stephenson, A. Z., Demissie, Z., Crosby, A. E., Stone, D. M., Gaylor, E., Wilkins, N., Lowry, R., &amp; Brown, M. (2020). Suicidal ideation and behaviors among high school students—Youth Risk Behavior Survey, United States, 2019. MMWR Supplements, 69(1), 47–55. CrossrefPubMedPubMedCentral</bibliomixed>
      <bibliomixed id="ch0024s0007bib31">Jacobs, D. D., Baldessarini, R. J., Fawcett, J. A., Horton, L., Meltzer, H., Pfeffer, C. R., &amp; Simon, R. I. (2003). Practice guideline for the assessment and treatment of patients with suicidal behaviors. The American Journal of Psychiatry, 160(11), 1–60.</bibliomixed>
      <bibliomixed id="ch0024s0007bib32">Jobes, D. A. (2020). Commonsense recommendations for standard care of suicidal risk. Journal of Health Service Psychology, 46(4), 155–163. Crossref</bibliomixed>
      <bibliomixed id="ch0024s0007bib33">Journal of Health Service Psychology, 46https://​doi.​org/​10.​1007/​s 42843-020-00020-3 Crossref</bibliomixed>
      <bibliomixed id="ch0024s0007bib34">Jobes, D. A., &amp; Barnett, J. E. (2024). Evidence-based care for suicidality as an ethical and professional imperative: How to decrease suicidal suffering and save lives. American Psychologist.</bibliomixed>
      <bibliomixed id="ch0024s0007bib35">Khubchandani, J., &amp; Price, J. H. (2022). Suicides among non-elderly adult Hispanics, 2010–2020. Journal of Community Health, 47(6), 966–973. CrossrefPubMedPubMedCentral</bibliomixed>
      <bibliomixed id="ch0024s0007bib36">Kleiman, E. M., Turner, B. J., Fedor, S., Beale, E. E., Huffman, J. C., &amp; Nock, M. K. (2017). Examination of real-time fluctuations in suicidal ideation and its risk factors: Results from two ecological momentary assessment studies. Journal of Abnormal Psychology, 126(6), 726–738. CrossrefPubMed</bibliomixed>
      <bibliomixed id="ch0024s0007bib37">Knapp, S. J. (2020). Screening and assessment. In Suicide prevention: An ethically and scientifically informed approach (pp. 33–96). American Psychological Association. Crossref</bibliomixed>
      <bibliomixed id="ch0024s0007bib38">Kroenke, K., Spitzer, R. L., &amp; Williams, J. B. W. (2001). The PHQ-9: Validity of a brief depression severity measure. Journal of General Internal Medicine, 16(9), 606–613. CrossrefPubMedPubMedCentral</bibliomixed>
      <bibliomixed id="ch0024s0007bib39">Langhinrichsen-Rohling, J., Friend, J., &amp; Powell, A. (2009). Adolescent suicide, gender, and culture: A rate and risk factor analysis. Aggression and Violent Behavior, 14(5), 402–414. Crossref</bibliomixed>
      <bibliomixed id="ch0024s0007bib40">Mann, J. J., Apter, A., Bertolote, J., Beautrais, A., Currier, D., Haas, A., Hegerl, U., Lonnqvist, J., Malone, K., Marusic, A., Mehlum, L., Patton, G., Phillips, M., Rutz, W., Rihmer, Z., Schmidtke, A., Shaffer, D., Silverman, M., Takahashi, Y., … Hendin, H. (2005). Suicide prevention strategies: A systematic review. JAMA, 294(16), 2064.</bibliomixed>
      <bibliomixed id="ch0024s0007bib41">Mérelle, S., Foppen, E., Gilissen, R., Mokkenstorm, J., Cluitmans, R., &amp; Van Ballegooijen, W. (2018). Characteristics associated with non-disclosure of suicidal ideation in adults. International Journal of Environmental Research and Public Health, 15(5), 943. CrossrefPubMedPubMedCentral</bibliomixed>
      <bibliomixed id="ch0024s0007bib42">Meza, J. I., &amp; Bath, E. (2021). One size does not fit all: Making suicide prevention and interventions equitable for our increasingly diverse communities. Journal of the American Academy of Child &amp; Adolescent Psychiatry, 60(2), 209–212. Crossref</bibliomixed>
      <bibliomixed id="ch0024s0007bib43">Journal of the American Academy of Child &amp; Adolescent Psychiatry, 60https://​doi.​org/​10.​1016/​j.​jaac.​2020.​09.​019 Crossref</bibliomixed>
      <bibliomixed id="ch0024s0007bib44">Molock, S. D., Boyd, R. C., Alvarez, K., Cha, C., Denton, E., Glenn, C. R., Katz, C. C., Mueller, A. S., Meca, A., Meza, J. I., Miranda, R., Ortin-Peralta, A., Polanco-Roman, L., Singer, J. B., Zullo, L., &amp; Miller, A. B. (2023). Culturally responsive assessment of suicidal thoughts and behaviors in youth of color. American Psychologist, 78(7), 842–855. CrossrefPubMed</bibliomixed>
      <bibliomixed id="ch0024s0007bib45">Morrison, L. L., &amp; Downey, D. L. (2000). Racial differences in self-disclosure of suicidal ideation and reasons for living: Implications for training. Cultural Diversity and Ethnic Minority Psychology, 6(4), 374–386. CrossrefPubMed</bibliomixed>
      <bibliomixed id="ch0024s0007bib46">Mournet, A. M., Smith, J. T., Bridge, J. A., Boudreaux, E. D., Snyder, D. J., Claassen, C. A., Jobes, D. A., Pao, M., &amp; Horowitz, L. M. (2021). Limitations of screening for depression as a proxy for suicide risk in adult medical inpatients. Journal of the Academy of Consultation-Liaison Psychiatry, 62(4), 413–420. CrossrefPubMedPubMedCentral</bibliomixed>
      <bibliomixed id="ch0024s0007bib47">Journal of the Academy of Consultation-Liaison Psychiatry, 62https://​doi.​org/​10.​1016/​j.​jaclp.​2021.​02.​002 CrossrefPubMedPubMed Central</bibliomixed>
      <bibliomixed id="ch0024s0007bib48">Nock, M. K., Holmberg, E. B., Photos, V. I., &amp; Michel, B. D. (2007). Self-injurious thoughts and behaviors interview: Development, reliability, and validity in an adolescent sample. Psychological Assessment, 19(3), 309–317. CrossrefPubMed</bibliomixed>
      <bibliomixed id="ch0024s0007bib49">Podlogar, M. C., &amp; Joiner, T. E. (2020). Allowing for nondisclosure in high suicide risk groups. Assessment, 27(3), 547–559. CrossrefPubMed</bibliomixed>
      <bibliomixed id="ch0024s0007bib50">Posner, K., Brown, G. K., Stanley, B., Brent, D. A., Yershova, K. V., Oquendo, M. A., Currier, G. W., Melvin, G. A., Greenhill, L., Shen, S., &amp; Mann, J. J. (2011). The Columbia–suicide severity rating scale: Initial validity and internal consistency findings from three multisite studies with adolescents and adults. American Journal of Psychiatry, 168(12), 1266–1277. CrossrefPubMed</bibliomixed>
      <bibliomixed id="ch0024s0007bib51">Roush, J. F., Brown, S. L., Jahn, D. R., Mitchell, S. M., Taylor, N. J., Quinnett, P., &amp; Ries, R. (2018). Mental health professionals’ suicide risk assessment and management practices: The impact of fear of suicide-related outcomes and comfort working with suicidal individuals. Crisis, 39(1), 55–64. CrossrefPubMed</bibliomixed>
      <bibliomixed id="ch0024s0007bib52">Saab, M. M., Murphy, M., Meehan, E., Dillon, C. B., O’Connell, S., Hegarty, J., Heffernan, S., Greaney, S., Kilty, C., Goodwin, J., Hartigan, I., O’Brien, M., Chambers, D., Twomey, U., &amp; O’Donovan, A. (2022). Suicide and self-harm risk assessment: A systematic review of prospective research. Archives of Suicide Research, 26(4), 1645–1665. CrossrefPubMed</bibliomixed>
      <bibliomixed id="ch0024s0007bib53">Schrijvers, D. L., Bollen, J., &amp; Sabbe, B. G. C. (2012). The gender paradox in suicidal behavior and its impact on the suicidal process. Journal of Affective Disorders, 138(1–2), 19–26. CrossrefPubMed</bibliomixed>
      <bibliomixed id="ch0024s0007bib54">Journal of Affective Disorders, 138https://​doi.​org/​10.​1016/​j.​jad.​2011.​03.​050 CrossrefPubMed</bibliomixed>
      <bibliomixed id="ch0024s0007bib55">Sheehan, L., Oexle, N., Armas, S. A., Wan, H. T., Bushman, M., Glover, L., &amp; Lewy, S. A. (2019). Benefits and risks of suicide disclosure. Social Science &amp; Medicine, 223, 16–23. Crossref</bibliomixed>
      <bibliomixed id="ch0024s0007bib56">Shin, K. E., Spears, A. P., Zhang, R., &amp; Cha, C. B. (2023). Suicide-related disclosure patterns among culturally minoritized youth: Examining differences across race, ethnicity, gender identity, and sexual orientation. Suicide and Life-threatening Behavior, sltb.13026.</bibliomixed>
      <bibliomixed id="ch0024s0007bib57">Shore, P., &amp; Lu, M. (2015). Patient safety planning and emergency management. In P. W. Tuerk &amp; P. Shore (Eds.), Clinical videoconferencing in telehealth (pp. 167–201). Springer International Publishing. Crossref</bibliomixed>
      <bibliomixed id="ch0024s0007bib58">Silva, C., Douglas, N., &amp; Van Orden, K. (2023). Neighborhood belonging and thoughts of death among Hispanics in the United States. Archives of Suicide Research, 27(2), 629–643. CrossrefPubMed</bibliomixed>
      <bibliomixed id="ch0024s0007bib59">Silverman, M. M., &amp; Berman, A. L. (2014). Suicide risk assessment and risk formulation part I: A focus on suicide ideation in assessing suicide risk. Suicide and Life-threatening Behavior, 44(4), 420–431. CrossrefPubMed</bibliomixed>
      <bibliomixed id="ch0024s0007bib60">Simon, G. E., Coleman, K. J., Rossom, R. C., Beck, A., Oliver, M., Johnson, E., Whiteside, U., Operskalski, B., Penfold, R. B., Shortreed, S. M., &amp; Rutter, C. (2016). Risk of suicide attempt and suicide death following completion of the patient health questionnaire depression module in community practice. The Journal of Clinical Psychiatry, 77(02), 221–227. CrossrefPubMedPubMedCentral</bibliomixed>
      <bibliomixed id="ch0024s0007bib61">Sommers-Flanagan, J., &amp; Sommers-Flanagan, R. (1995). Intake interviewing with suicidal patients: A systematic approach. Professional Psychology: Research and Practice, 26(1), 41–47. Crossref</bibliomixed>
      <bibliomixed id="ch0024s0007bib62">Stone, D. M., Mack, K. A., &amp; Qualters, J. (2023). Notes from the field: Recent changes in suicide rates, by race and ethnicity and age group—United States, 2021. MMWR. Morbidity and Mortality Weekly Report, 72(6), 160–162. CrossrefPubMedPubMedCentral</bibliomixed>
      <bibliomixed id="ch0024s0007bib63">Substance Abuse and Mental Health Services Administration. (2023). Key substance use and mental health indicators in the United States: Results from the 2022 National Survey on Drug Use and Health (No. Publication Number PEP23–07–01-006). U.S. Department of Health and Human Services.</bibliomixed>
      <bibliomixed id="ch0024s0007bib64">Surace, T., Fusar-Poli, L., Vozza, L., Cavone, V., Arcidiacono, C., Mammano, R., Basile, L., Rodolico, A., Bisicchia, P., Caponnetto, P., Signorelli, M. S., &amp; Aguglia, E. (2021). Lifetime prevalence of suicidal ideation and suicidal behaviors in gender non-conforming youths: A meta-analysis. European Child &amp; Adolescent Psychiatry, 30(8), 1147–1161. Crossref</bibliomixed>
      <bibliomixed id="ch0024s0007bib65">European Child &amp; Adolescent Psychiatry, 30https://​doi.​org/​10.​1007/​s 00787-020-01508-5 Crossref</bibliomixed>
      <bibliomixed id="ch0024s0007bib66">Tucker, R. P., Crowley, K. J., Davidson, C. L., &amp; Gutierrez, P. M. (2015). Risk factors, warning signs, and drivers of suicide: What are they, how do they differ, and why does it matter? Suicide and Life-threatening Behavior, 45(6), 679–689. CrossrefPubMed</bibliomixed>
      <bibliomixed id="ch0024s0007bib67">Suicide and Life-threatening Behavior, 45https://​doi.​org/​10.​1111/​sltb.​12161 CrossrefPubMed</bibliomixed>
      <bibliomixed id="ch0024s0007bib68">Wakai, S., Schilling, E. A., Aseltine, R. H., Blair, E. W., Bourbeau, J., Duarte, A., Durst, L. S., Graham, P., Hubbard, N., Hughey, K., Weidner, D., &amp; Welsh, A. (2020). Suicide prevention skills, confidence and training: Results from the zero suicide workforce survey of behavioral health care professionals. SAGE Open Medicine, 8, 205031212093315. Crossref</bibliomixed>
      <bibliomixed id="ch0024s0007bib69">Wingate, L. R., Joiner, T. E., Walker, R. L., Rudd, M. D., &amp; Jobes, D. A. (2004). Empirically informed approaches to topics in suicide risk assessment. Behavioral Sciences &amp; the Law, 22(5), 651–665. Crossref</bibliomixed>
      <bibliomixed id="ch0024s0007bib70">Yu, Y., Matlin, S. L., Crusto, C. A., Hunter, B., &amp; Tebes, J. K. (2022). Double stigma and help-seeking barriers among Blacks with a behavioral health disorder. Psychiatric Rehabilitation Journal, 45(2), 183–191. CrossrefPubMed</bibliomixed>
      <bibliomixed id="ch0024s0007bib71">Psychiatric Rehabilitation Journal, 45https://​doi.​org/​10.​1037/​prj 0000507 CrossrefPubMed</bibliomixed>
   </bibliography>
</sect1>