<?xml version="1.0" encoding="UTF-8"?>
<sect1 id="ch0013s0007" role="Heading">
   <sect1info>
      <risinfo>
         <risprev>sect1.9781071643624.ch0013s0006</risprev>
         <riscurrent>sect1.9781071643624.ch0013s0007</riscurrent>
         <risnext>sect1.9781071643624.</risnext>
         <booktitle>Diagnostic Interviewing</booktitle>
         <isbn>9781071643624</isbn>
         <chapternumber>13</chapternumber>
         <chapterid>ch0013</chapterid>
         <chaptertitle>11. Dissociative Disorders</chaptertitle>
         <authorgroup>
            <author>
               <personname>
                  <firstname>Daniel L.</firstname>
                  <surname>Segal</surname>
               </personname>
            </author>
         </authorgroup>
         <publisher>
            <publishername>Springer US</publishername>
         </publisher>
         <pubdate>2025</pubdate>
      </risinfo>
      <primaryauthor>
         <personname>
            <firstname>Daniel L.</firstname>
            <surname>Segal</surname>
         </personname>
      </primaryauthor>
   </sect1info>
   <title>Summary</title>
   <para role="Para">Dissociative symptoms are conceptualized on a continuum, from those that are not considered pathological (e. g., highway hypnosis) to those that significantly impair functioning (e. g., identity fragmentation). Although generally thought of as rare, dissociative symptoms are common across many disorders, including PTSD and DDs. Given the potential impacts on treatment, it is imperative dissociation is routinely assessed for, particularly when there is a reported history of trauma. However, individuals with DDs may be less likely to discuss these experiences at first because of concerns about how they will be perceived or whether the clinician can be trusted. As an alliance is formed, it is important to continue to evaluating whether or not dissociation is present, using multi-measure/source corroboration whenever possible. It is also important to obtain training, regardless of whether you are going to treat dissociation, as DDs are frequently misdiagnosed by those who have not learned how to effectively assess dissociative symptoms.</para>
   <sidebar id="ch0013s0007ad01">
      <para/>
   </sidebar>
   <bibliography id="ch0013s0007bib0063">
      <bibliomixed id="ch0013s0007bib01">Ambrose, T., Giarrantano, K. J., McCue, M. L., Brand, B. L., &amp; Dalenberg, C. J. (2023). Utility of the MMPI-2 in differentiating genuine from feigned dissociative identity disorder. Psychological Trauma: Theory, Research, Practice &amp; Policy.</bibliomixed>
      <bibliomixed id="ch0013s0007bib02">American Psychiatric Association. (2022). Diagnostic and statistical manual of mental disorders DSM-5-text revision (5th ed.). American Psychiatric Press.Crossref</bibliomixed>
      <bibliomixed id="ch0013s0007bib03">Barth, M. R., Brand, B. L., &amp; Nester, M. S. (2023). Distinguishing clinical and simulated dissociative identity disorder using the Miller Forensic Assessment of Symptoms Test. Psychological Trauma: Theory, Research, Practice &amp; Policy, 15(5), 846–852. Crossref</bibliomixed>
      <bibliomixed id="ch0013s0007bib04">Bernstein, E. M., &amp; Putnam, F. W. (1986). Development, reliability, and validity of a dissociation scale. Journal of Nervous and Mental Disease, 174, 727–735.CrossrefPubMed</bibliomixed>
      <bibliomixed id="ch0013s0007bib05">Boyer, S. M., Caplan, J. E., &amp; Edwards, L. K. (2022). Trauma-related dissociation and the dissociative disorders: Neglected symptoms with severe public health consequences. Delaware Journal of Public Health, 8(2), 78–84. CrossrefPubMedPubMedCentral</bibliomixed>
      <bibliomixed id="ch0013s0007bib06">Brand, B. L. (2016). The necessity of clinical training in trauma and dissociation. Journal of Anxiety and Depression, 5(4), 251. Crossref</bibliomixed>
      <bibliomixed id="ch0013s0007bib07">Brand, B. L. (2023). The concise guide to the assessment and treatment of trauma-related dissociation. American Psychological Association Books.</bibliomixed>
      <bibliomixed id="ch0013s0007bib08">Brand, B. L., &amp; Chasson, G. S. (2015). Distinguishing simulated from genuine dissociative identity disorder on the MMPI-2. Psychological Trauma: Theory, Research, Practice, and Policy, 7(1), 93–101. CrossrefPubMed</bibliomixed>
      <bibliomixed id="ch0013s0007bib09">Brand, B. L., &amp; Loewenstein, R. J. (2014). Does phasic trauma treatment make patients with dissociative identity disorder treatment more dissociative? Journal of Trauma &amp; Dissociation, 15(1), 52–65.Crossref</bibliomixed>
      <bibliomixed id="ch0013s0007bib10">Brand, B. L., Armstrong, J. G., &amp; Loewenstein, R. J. (2006). Psychological assessment of patients with dissociative identity disorder. The Psychiatric Clinics of North America, 29(1), 145–168.CrossrefPubMed</bibliomixed>
      <bibliomixed id="ch0013s0007bib11">Brand, B. L., Armstrong, J. G., Loewenstein, R. J., &amp; McNary, S. W. (2009). Personality differences on the Rorschach of dissociative identity disorder, borderline personality disorder, and psychotic inpatients. Psychological Trauma: Theory, Research, Practice, and Policy, 1(3), 188–205.Crossref</bibliomixed>
      <bibliomixed id="ch0013s0007bib12">Brand, B. L., Tursich, M., Tzall, D., &amp; Loewenstein, R. J. (2014). Utility of the SIRS-2 in distinguishing genuine from simulated dissociative identity disorder. Psychological Trauma: Theory, Research, Practice, and Policy, 6(4), 308–317.Crossref</bibliomixed>
      <bibliomixed id="ch0013s0007bib13">Brand, B. L., Chasson, G. S., Palermo, C. A., Donato, F. M., Rhodes, K. P., &amp; Voorhees, E. F. (2016). MMPI-2 item endorsements in dissociative identity disorder vs. simulators. The Journal of the American Academy of Psychiatry and the Law, 44(1), 63–72.PubMed</bibliomixed>
      <bibliomixed id="ch0013s0007bib14">Brand, B. L., Webermann, A. R., Snyder, B. L., &amp; Kaliush, P. R. (2019). Detecting genuine and simulated dissociative identity disorder with the test of memory malingering. Psychological Trauma: Theory, Research, Practice &amp; Policy, 11(5), 513–520.Crossref</bibliomixed>
      <bibliomixed id="ch0013s0007bib15">Briere, J. (2001). Detailed assessment of posttraumatic stress. Psychological Assessment Resources.</bibliomixed>
      <bibliomixed id="ch0013s0007bib16">Briere, J. (2002). The multiscale dissociation inventory (MDI) professional manual. Psychological Assessment Resources, Inc.</bibliomixed>
      <bibliomixed id="ch0013s0007bib17">Briere, J. (2011). Trauma symptom inventory-2 (TSI-2): Professional manual. Psychological Assessment Resources, Inc.</bibliomixed>
      <bibliomixed id="ch0013s0007bib18">Briere, J., Dietrich, A., &amp; Semple, R. J. (2016). Dissociative complexity: Antecedents and clinical correlates of a new construct. Psycholical Trauma: Theory, Research, Practice, and Policy, 8(5), 577–584. Crossref</bibliomixed>
      <bibliomixed id="ch0013s0007bib19">Brown, L. S. (2008). Cultural competence in trauma therapy: Beyond the flashback. American Psychological Association.Crossref</bibliomixed>
      <bibliomixed id="ch0013s0007bib20">Butcher, J. N., Graham, J. R., Ben-Porath, Y. S., Tellegen, A., &amp; Dahlstrom, W. G. (2001). Manual for the administration and scoring of the MMPI-2. Minnesota University Press.</bibliomixed>
      <bibliomixed id="ch0013s0007bib21">Collin, P. H., &amp; Bilge, S. (2020). Intersectionality. Polity Press.</bibliomixed>
      <bibliomixed id="ch0013s0007bib22">Cronin, E., Brand, B. L., &amp; Mattanah, J. F. (2014). The impact of the therapeutic alliance on treatment outcome in patients with dissociative disorders. European Journal of Psychotraumatology, 5.</bibliomixed>
      <bibliomixed id="ch0013s0007bib23">Dalenberg, C. J., Brand, B. L., Gleaves, D. H., Dorahy, M. J., Loewenstein, R. J., Cardena, E., et al. (2012). Evaluation of the evidence for the trauma and fantasy models of dissociation. Psychological Bulletin, 138(3), 550–588. CrossrefPubMed</bibliomixed>
      <bibliomixed id="ch0013s0007bib24">Dalenberg, C. J., Brand, B. L., Loewenstein, R. J., Gleaves, D. H., Dorahy, M. J., Cardeña, E., et al. (2014). Reality versus fantasy: Reply to Lynn et al. (2014). Psychological Bulletin, 140(3), 911–920.CrossrefPubMed</bibliomixed>
      <bibliomixed id="ch0013s0007bib25">Dell, P. F. (2002). Dissociative phenomenology of dissociative identity disorder. The Journal of Nervous and Mental Disease, 190(1), 10–15.CrossrefPubMed</bibliomixed>
      <bibliomixed id="ch0013s0007bib26">Dell, P. F. (2006a). A mew model of dissociative identity disorder. Psychiatric Clinics of North America, 29(1), 1–26.CrossrefPubMed</bibliomixed>
      <bibliomixed id="ch0013s0007bib27">Dell, P. F. (2006b). The multidimensional inventory of dissociation (MID): A comprehensive measure of pathological dissociation. Journal of Trauma &amp; Dissociation, 7(2), 77–106.Crossref</bibliomixed>
      <bibliomixed id="ch0013s0007bib28">Dorahy, M. J., Lewis, C. A., &amp; Mulholland, C. (2005). The detection of dissociative identity disorder by Northern Irish clinical psychologists and psychiatrists: A clinical vignettes study. Journal of Trauma &amp; Dissociation, 6(4), 39–50. Crossref</bibliomixed>
      <bibliomixed id="ch0013s0007bib29">Dorahy, M. J., Shannon, C., Seagar, L., Corr, M., Stewart, K., Hanna, D., et al. (2009). Auditory hallucinations in dissociative identity disorder and schizophrenia with and without a childhood trauma history: Similarities and differences. The Journal of Nervous and Mental Disease, 197(12), 892–898. CrossrefPubMed</bibliomixed>
      <bibliomixed id="ch0013s0007bib30">Dorahy, M. J., Brand, B. L., Şar, V., Krüger, C., Stavropoulos, P., Martínez-Taboas, A., et al. (2014). Dissociative identity disorder: An empirical overview. Australian and New Zealand Journal of Psychiatry, 48(5), 402–417.CrossrefPubMed</bibliomixed>
      <bibliomixed id="ch0013s0007bib31">Exner, J. E., &amp; Erdberg, P. (2005). The Rorschach: A comprehensive system (3rd ed.). John Wiley &amp; Sons.</bibliomixed>
      <bibliomixed id="ch0013s0007bib32">Finley, J. D. A., Barth, M., &amp; Brand, B. L. (under review). Distinguishing genuine from simulated dissociative identity disorder using the Morel Emotional Numbing Test. Psychological Trauma: Theory, Research, Practice, and Policy.</bibliomixed>
      <bibliomixed id="ch0013s0007bib33">Foote, B., Smolin, Y., Neft, D. I., &amp; Lipschitz, D. (2008). Dissociative disorders and suicidality in psychiatric outpatients. Journal of Nervous and Mental Disease, 196(1), 29–36.CrossrefPubMed</bibliomixed>
      <bibliomixed id="ch0013s0007bib34">Frewen, P. A., &amp; Lanius, R. (2015). Healing the traumatized self: Consciousness, neuroscience, treatment. W W Norton &amp; Co.</bibliomixed>
      <bibliomixed id="ch0013s0007bib35">International Society for the Study of Dissociation, Chu, J. A., Dell, P. F., Somer, E., Van der Hart, O., Cardeña, E., et al. (2011). Guidelines for treating dissociative identity disorder in adults, third revision. Journal of Trauma and Dissociation, 12(2), 115–187. Crossref</bibliomixed>
      <bibliomixed id="ch0013s0007bib36">Lanius, R. A., Brand, B. L., Vermetten, E., Frewen, P. A., &amp; Spiegel, D. (2012). The dissociative subtype of posttraumatic stress disorder: Rationale, clinical and neurobiological evidence, and implications. Depression and Anxiety, 29(8), 701–708. CrossrefPubMed</bibliomixed>
      <bibliomixed id="ch0013s0007bib37">Leonard, D., &amp; Tiller, J. (2016). Dissociative identity disorder (DID) in clinical practice—What you don’t see may hurt you. Australasian Psychiatry, 24(1), 39–41. CrossrefPubMed</bibliomixed>
      <bibliomixed id="ch0013s0007bib38">Loewenstein, R. J. (1991). An office mental status examination for complex chronic dissociative symptoms and multiple personality disorder. Psychiatric Clinics of North America, 14(3), 567–604.CrossrefPubMed</bibliomixed>
      <bibliomixed id="ch0013s0007bib39">Longden, E., Madill, A., &amp; Waterman, M. G. (2012). Dissociation, trauma, and the role of lived experience: Toward a new conceptualization of voice hearing. Psychological Bulletin, 138(1), 28–76. CrossrefPubMed</bibliomixed>
      <bibliomixed id="ch0013s0007bib40">Lyssenko, L., Schmahl, C., Bockhacker, L., Vonderlin, R., Bohus, M., &amp; Kleindienst, N. (2018). Dissociation in psychiatric disorders: A meta-analysis of studies using the dissociative experiences scale. American Journal of Psychiatry, 175(1), 37–46.CrossrefPubMed</bibliomixed>
      <bibliomixed id="ch0013s0007bib41">Mendez, N., Martinez-Taboas, A., &amp; Pedrosa, O. (2000). Experiences, beliefs and attitudes of Puerto Rican psychologists toward Dissociative Identity Disorder. Ciencias de la Conducta, 15, 69–84.</bibliomixed>
      <bibliomixed id="ch0013s0007bib42">Murray, H. A. (1943). Thematic apperception test. Harvard University Press.</bibliomixed>
      <bibliomixed id="ch0013s0007bib43">Mychailyszyn, M. P., Brand, B. L., Webermann, A. R., Şar, V., &amp; Draijer, N. (2021). Differentiating dissociative from non-dissociative disorders: A meta-analysis of the Structured Clinical Interview for DSM Dissociative Disorders (SCID-D). Journal of Trauma &amp; Dissociation, 22(1), 19–34. Crossref</bibliomixed>
      <bibliomixed id="ch0013s0007bib44">Nijenhuis, E. R. S., Spinhoven, P., Van Dyck, R., Van Der Hart, O., &amp; Vanderlinden, J. (1996). The development and psychometric characteristics of the Somatoform Dissociation Questionnaire (SDQ-20). Journal of Nervous and Mental Disease, 184(11), 688–694. CrossrefPubMed</bibliomixed>
      <bibliomixed id="ch0013s0007bib45">Palermo, C. A., &amp; Brand, B. L. (2019). Can the Trauma Symptom Inventory-2 distinguish coached simulators from dissociative disorder patients? Psychological Trauma: Theory, Research, Practice, &amp; Policy, 11(5), 477–485. Crossref</bibliomixed>
      <bibliomixed id="ch0013s0007bib46">The influence of skepticism and clinical experience on the detection of dissociative identity disorder by mental health clinicianshttp://​proxy-tu.​researchport.​umd.​edu/​login?​ins=​tu&amp;​url=​http://​search.​ebscohost.​com/​login.​aspx?​direct=​true&amp;​db=​psyh&amp;​AN=​2015-99080-169&amp;​site=​ehost-live</bibliomixed>
      <bibliomixed id="ch0013s0007bib47">Pica, M., Beere, D., Lovinger, S., &amp; Dush, D. (2001). The responses of dissociative patients on the Thematic Apperception Test. Journal of Clinical Psychology, 57(7), 847–864.CrossrefPubMed</bibliomixed>
      <bibliomixed id="ch0013s0007bib48">Platt, M. G., Luoma, J. B., &amp; Freyd, J. J. (2016). Shame and dissociation in survivors of high and low betrayal trauma. Journal of Aggression, Maltreatment &amp; Trauma, 26(1), 34–49. Crossref</bibliomixed>
      <bibliomixed id="ch0013s0007bib49">Rogers, R., Sewell, K. W., &amp; Gillard, N. D. (2010). Structured innterview of reported symptoms-2 (SIRS-2) and professional manual. Psychological Assessment Resources.</bibliomixed>
      <bibliomixed id="ch0013s0007bib50">Structured innterview of reported symptoms-2 (SIRS-2) and professional manual</bibliomixed>
      <bibliomixed id="ch0013s0007bib51">Ross, C. A., Miller, S. D., Reagor, P., Bjornson, L., Fraser, G. A., &amp; Anderson, G. (1990). Schneiderian symptoms in multiple personality disorder and schizophrenia. Comprehensive Psychiatry, 31, 111–118.CrossrefPubMed</bibliomixed>
      <bibliomixed id="ch0013s0007bib52">Sar, V. (2011). Epidemiology of dissociative disorders: An overview. Epidemiology Research International. .</bibliomixed>
      <bibliomixed id="ch0013s0007bib53">Schore, A. (2009). Attachment trauma and the developing right brain: Origins of pathological dissociation. In P. F. Dell &amp; J. A. O’Neil (Eds.), Dissociation and the dissociative disorders: DSM-V and beyond (pp. 107–141). Routledge/Taylor &amp; Francis Group.</bibliomixed>
      <bibliomixed id="ch0013s0007bib54">Sierra, M., &amp; Berrios, G. E. (2000). The Cambridge Depersonalisation Scale: A new instrument for the measurement of depersonalisation. Psychiatry Research, 93(2), 153–164.CrossrefPubMed</bibliomixed>
      <bibliomixed id="ch0013s0007bib55">Stadnik, R. D., Brand, B. L., &amp; Savoca, A. (2013). Personality assessment inventory profile and predictors of elevations among dissociative disorder patients. Journal of Trauma &amp; Dissociation, 14(5), 546–561. Crossref</bibliomixed>
      <bibliomixed id="ch0013s0007bib56">Steele, K., Boon, S., &amp; van der Hart, O. (2017). Treating trauma-rleated dissociation: A practical, integrated approach. W. W. Norton &amp; Company.</bibliomixed>
      <bibliomixed id="ch0013s0007bib57">Steinberg, M. (2023). The SCID-D interview: Dissociation assessment in therapy, forensic, and research. American Psychiatric Press.</bibliomixed>
      <bibliomixed id="ch0013s0007bib58">Stoltenborgh, M., Bakermans-Kranenburg, M. J., Alink, L. R. A., &amp; van Ijzendoorn, M. H. (2015). The prevalence of child maltreatment across the globe: Review of a series of meta-analyses. Child Abuse Review, 24(1), 37–50. Crossref</bibliomixed>
      <bibliomixed id="ch0013s0007bib59">Tombaugh, T. N. (2002). The Test of Memory Malingering (TOMM) in forensic psychology. Journal of Forensic Neuropsychology, 2(3–4), 69–96. Crossref</bibliomixed>
      <bibliomixed id="ch0013s0007bib60">White, W. F., Burgess, A., Dalgleish, T., et al. (2022). Prevalence of the dissociative subtype of post-traumatic stress disorder: A systematic review and meta-analysis. Psychological Medicine, 52(9), 629–1644.</bibliomixed>
      <bibliomixed id="ch0013s0007bib61">Wolf, G. K., Reinhard, M., Cozolino, L. J., Caldwell, A., &amp; Asamen, J. K. (2009). Neuropsychiatric symptoms of complex posttraumatic stress disorder: A preliminary Minnesota Multiphasic Personality Inventory scale to identify adult survivors of childhood abuse. Psychological Trauma: Theory, Research, Practice, and Policy, 1(1), 49–64.Crossref</bibliomixed>
      <bibliomixed id="ch0013s0007bib62">Psychological Trauma: Theory, Research, Practice, and Policy, 1 Crossref</bibliomixed>
   </bibliography>
</sect1>