<?xml version="1.0" encoding="UTF-8"?>
<sect1 id="ch0016s0003" role="Heading">
   <sect1info>
      <risinfo>
         <risprev>sect1.9781071643624.ch0016s0002</risprev>
         <riscurrent>sect1.9781071643624.ch0016s0003</riscurrent>
         <risnext>sect1.9781071643624.ch0016s0004</risnext>
         <booktitle>Diagnostic Interviewing</booktitle>
         <isbn>9781071643624</isbn>
         <chapternumber>16</chapternumber>
         <chapterid>ch0016</chapterid>
         <chaptertitle>14. Sexual Dysfunctions, Gender Dysphoria, and Paraphilic Disorders</chaptertitle>
         <authorgroup>
            <author>
               <personname>
                  <firstname>Daniel L.</firstname>
                  <surname>Segal</surname>
               </personname>
            </author>
         </authorgroup>
         <publisher>
            <publishername>Springer US</publishername>
         </publisher>
         <pubdate>2025</pubdate>
      </risinfo>
      <primaryauthor>
         <personname>
            <firstname>Daniel L.</firstname>
            <surname>Segal</surname>
         </personname>
      </primaryauthor>
   </sect1info>
   <title>Recommendations for Formal Assessment</title>
   <sect2 id="ch0016s0003s01" role="Heading">
      <title>Sexual Dysfunctions</title>
      exist<indexterm significance="normal">
         <primary>exist</primary>
      </indexterm>
      <para>
         <phrase>14.4</phrase>Handbook of Sexuality-Related Measures<phrase>2020</phrase>Table 14.4</para>
      sexual<indexterm significance="normal">
         <primary>sexual</primary>
      </indexterm>
      <para role="SimplePara">Selected questionnaires<indexterm significance="normal">
            <primary>questionnaires</primary>
         </indexterm> used for the assessment of sexual well-being</para>
      <table id="ch0016s0003ta04">
         <title/>
         <tgroup cols="2">
            <colspec colname="c1" colnum="1"/>
            <colspec colname="c2" colnum="2"/>
            <tbody>
               <row>
                  <entry>
                     <para role="SimplePara">Questionnaire</para>
                  </entry>
                  <entry>
                     <para role="SimplePara">Description</para>
                  </entry>
               </row>
               <row>
                  <entry>
                     <para role="SimplePara">Female Sexual Functioning Index (FSFI)<superscript>a</superscript>
                     </para>
                  </entry>
                  <entry>
                     <para role="SimplePara">Measures global sexual functioning, includes domain scores for desire, arousal, lubrication, orgasm, satisfaction, and pain; a modified version<superscript>b</superscript> has been validated for women with same-sex partners</para>
                  </entry>
               </row>
               <row>
                  <entry>
                     <para role="SimplePara">Vulvar Pain Assessment Questionnaire (VPAQ)<superscript>c</superscript>
                     </para>
                  </entry>
                  <entry>
                     <para role="SimplePara">Assesses vulvar pain characteristics, effects of vulvar pain on various aspects of life, coping strategies used, and romantic partner factors</para>
                  </entry>
               </row>
               <row>
                  <entry>
                     <para role="SimplePara">Sexual Interest and Desire Inventory for Females (SIDI-F)<superscript>d</superscript>
                     </para>
                  </entry>
                  <entry>
                     <para role="SimplePara">Quantifies the severity of symptoms in women with sexual desire disorders</para>
                  </entry>
               </row>
               <row>
                  <entry>
                     <para role="SimplePara">International Index of Sexual Functioning (IIEF)<superscript>e</superscript>
                     </para>
                  </entry>
                  <entry>
                     <para role="SimplePara">Measures global sexual functioning, includes domain scores for erectile function, orgasmic function, sexual desire, intercourse satisfaction, and overall satisfaction; a modified version<superscript>b</superscript> has been validated for men with same-gender/sex partners<superscript>f</superscript>
                     </para>
                  </entry>
               </row>
               <row>
                  <entry>
                     <para role="SimplePara">Premature Ejaculation Diagnostic Tool (PEDT)<superscript>g</superscript>
                     </para>
                  </entry>
                  <entry>
                     <para role="SimplePara">Assesses ejaculatory control and frequency, amount of stimulation needed for ejaculation, distress, and interpersonal difficulty</para>
                  </entry>
               </row>
               <row>
                  <entry>
                     <para role="SimplePara">Sexual Distress Scale (SDS)<superscript>h</superscript>
                     </para>
                  </entry>
                  <entry>
                     <para role="SimplePara">Quantifies sexually related distress; validated for women and men<superscript>i</superscript>
                     </para>
                  </entry>
               </row>
               <row>
                  <entry>
                     <para role="SimplePara">Dyadic Adjustment Scale (DAS)<superscript>j</superscript>
                     </para>
                  </entry>
                  <entry>
                     <para role="SimplePara">Assesses dyadic cohesion, satisfaction, consensus, and affectional expression</para>
                  </entry>
               </row>
               <row>
                  <entry>
                     <para role="SimplePara">Sexuality Questionnaire<superscript>k</superscript>
                     </para>
                  </entry>
                  <entry>
                     <para role="SimplePara">A measure of gender identity, and affectional and sexual orientation</para>
                  </entry>
               </row>
            </tbody>
         </tgroup>
      </table>
      <para role="SimplePara">
         <superscript>a</superscript> Rosen et al. (<emphasis role="CitationRef">
            <phrase>2000</phrase>
         </emphasis>)</para>
      <para role="SimplePara">
         <superscript>b</superscript> Boehmer et al. (<emphasis role="CitationRef">
            <phrase>2012</phrase>
         </emphasis>)</para>
      <para role="SimplePara">
         <superscript>c</superscript> Dargie et al. (<emphasis role="CitationRef">
            <phrase>2016</phrase>
         </emphasis>)</para>
      <para role="SimplePara">
         <superscript>d</superscript> Sills et al. (<emphasis role="CitationRef">
            <phrase>2005</phrase>
         </emphasis>)</para>
      <para role="SimplePara">
         <superscript>e</superscript> Rosen et al. (<emphasis role="CitationRef">
            <phrase>1997</phrase>
         </emphasis>)</para>
      <para role="SimplePara">
         <superscript>f</superscript> Coyne et al. (<emphasis role="CitationRef">
            <phrase>2010</phrase>
         </emphasis>)</para>
      <para role="SimplePara">
         <superscript>g</superscript> Symonds et al. (<emphasis role="CitationRef">
            <phrase>2007</phrase>
         </emphasis>)</para>
      <para role="SimplePara">
         <superscript>h</superscript> Derogatis et al. (<emphasis role="CitationRef">
            <phrase>2002</phrase>
         </emphasis>)</para>
      <para role="SimplePara">
         <superscript>i</superscript> Santos-Iglesias et al. (<emphasis role="CitationRef">
            <phrase>2018</phrase>
         </emphasis>)</para>
      <para role="SimplePara">
         <superscript>j</superscript> Spanier (<emphasis role="CitationRef">
            <phrase>1976</phrase>
         </emphasis>)</para>
      <para role="SimplePara">
         <superscript>k</superscript> Alderson (<emphasis role="CitationRef">
            <phrase>2012</phrase>
         </emphasis>)</para>
   </sect2>
   <sect2 id="ch0016s0003s02" role="Heading">
      <title>Gender Dysphoria</title>
      <para>
         <phrase>14.5</phrase>Table 14.5</para>
      assessment<indexterm significance="normal">
         <primary>assessment</primary>
      </indexterm>
      <para role="SimplePara">Questionnaires used<indexterm significance="normal">
            <primary>used</primary>
         </indexterm>for the assessment of gender identity and dysphoria</para>
      <table id="ch0016s0003ta05">
         <title/>
         <tgroup cols="3">
            <colspec colname="c1" colnum="1"/>
            <colspec colname="c2" colnum="2"/>
            <colspec colname="c3" colnum="3"/>
            <tbody>
               <row>
                  <entry>
                     <para role="SimplePara">Questionnaire</para>
                  </entry>
                  <entry>
                     <para role="SimplePara">Age group</para>
                  </entry>
                  <entry>
                     <para role="SimplePara">Description</para>
                  </entry>
               </row>
               <row>
                  <entry>
                     <para role="SimplePara">Utrecht gender dysphoria scale—gender spectrum (UGDS-GS)<superscript>a</superscript>
                     </para>
                  </entry>
                  <entry>
                     <para role="SimplePara">Adolescents and adults</para>
                  </entry>
                  <entry>
                     <para role="SimplePara">This measure assesses dissatisfaction with gender identity and expression, and comfort with affirmed gender identity</para>
                  </entry>
               </row>
               <row>
                  <entry>
                     <para role="SimplePara">Trans Youth CAN! Gender Distress Scale (TYC-GDS)<superscript>b</superscript>
                     </para>
                  </entry>
                  <entry>
                     <para role="SimplePara">Youth (puberty age up to 17 years) who are seeking care for puberty-blocking hormones or gender-affirming hormone therapy</para>
                  </entry>
                  <entry>
                     <para role="SimplePara">Administered by personal interview to measure distress-related symptoms of gender dysphoria</para>
                  </entry>
               </row>
               <row>
                  <entry>
                     <para role="SimplePara">Sexuality Questionnaire<superscript>c</superscript>
                     </para>
                  </entry>
                  <entry>
                     <para role="SimplePara">Adolescents and adults</para>
                  </entry>
                  <entry>
                     <para role="SimplePara">This self-report measure captures an individual’s gender identity, and affectional and sexual orientation</para>
                  </entry>
               </row>
            </tbody>
         </tgroup>
      </table>
      <para role="SimplePara">
         <superscript>a</superscript>Mc Guire et al. (<emphasis role="CitationRef">
            <phrase>2020</phrase>
         </emphasis>)</para>
      <para role="SimplePara">
         <superscript>b</superscript> Bauer et al. (<emphasis role="CitationRef">
            <phrase>2021</phrase>
         </emphasis>)</para>
      <para role="SimplePara">
         <superscript>c</superscript> Alderson (<emphasis role="CitationRef">
            <phrase>2012</phrase>
         </emphasis>)</para>
   </sect2>
   <sect2 id="ch0016s0003s03" role="Heading">
      <title>Paraphilic Disorders</title>
      clinical interview<indexterm significance="normal">
         <primary>clinical interview</primary>
      </indexterm>
      <para>
         <phrase>14.6</phrase>Table 14.6</para>
      <para role="SimplePara">Commonly used<indexterm significance="normal">
            <primary>used</primary>
         </indexterm>questionnaires used in the assessment of paraphilic disorders</para>
      <table id="ch0016s0003ta06">
         <title/>
         <tgroup cols="2">
            <colspec colname="c1" colnum="1"/>
            <colspec colname="c2" colnum="2"/>
            <tbody>
               <row>
                  <entry>
                     <para role="SimplePara">Questionnaire</para>
                  </entry>
                  <entry>
                     <para role="SimplePara">Domain</para>
                  </entry>
               </row>
               <row>
                  <entry>
                     <para role="SimplePara">Multiphasic Sex Inventory (MSI) and the Multiphasic Sex Inventory-II (MSI-II)</para>
                  </entry>
                  <entry>
                     <para role="SimplePara">Characteristics of conventional and paraphilic sexual behaviors</para>
                  </entry>
               </row>
               <row>
                  <entry>
                     <para role="SimplePara">The Multidimensional Inventory of Development, Sex, and Aggression (MIDSA)</para>
                  </entry>
                  <entry>
                     <para role="SimplePara">Sexual attitudes, fantasies, and behaviors</para>
                  </entry>
               </row>
               <row>
                  <entry>
                     <para role="SimplePara">The Clarke Sexual History Questionnaire-Revised (SHQ-R)</para>
                  </entry>
                  <entry>
                     <para role="SimplePara">Different aspects of conventional and paraphilic sexuality</para>
                  </entry>
               </row>
               <row>
                  <entry>
                     <para role="SimplePara">Minnesota Multiphasic Personality Inventory-3 (MMPI-3)</para>
                  </entry>
                  <entry>
                     <para role="SimplePara">Characteristics and personality structures associated with paraphilic sexual behaviors or sexual offending</para>
                  </entry>
               </row>
               <row>
                  <entry>
                     <para role="SimplePara">Paulhus Deception Scale (PDS)</para>
                  </entry>
                  <entry>
                     <para role="SimplePara">Impression management</para>
                  </entry>
               </row>
               <row>
                  <entry>
                     <para role="SimplePara">Psychopathy Checklist-Revised (PCL-R) for forensic assessments</para>
                  </entry>
                  <entry>
                     <para role="SimplePara">Antisocial tendencies</para>
                  </entry>
               </row>
               <row>
                  <entry>
                     <para role="SimplePara">The Criminal Sentiments Scale (CSC)</para>
                  </entry>
                  <entry>
                     <para role="SimplePara">Attitudes toward the justice system and the degree to which an individual is tolerant of law violations and identifies with other criminals</para>
                  </entry>
               </row>
               <row>
                  <entry>
                     <para role="SimplePara">The Static-99</para>
                  </entry>
                  <entry>
                     <para role="SimplePara">Actuarial scale used for assessing risk for sexual reoffense</para>
                  </entry>
               </row>
               <row>
                  <entry>
                     <para role="SimplePara">Stable-2007</para>
                  </entry>
                  <entry>
                     <para role="SimplePara">Dynamic scale exploring sexual and general regulation as they pertain to risk for re-offense. Establishes treatment priorities</para>
                  </entry>
               </row>
               <row>
                  <entry>
                     <para role="SimplePara">The Sex Offender Risk Appraisal Guide (SORAG)</para>
                  </entry>
                  <entry>
                     <para role="SimplePara">Actuarial scale used for assessing risk for sexual reoffense</para>
                  </entry>
               </row>
               <row>
                  <entry>
                     <para role="SimplePara">The Violence Risk Appraisal Guide (VRAG)</para>
                  </entry>
                  <entry>
                     <para role="SimplePara">Actuarial scale used for assessing risk of general violence in either sexual or nonsexual offenders</para>
                  </entry>
               </row>
               <row>
                  <entry>
                     <para role="SimplePara">The Minnesota Sex Offender Screening Tool (MnSOST)</para>
                  </entry>
                  <entry>
                     <para role="SimplePara">Screening tool to prioritize sex offenders for programs and level of community supervision</para>
                  </entry>
               </row>
            </tbody>
         </tgroup>
      </table>
      <sect3 id="ch0016s0003s03s01" role="Heading">
         <title>Questionnaires</title>
         <para role="Para">The first and second versions<indexterm significance="normal">
               <primary>versions</primary>
            </indexterm> of the Multiphasic Sex Inventory<indexterm significance="normal">
               <primary>Inventory</primary>
            </indexterm> (MSI; Nichols &amp; Molinder, <emphasis role="CitationRef">
               <phrase>1984</phrase>
            </emphasis>; MSI-II; Nichols &amp; Molinder, <emphasis role="CitationRef">
               <phrase>2000</phrase>
            </emphasis>) measure a number of characteristics of conventional and paraphilic sexual behaviors. Moreover, both contain a treatment readiness scale that provides an index of an individual’s receptivity to treatment. While the MSI has good psychometric properties (Seto et al., <emphasis role="CitationRef">
               <phrase>2014</phrase>
            </emphasis>), there are fewer studies regarding the MSI-II and its psychometric properties are less clear (Akerman &amp; Beech, <emphasis role="CitationRef">
               <phrase>2012</phrase>
            </emphasis>).</para>
         <para role="Para">The Multidimensional Inventory of Development, Sex, and Aggression (Multidimensional Inventory of Development, Sex, and Aggression (MIDSA),<emphasis role="CitationRef">
               <phrase>2011</phrase>
            </emphasis>) is a computerized self-assessment inventory developed to assess a range of sexual attitudes, fantasies, and behaviors to assist in clarifying intervention targets to reduce the risk of re-offending. The developers have made available extensive development data (Akerman &amp; Beech, <emphasis role="CitationRef">
               <phrase>2012</phrase>
            </emphasis>), and the<indexterm significance="normal">
               <primary>the</primary>
            </indexterm>scale has demonstrated acceptable psychometric properties (Seto et al., <emphasis role="CitationRef">
               <phrase>2014</phrase>
            </emphasis>) and contains four validity indicators.</para>
         <para role="Para">The Clarke Sexual History Questionnaire-Revised (SHQ-R<indexterm significance="normal">
               <primary>Sexual History Questionnaire-Revised (SHQ-R</primary>
            </indexterm>; Langevin &amp; Paitich, <emphasis role="CitationRef">
               <phrase>2002</phrase>
            </emphasis>) covers different aspects of<indexterm significance="normal">
               <primary>of</primary>
            </indexterm> conventional and paraphilic sexuality and includes two validity indicators. While it is vulnerable to response bias, Laws et al. (<emphasis role="CitationRef">
               <phrase>2000</phrase>
            </emphasis>) note that such measures can assist in a broader evaluation of sexual proclivities. Moreover, employing a test of impression management such as the Paulhus Deception Scales (PDS; Paulhus, <emphasis role="CitationRef">
               <phrase>1999</phrase>
            </emphasis>) can be a useful adjunct in assessing impression management response bias and, in the case of the PDS, an individual’s level of personal insight.</para>
         <para role="Para">The Minnesota Multiphasic Personality Inventory (MMPI)<indexterm significance="normal">
               <primary>Minnesota Multiphasic Personality Inventory (MMPI)</primary>
            </indexterm> and subsequent versions (the most recent being the MMPI-3; Ben-Porath &amp; Tellegen, <emphasis role="CitationRef">
               <phrase>2020</phrase>
            </emphasis>) have been used to assess various aspects of sexuality, including paraphilic sexual behaviors (e. g., Hopkins et al.,<emphasis role="CitationRef">
               <phrase>2016</phrase>
            </emphasis>; Van Slyke,<emphasis role="CitationRef">
               <phrase>2018</phrase>
            </emphasis>). This inventory has the advantage of well-researched validity scales and a lengthy history of research, making it useful for assessments<indexterm significance="normal">
               <primary>assessments</primary>
            </indexterm> involving the court system (Ben-Porath, <emphasis role="CitationRef">
               <phrase>2012</phrase>
            </emphasis>).</para>
      </sect3>
      <sect3 id="ch0016s0003s03s02" role="Heading">
         <title>Viewing Time</title>
         <para role="Para">Viewing time (VT) measures (e. g., Abel Assessment of Sexual Interest; Abel et al.,<emphasis role="CitationRef">
               <phrase>1998</phrase>
            </emphasis>) were developed<indexterm significance="normal">
               <primary>developed</primary>
            </indexterm> to provide an objective but less intrusive assessment of sexual interests than phallometry (see below). In this approach, a test taker is shown a series of slides depicting pictures of clothed people of varying ages. Viewing time on each slide, measured beyond the test-taker’s<indexterm significance="normal">
               <primary>test-taker’s</primary>
            </indexterm>awareness, as well as self-reported sexual interest are measured. Interest is measured by response delays induced by the preferred sexual content in stimuli to which the individuals are exposed, with the data-driven assumption that the test-taker will look longer at the images they find to be sexually attractive. Although some believe the weak psychometric properties of these procedures render them better used as a clinical tool than a risk assessment measure (e. g., Akerman &amp; Beech,<emphasis role="CitationRef">
               <phrase>2012</phrase>
            </emphasis>), results<indexterm significance="normal">
               <primary>results</primary>
            </indexterm> of a meta-analysis demonstrate moderate discrimination between groups of sexual offenders and nonsexual offenders as well as significant convergent validity with other measures assessing sexual preference (Schmidt et al., <emphasis role="CitationRef">
               <phrase>2017</phrase>
            </emphasis>). Amelung et al. (<emphasis role="CitationRef">
               <phrase>2024</phrase>
            </emphasis>) found that VT could also be useful outside of a forensic context to distinguish individuals presenting with pedo-hebephilia (i. e., sexual interests in pre-pubescent and pubescent children) without a history<indexterm significance="normal">
               <primary>history</primary>
            </indexterm> of offending.</para>
      </sect3>
      <sect3 id="ch0016s0003s03s03" role="Heading">
         <title>Phallometry</title>
         <para role="Para">
            Phallometry<indexterm significance="normal">
               <primary>Phallometry</primary>
            </indexterm>involves the direct measurement of penile responses when individuals are exposed to auditory or visual sexual stimuli. These can vary on specific dimensions of interest (e. g., age, gender, and level of coercion). Phallometric responses are recorded as increases in either penile circumference or volume with indices reflecting differential responses to sex-typical and paraphilic themes. Phallometric measures have been well validated, although problems remain with a lack of standardization in terms of procedures and stimuli across evaluation centers. A recent meta-analysis (Mc Phail et al.,<emphasis role="CitationRef">
               <phrase>2019</phrase>
            </emphasis>) supports the validity of phallometric testing for pedo-hebephilic propensities especially if audio and slides are used; the use of video stimuli was not supported. While concerns about the faking of test responses are well grounded and countermeasures are limited (Wilson &amp; Miner, <emphasis role="CitationRef">
               <phrase>2016</phrase>
            </emphasis>), Mc Phail and colleagues stress<indexterm significance="normal">
               <primary>stress</primary>
            </indexterm> that the validity of test results can be enhanced through the use of evidence-based practices and standardized procedures.</para>
         <para role="Para">It is recommended<indexterm significance="normal">
               <primary>recommended</primary>
            </indexterm>that users be trained in phallometry and familiar with its strengths and limitations because the results often carry a lot of weight (e. g., regarding access to biological children) (Association for the Treatment of Sexual Abusers,<emphasis role="CitationRef">
               <phrase>2014</phrase>
            </emphasis>). Furthermore, the results of such testing should never be used in isolation but rather be incorporated as part of a broader consideration<indexterm significance="normal">
               <primary>consideration</primary>
            </indexterm> of assessment information.</para>
      </sect3>
      <sect3 id="ch0016s0003s03s04" role="Heading">
         <title>Assessing Antisocial Tendencies</title>
         <para role="Para">Adherence to antisocial<indexterm significance="normal">
               <primary>antisocial</primary>
            </indexterm>values is associated with increased rates of nonsexual recidivism for both sexual and nonsexual offenders (e. g., Witte et al.,<emphasis role="CitationRef">
               <phrase>2006</phrase>
            </emphasis>), and the assessment of such sentiments is generally included as part of a comprehensive evaluation of sexual abusers. In their most extreme form, antisocial tendencies are highly associated with criminal behavior, and, in their extreme, they present as psychopathy, which led Hare (<emphasis role="CitationRef">
               <phrase>2003</phrase>
            </emphasis>) to develop the Psychopathy Checklist-Revised (PCL-R)<indexterm significance="normal">
               <primary>Psychopathy Checklist-Revised (PCL-R)</primary>
            </indexterm> for forensic assessments. Psychopathy is characterized by a lack of empathy or conscience, manipulative behaviors, deceitfulness, along with impulsive and irresponsible behavior. The PCL-R has become widely used and accepted by forensic psychologists and the courts (Murrie et al., <emphasis role="CitationRef">
               <phrase>2012</phrase>
            </emphasis>). However, these authors demonstrated that the validity of PCL-R is eroded when users are not rigorously trained. Moreover, a subset of items measuring persistent and versatile criminality and<indexterm significance="normal">
               <primary>and</primary>
            </indexterm> aggression (Facet 4) fared better than all other PCL-R elements.</para>
         <para role="Para">Criminogenic values<indexterm significance="normal">
               <primary>values</primary>
            </indexterm> have also been linked to an increased risk to engage in antisocial behavior. The Criminal Sentiments Scale (CSC; Andrews &amp; Wormith, <emphasis role="CitationRef">
               <phrase>1984</phrase>
            </emphasis>) measures attitudes toward the justice system and the degree to which an individual is tolerant of law violations and identifies with other criminals. A modified version (Simourd, <emphasis role="CitationRef">
               <phrase>1997</phrase>
            </emphasis>) has been shown to be a good predictor of future involvement in nonsexual criminal activity among<indexterm significance="normal">
               <primary>among</primary>
            </indexterm> sexual offenders (Witte et al., <emphasis role="CitationRef">
               <phrase>2006</phrase>
            </emphasis>).</para>
      </sect3>
      <sect3 id="ch0016s0003s03s05" role="Heading">
         <title>Risk Assessment</title>
         <para role="Para">Early risk assessment models<indexterm significance="normal">
               <primary>models</primary>
            </indexterm> (before the mid-1990s) used unstructured professional judgment, which resulted in levels of prediction that were not much better than chance. Since the mid-1990s, tremendous strides in the development of risk assessment scales for sexual offenders have been made (Harris &amp; Hanson, <emphasis role="CitationRef">
               <phrase>2010</phrase>
            </emphasis>). Bonta and Andrews (<emphasis role="CitationRef">
               <phrase>2017</phrase>
            </emphasis>) summarized an important way of classifying risk factors into static versus dynamic/criminogenic factors, with static factors being historical/demographic factors that do not change over time (e. g., criminal history) and dynamic/criminogenic factors being those that can change and impact recidivism (e. g., sexual preoccupation levels). Not surprisingly, it is easier to gain inter-rater reliability on static tools, as they are based on file review with factors that<indexterm significance="normal">
               <primary>that</primary>
            </indexterm>are either present or absent or have an objective response. Dynamic<indexterm significance="normal">
               <primary>Dynamic</primary>
            </indexterm> tools require intensive training on the part of the administrator in combination with the use of structured professional judgment in scoring the responses.</para>
         <para role="Para">In using any of the risk scales that include dynamic factors, assessors must be mindful of the potential for deceit in the individuals being assessed in their efforts to obtain a favorable evaluation. As noted earlier, Association for the Treatment of Sexual Abusers (<emphasis role="CitationRef">
               <phrase>2014</phrase>
            </emphasis>) practice guidelines stress the need to include diverse, independent sources of information; doing so will greatly increase the validity of the scores obtained on risk assessment scales. If such information is lacking, a note to this effect should be made as a limitation of the assessment.</para>
         <sect4 id="ch0016s0003s03s05s01" role="Heading">
            <title>Static Measures</title>
            <para role="Para">Globally, the Static-99R (Hanson &amp; Thornton,<emphasis role="CitationRef">
                  <phrase>2000</phrase>
               </emphasis>) is the most commonly used and researched actuarial scale for assessing sexual risk potential (Helmus et al., <emphasis role="CitationRef">
                  <phrase>2022</phrase>
               </emphasis>). The obtained score on this scale is compared with that of a large database of offenders from several countries, and the sexual<indexterm significance="normal">
                  <primary>sexual</primary>
               </indexterm> recidivism rates for those with a similar score can be assessed, predicting recidivism up to 10 years after release<indexterm significance="normal">
                  <primary>release</primary>
               </indexterm> into the community. Based on extensive research, the likelihood of recidivism decreases with time spent being offense-free in the community, and the Static-99R allows for an alteration of the original score based on time being offense-free in the community during those 10 years (Hanson et al., <emphasis role="CitationRef">
                  <phrase>2018</phrase>
               </emphasis>). The Static-99R<indexterm significance="normal">
                  <primary>Static-99R</primary>
               </indexterm> has been validated with many cultural groups and across several countries, but some caution needs to be exercised when using it (Phenix et al., <emphasis role="CitationRef">
                  <phrase>2016</phrase>
               </emphasis>) given that risk assessment tools can perform less well with certain cultural groups (e. g., Indigenous offenders in Canada; Haag et al.,<emphasis role="CitationRef">
                  <phrase>2016</phrase>
               </emphasis>).</para>
            <para role="Para">The Sex Offender Risk Appraisal Guide (SORAG; Quinsey et al.,<emphasis role="CitationRef">
                  <phrase>2006</phrase>
               </emphasis>) is also a widely used actuarial scale. The SORAG items include considerations of an individual’s offense history, school adjustment<indexterm significance="normal">
                  <primary>adjustment</primary>
               </indexterm>, alcohol use, and the presence of personality disorders, and it incorporates the PCL-R score among other factors. The obtained score<indexterm significance="normal">
                  <primary>score</primary>
               </indexterm> is compared to actuarially derived recidivism rates for offenders with similar scores over seven and 10 years. The Violence Risk Appraisal Guide-Revised (VRAG-R; Rice et al., <emphasis role="CitationRef">
                  <phrase>2013</phrase>
               </emphasis>) may be employed to assess the risk of general and sexual violence and may be used in place of the SORAG.</para>
            <para role="Para">Since its introduction in the mid-1990s, the Minnesota Sex Offender Screening Tool (MnSOST; Epperson et al.,<emphasis role="CitationRef">
                  <phrase>1995</phrase>
               </emphasis>) and its most recent version (the MnSOST-4; Duwe, <emphasis role="CitationRef">
                  <phrase>2019</phrase>
               </emphasis>) have been widely used actuarial tools in screening sex offenders to prioritize them for sex offender programs and predicting level of risk, thereby helping to inform the level of community supervision required (Duwe, <emphasis role="CitationRef">
                  <phrase>2019</phrase>
               </emphasis>).</para>
         </sect4>
         <sect4 id="ch0016s0003s03s05s02" role="Heading">
            <title>Dynamic/Criminogenic Measures</title>
            <para role="Para">Hanson et al. (<emphasis role="CitationRef">
                  <phrase>2007</phrase>
               </emphasis>) developed the Stable-2007, a standardized, empirically validated dynamic risk<indexterm significance="normal">
                  <primary>risk</primary>
               </indexterm>assessment measure that includes 13 dynamic risk factors associated with sexual recidivism (e. g., significant social influences, capacity for relationship stability, emotional identification with children). It can be used in conjunction with the Static-99R to determine risk, program priority, and treatment goals. A meta-analysis indicated that the Stable-2007 predicts recidivism on its own and adds predictive accuracy to the Static-99R (Brankley et al.,<emphasis role="CitationRef">
                  <phrase>2021</phrase>
               </emphasis>).</para>
         </sect4>
         <sect4 id="ch0016s0003s03s05s03" role="Heading">
            <title>Tools Using Both Static and Dynamic Risk Factors</title>
            <para role="Para">The Violence Risk Scale<indexterm significance="normal">
                  <primary>Violence Risk Scale</primary>
               </indexterm>: Sex Offender Version (VRS: SO; Olver et al.,<emphasis role="CitationRef">
                  <phrase>2007</phrase>
               </emphasis>, <emphasis role="CitationRef">
                  <phrase>2018</phrase>
               </emphasis>) contains seven static and 17 dynamic risk factors designed to assess sexual risk, assist in treatment planning, and identify changes in risk as a result of treatment or other reasons. VRS: SO scores have been<indexterm significance="normal">
                  <primary>been</primary>
               </indexterm> found to<indexterm significance="normal">
                  <primary>to</primary>
               </indexterm> predict sexual recidivism (Olver et al., <emphasis role="CitationRef">
                  <phrase>2007</phrase>
               </emphasis>).</para>
         </sect4>
      </sect3>
   </sect2>
</sect1>