<?xml version="1.0" encoding="UTF-8"?>
<sect1 id="ch0021s0010">
   <sect1info>
      <risinfo>
         <risprev>sect1.9781071643624.</risprev>
         <riscurrent>sect1.9781071643624.ch0021s0010</riscurrent>
         <risnext>sect1.9781071643624.ch0021s0001</risnext>
         <booktitle>Diagnostic Interviewing</booktitle>
         <isbn>9781071643624</isbn>
         <chapternumber>21</chapternumber>
         <chapterid>ch0021</chapterid>
         <chaptertitle>18. Interviewing Children</chaptertitle>
         <authorgroup>
            <author>
               <personname>
                  <firstname>Daniel L.</firstname>
                  <surname>Segal</surname>
               </personname>
            </author>
         </authorgroup>
         <publisher>
            <publishername>Springer US</publishername>
         </publisher>
         <pubdate>2025</pubdate>
      </risinfo>
      <primaryauthor>
         <personname>
            <firstname>Daniel L.</firstname>
            <surname>Segal</surname>
         </personname>
      </primaryauthor>
   </sect1info>
   <title>18. Interviewing Children</title>
   <para>D. L. Segal<emphasis role="CollaboratorDesignation"> (ed.)</emphasis>
      <emphasis role="BookTitle">Diagnostic Interviewing</emphasis>
      <ulink url="https://doi.org/10.1007/978-1-0716-4362-4_18">https://doi. org/10.1007/978-1-0716-4362-4_18</ulink>
      <emphasis role="AuthorName">Jennifer M. Canovas</emphasis>
      <superscript>1</superscript>, <emphasis role="AuthorName">Rebecca A. Grossman</emphasis>
      <superscript>1</superscript>, <emphasis role="AuthorName">Niza A. Tonarely-Busto</emphasis>
      <superscript>1</superscript> and <emphasis role="AuthorName">Jill Ehrenreich-May</emphasis>
      <superscript>1 <emphasis>ContactOf Author 4</emphasis>
      </superscript>(1)Jill Ehrenreich-May Email:</para>
   <keywordset>
      <keyword>Aging</keyword>
      <keyword>Geropsychology</keyword>
      <keyword>Assessment</keyword>
      <keyword>Interviewing</keyword>
   </keywordset>
</sect1>