<?xml version="1.0" encoding="UTF-8"?>
<sect1 id="ch0013s0008">
   <sect1info>
      <risinfo>
         <risprev>sect1.9781071643624.</risprev>
         <riscurrent>sect1.9781071643624.ch0013s0008</riscurrent>
         <risnext>sect1.9781071643624.ch0013s0001</risnext>
         <booktitle>Diagnostic Interviewing</booktitle>
         <isbn>9781071643624</isbn>
         <chapternumber>13</chapternumber>
         <chapterid>ch0013</chapterid>
         <chaptertitle>11. Dissociative Disorders</chaptertitle>
         <authorgroup>
            <author>
               <personname>
                  <firstname>Daniel L.</firstname>
                  <surname>Segal</surname>
               </personname>
            </author>
         </authorgroup>
         <publisher>
            <publishername>Springer US</publishername>
         </publisher>
         <pubdate>2025</pubdate>
      </risinfo>
      <primaryauthor>
         <personname>
            <firstname>Daniel L.</firstname>
            <surname>Segal</surname>
         </personname>
      </primaryauthor>
   </sect1info>
   <title>11. Dissociative Disorders</title>
   <para>D. L. Segal<emphasis role="CollaboratorDesignation"> (ed.)</emphasis>
      <emphasis role="BookTitle">Diagnostic Interviewing</emphasis>
      <ulink url="https://doi.org/10.1007/978-1-0716-4362-4_11">https://doi. org/10.1007/978-1-0716-4362-4_11</ulink>
      <emphasis role="AuthorName">Tyson D. Bailey</emphasis>
      <superscript>1</superscript>, <emphasis role="AuthorName">Stacey M. Boyer</emphasis>
      <superscript>2</superscript> and <emphasis role="AuthorName">Bethany L. Brand</emphasis>
      <superscript>3 <emphasis>ContactOf Author 3</emphasis>
      </superscript>(1)(2)(3)Bethany L. Brand Email:</para>
   <para>bbrand@towson. edu Dissociation Assessment Interviewing Psychopathology Trauma<footnote id="ch0013s0008fn0001">
         <para>Footnotes</para>
         <para>
            <emphasis role="FootnoteNumber">
               <phrase>1</phrase>
            </emphasis>The case examples included in this chapter have been de-identified and altered to protect the clients’ confidentiality. </para>
      </footnote>
   </para>
</sect1>