<?xml version="1.0" encoding="UTF-8"?>
<sect1 id="ch0008s0008" role="Heading">
   <sect1info>
      <risinfo>
         <risprev>sect1.9781071643624.ch0008s0007</risprev>
         <riscurrent>sect1.9781071643624.ch0008s0008</riscurrent>
         <risnext>sect1.9781071643624.ch0008s0009</risnext>
         <booktitle>Diagnostic Interviewing</booktitle>
         <isbn>9781071643624</isbn>
         <chapternumber>8</chapternumber>
         <chapterid>ch0008</chapterid>
         <chaptertitle>6. Depressive Disorders</chaptertitle>
         <authorgroup>
            <author>
               <personname>
                  <firstname>Daniel L.</firstname>
                  <surname>Segal</surname>
               </personname>
            </author>
         </authorgroup>
         <publisher>
            <publishername>Springer US</publishername>
         </publisher>
         <pubdate>2025</pubdate>
      </risinfo>
      <primaryauthor>
         <personname>
            <firstname>Daniel L.</firstname>
            <surname>Segal</surname>
         </personname>
      </primaryauthor>
   </sect1info>
   <title>Dos and Don’ts</title>
   <itemizedlist role="UnorderedListMarkDash">
      <listitem>
         <para role="Para">Use validated, standardized interview tools, supplemented by self-report scales, interview, and individualized assessment.</para>
      </listitem>
      <listitem>
         <para role="Para">When a brief screening tool is used and results in a positive screen, conduct a thorough evaluation to rule out false positives and avoid overdiagnosis.</para>
      </listitem>
      <listitem>
         <para role="Para">Use a cultural formulation assessment process.</para>
      </listitem>
      <listitem>
         <para role="Para">Assess the client’s biopsychosocial needs.</para>
      </listitem>
      <listitem>
         <para role="Para">Be flexible with assessment scheduling, location, and procedures with clients who have complex medical or social needs.</para>
      </listitem>
      <listitem>
         <para role="Para">Educate the client about the assessment process, including its purpose, procedures, and how the results will be used. Elicit the client’s questions and concerns.</para>
      </listitem>
      <listitem>
         <para role="Para">Involve the family as appropriate and preferred by the client.</para>
      </listitem>
   </itemizedlist>
   <itemizedlist role="UnorderedListMarkDash">
      <listitem>
         <para role="Para">Make assumptions about a client based on group status (e. g., race, ethnicity, age).</para>
      </listitem>
      <listitem>
         <para role="Para">Assume a “zero-sum model of acculturation” (Lewis-Fernández &amp; Díaz,<emphasis role="CitationRef">
               <phrase>2002</phrase>
            </emphasis>, p. 281); clients’ levels of acculturation within their origin and majority cultures are not necessarily dependent on one another.</para>
      </listitem>
      <listitem>
         <para role="Para">Over-pathologize what is considered normative within a given culture or dismiss what is abnormal within a culture (Lewis-Fernández &amp; Díaz,<emphasis role="CitationRef">
               <phrase>2002</phrase>
            </emphasis>).</para>
      </listitem>
      <listitem>
         <para role="Para">Assume that depression is a natural part of aging.</para>
      </listitem>
      <listitem>
         <para role="Para">Attend primarily to family members, ignoring the client who may be more challenging to communicate with due to language or cognitive barriers.</para>
      </listitem>
   </itemizedlist>
</sect1>