<?xml version="1.0" encoding="UTF-8"?>
<sect1 id="ch0019s0008" role="Heading">
   <sect1info>
      <risinfo>
         <risprev>sect1.9781071643624.ch0019s0007</risprev>
         <riscurrent>sect1.9781071643624.ch0019s0008</riscurrent>
         <risnext>sect1.9781071643624.</risnext>
         <booktitle>Diagnostic Interviewing</booktitle>
         <isbn>9781071643624</isbn>
         <chapternumber>19</chapternumber>
         <chapterid>ch0019</chapterid>
         <chaptertitle>17. Schizophrenia and Other Psychotic Disorders</chaptertitle>
         <authorgroup>
            <author>
               <personname>
                  <firstname>Daniel L.</firstname>
                  <surname>Segal</surname>
               </personname>
            </author>
         </authorgroup>
         <publisher>
            <publishername>Springer US</publishername>
         </publisher>
         <pubdate>2025</pubdate>
      </risinfo>
      <primaryauthor>
         <personname>
            <firstname>Daniel L.</firstname>
            <surname>Segal</surname>
         </personname>
      </primaryauthor>
   </sect1info>
   <title>Summary</title>
   <para role="Para">In this chapter, we have provided a description of schizophrenia psychopathology, a summary of diagnostic criteria and several interviewing strategies for this diagnosis. Although schizophrenia is a complex disorder with a variable clinical presentation, we hope that this information can provide a roadmap to the diagnostic interviewing process and highlight potential pitfalls to be avoided. Structured clinical interviews such as the SCID-5 are the gold standard for establishing a diagnosis of schizophrenia. Interview-based symptom assessments such as the BPRS, PANSS, CAINS and BNSS<indexterm significance="normal">
         <primary>BNSS</primary>
      </indexterm>can also be very useful for helping the interviewer determine whether Criterion A (active phase) symptoms of schizophrenia are present. Information from collateral sources as well as standardized assessment of psychosocial functioning can assist in determining if Criterion B (social/occupational dysfunction) is met. A thorough diagnostic interview will also include an assessment of mood symptoms, substance use, medical history, and trauma to differentiate between schizophrenia and other disorders that may include psychotic or psychotic-like symptoms. Our aspiration has been to provide the reader with informative clinical descriptions and tips to enhance the interviewing<indexterm significance="normal">
         <primary>interviewing</primary>
      </indexterm>process specific for this population.</para>
   <sidebar id="ch0019s0008ad01">
      <para/>
   </sidebar>
   <bibliography id="ch0019s0008bib0039">
      <bibliomixed id="ch0019s0008bib01">Lukoff, D., Nuechterlein, K.H., Ventura, J. (1986) Manual for the Expanded Brief Psychiatric Rating Scale. Schizophrenia Bulletin, 12, 594-602.</bibliomixed>
      <bibliomixed id="ch0019s0008bib02">Amador, X., Strauss, D., Yale, S., &amp; Gorman, J. M. (1991). Awareness of illness in schizophrenia. Schizophrenia Bulletin, 17, 113–132.CrossrefPubMed</bibliomixed>
      <bibliomixed id="ch0019s0008bib03">Diagnostic and statistical manual of mental disordershttps://​doi.​org/​10.​1176/​appi.​books.​9780890425787 Crossref</bibliomixed>
      <bibliomixed id="ch0019s0008bib04">Bennett, M. E., Peer, J., &amp; Muralidharan, A. (2018). Dual diagnosis. In D. C. Beidel &amp; B. C. Frueh (Eds.), Adult psychopathology and diagnosis (8th ed., pp. 36–71). Wiley.</bibliomixed>
      <bibliomixed id="ch0019s0008bib05">Blanchard, J. J., Brown, S. A., Horan, W. P., &amp; Sherwood, A. (2000). Substance use disorders in schizophrenia: Review, integration and a proposed model. Clinical Psychology Review, 20, 207–234.CrossrefPubMed</bibliomixed>
      <bibliomixed id="ch0019s0008bib06">Bruijnzeel, D., Suryadevara, U., &amp; Tandon, R. (2014). Antipsychotic treatment of schizophrenia: An update. Asian Journal of Psychiatry, 11, 3–7. CrossrefPubMed</bibliomixed>
      <bibliomixed id="ch0019s0008bib07">Carpenter, W. T., Blanchard, J. J., &amp; Kirkpatrick, B. (2016). New standards for negative symptom assessment. Schizophrenia Bulletin, 42, 1–3. CrossrefPubMed</bibliomixed>
      <bibliomixed id="ch0019s0008bib08">Combs, D. R., Penn, D. L., Cassisi, J., Michael, C., Wood, T., Wanner, J., &amp; Adams, S. (2006). Perceived racism as a predictor of paranoia among African Americans. Journal of Black Psychology, 32, 87–104. Crossref</bibliomixed>
      <bibliomixed id="ch0019s0008bib09">Davies, C., Segre, G., Estradé, A., Radua, J., De Micheli, A., Provenzani, U., &amp; Fusar-Poli, P. (2020). Prenatal and perinatal risk and protective factors for psychosis: A systematic review and meta-analysis. The Lancet Psychiatry, 7(5), 399–410.CrossrefPubMed</bibliomixed>
      <bibliomixed id="ch0019s0008bib10">First, M. B., Williams, J. B. W., Karg, R. S., &amp; Spitzer, R. L. (2015). Structured clinical interview for DSM-5 disorders, clinician version (SCID-5-CV). American Psychiatric Association.</bibliomixed>
      <bibliomixed id="ch0019s0008bib11">Fusar-Poli, P., Cappucciati, M., Rutigliano, G., Schultze-Lutter, F., Bonoldi, I., Borgwardt, S., &amp; McGlashan, T. H. (2015). At risk or not at risk? A meta-analysis of the prognostic accuracy of psychometric interviews for psychosis prediction. World Psychiatry, 14(3), 322–332.CrossrefPubMedPubMedCentral</bibliomixed>
      <bibliomixed id="ch0019s0008bib12">Gara, M. A., Vega, W. A., Arndt, S., Escamilla, M., Fleck, D. E., Lawson, W. B., &amp; Strakowski, S. M. (2012). Influence of patient race and ethnicity on clinical assessment in patients with affective disorders. Archives of General Psychiatry, 69, 593–600. CrossrefPubMed</bibliomixed>
      <bibliomixed id="ch0019s0008bib13">Hasan, A., von Keller, R., Friemel, C. M., Hall, W., Schneider, M., Koethe, D., Leweke, F. M., Strube, W., &amp; Hoch, E. (2020). Cannabis use and psychosis: A review of reviews. European Archives of Psychiatry and Clinical Neuroscience, 270(4), 403–412. CrossrefPubMed</bibliomixed>
      <bibliomixed id="ch0019s0008bib14">Hudak, R., &amp; Rasmussen, A. (2022). Obsessive-compulsive disorder and schizophrenia: conceptualization, assessment and cognitive behavioral treatment. Journal of Cognitive Psychotherapy, 36(3), 247–267. CrossrefPubMed</bibliomixed>
      <bibliomixed id="ch0019s0008bib15">Kay, S. R., Fiszbein, A., &amp; Opler, L. A. (1987). The positive and negative syndrome scale (PANSS) for schizophrenia. Schizophrenia Bulletin, 13, 261–276.CrossrefPubMed</bibliomixed>
      <bibliomixed id="ch0019s0008bib16">Keshavan, M. S., Diwadkar, V. A., Montrose, D. M., Rajarethinam, R., &amp; Sweeney, J. A. (2005). Premorbid indicators and risk for schizophrenia: A selective review and update. Schizophrenia Research, 79, 45–57.CrossrefPubMed</bibliomixed>
      <bibliomixed id="ch0019s0008bib17">Kirkpatrick, B., Strauss, G. P., Nguyen, L., Fischer, B. A., Daniel, D. G., Cienfuegos, A., &amp; Marder, S. R. (2011). The brief negative symptom scale: Psychometric properties. Schizophrenia Bulletin, 37, 300–305. CrossrefPubMed</bibliomixed>
      <bibliomixed id="ch0019s0008bib18">Kring, A. M., Gur, R. E., Blanchard, J. J., Horan, W. P., &amp; Reise, S. P. (2013). The clinical assessment interview for negative symptoms (CAINS): Final development and validation. American Journal of Psychiatry, 170, 165–172.CrossrefPubMed</bibliomixed>
      <bibliomixed id="ch0019s0008bib19">Larøi, F., Luhrmann, T. M., Bell, V., Christian, W. A., Jr., Deshpande, S., Fernyhough, C., &amp; Woods, A. (2014). Culture and hallucinations: Overview and future directions. Schizophrenia Bulletin, 40(4), 213–220.Crossref</bibliomixed>
      <bibliomixed id="ch0019s0008bib20">Lewis-Fernández, R., &amp; Kirmayer, L. J. (2019). Cultural concepts of distress and psychiatric disorders: Understanding symptom experience and expression in context. Transcultural Psychiatry, 56(4), 786–803.CrossrefPubMed</bibliomixed>
      <bibliomixed id="ch0019s0008bib21">Luhrmann, T. M., Padmavati, R., Tharoor, H., &amp; Osei, A. (2015). Differences in voice-hearing experiences of people with psychosis in the USA, India and Ghana: Interview-based study. The British Journal of Psychiatry, 206(1), 41–44.CrossrefPubMed</bibliomixed>
      <bibliomixed id="ch0019s0008bib22">Marconi, A., Di Forti, M., Lewis, C., Murray, R. M., &amp; Vassos, E. (2016). Meta-analysis of the association between the level of cannabis use and risk of psychosis. Schizophrenia Bulletin, 42, 1262–1269.CrossrefPubMedPubMedCentral</bibliomixed>
      <bibliomixed id="ch0019s0008bib23">Mausbach, B. T., Moore, R., Bowie, C., Cardenas, V., &amp; Patterson, T. (2009). A review of instruments for measuring functional recovery in those diagnosed with psychosis. Schizophrenia Bulletin, 35, 307–318.CrossrefPubMed</bibliomixed>
      <bibliomixed id="ch0019s0008bib24">McCutcheon, R. A., Keefe, R. S. E., &amp; McGuire, P. K. (2023). Cognitive impairment in schizophrenia: Aetiology, pathophysiology, and treatment. Molecular Psychiatry, 28(5), 1902–1918. CrossrefPubMedPubMedCentral</bibliomixed>
      <bibliomixed id="ch0019s0008bib25">Mueser, K. T., Goodman, L. B., Trumbetta, S. L., Rosenberg, S. D., Osher, C., Vidaver, R., et al. (1998). Trauma and posttraumatic stress disorder in severe mental illness. Journal of Consulting and Clinical Psychology, 66, 493–499.CrossrefPubMed</bibliomixed>
      <bibliomixed id="ch0019s0008bib26">Muralidharan, A., Schaffner, R. M., Hack, S., Jahn, D. R., Peeples, A. D., &amp; Lucksted, A. (2017). “I got to voice what’s in my heart”: Participation in the cultural formulation interview—perspectives of consumers with psychotic disorders. Journal of Psychosocial Rehabilitation and Mental Health, 4(1), 35–43.Crossref</bibliomixed>
      <bibliomixed id="ch0019s0008bib27">Opler, L. A., Kay, S. R., Lindenmayer, J. P., &amp; Fiszbein, A. (1992). Structured clinical interview for the positive and negative syndrome scale. Multi-Health Systems.</bibliomixed>
      <bibliomixed id="ch0019s0008bib28">Structured clinical interview for the positive and negative syndrome scale</bibliomixed>
      <bibliomixed id="ch0019s0008bib29">Overall, J. E., &amp; Gorham, D. R. (1962). The brief psychiatric rating scale. Psychological Reports, 10, 799–812.Crossref</bibliomixed>
      <bibliomixed id="ch0019s0008bib30">Peltier, M. R., Cosgrove, S. J., Ohayagha, K., Crapanzano, K. A., &amp; Jones, G. N. (2017). Do they see dead people? Cultural factors and sensitivity in screening for schizophrenia spectrum disorders. Ethnicity and Health, 22, 119–129. CrossrefPubMed</bibliomixed>
      <bibliomixed id="ch0019s0008bib31">Pruessner, M., Cullen, A. E., Aas, M., &amp; Walker, E. F. (2017). The neural diathesis-stress model of schizophrenia revisited: An update on recent findings considering illness stage and neurobiological and methodological complexities. Neuroscience and Biobehavioral Reviews, 73, 191–218. CrossrefPubMed</bibliomixed>
      <bibliomixed id="ch0019s0008bib32">Salvatore, P., Baldessarini, R. J., Tohen, M., Khalsa, H. M., Sanchez-Toledo, J. P., Zarate, C. A., et al. (2009). McLean-Harvard International First-Episode Project: Two-year stability of DSM-IV diagnoses in 500 first-episode psychotic disorder patients. Journal of Clinical Psychiatry, 70, 458–466.CrossrefPubMed</bibliomixed>
      <bibliomixed id="ch0019s0008bib33">Selten, J. P., van der Ven, E., Rutten, B. P., &amp; Cantor-Graae, E. (2013). The social defeat hypothesis of schizophrenia: An update. Schizophrenia Bulletin, 39(6), 1180–1186.CrossrefPubMedPubMedCentral</bibliomixed>
      <bibliomixed id="ch0019s0008bib34">Swets, M., Dekker, J., van Emmerik-van Oortmerssen, K., Smid, G. E., Smit, F., de Haan, L., &amp; Schoevers, R. A. (2014). The obsessive compulsive spectrum in schizophrenia, a meta-analysis and meta-regression exploring prevalence rates. Schizophrenia Research, 152(2-3), 458–468. CrossrefPubMed</bibliomixed>
      <bibliomixed id="ch0019s0008bib35">Ventura, J., Green, M., Shaner, A., &amp; Lieberman, R. (1993). Training and quality assurance with the brief psychiatric rating scale: ‘The drift busters’. International Journal of Methods in Psychiatric Research, 3, 221–244.</bibliomixed>
      <bibliomixed id="ch0019s0008bib36">Wohl, M., &amp; Gorwood, P. (2007). Paternal ages below or above 55 years old are associated with a different risk of schizophrenia in the offspring. European Psychiatry, 22, 22–26.CrossrefPubMed</bibliomixed>
      <bibliomixed id="ch0019s0008bib37">World Health Organization. (2008). The global burden of disease: 2004 update. World Health Organization.</bibliomixed>
      <bibliomixed id="ch0019s0008bib38">Zamanpoor, M. (2020). Schizophrenia in a genomic era: A review from the pathogenesis, genetic and environmental etiology to diagnosis and treatment insights. Psychiatric Genetics, 30(1), 1–9. CrossrefPubMed</bibliomixed>
   </bibliography>
</sect1>