<?xml version="1.0" encoding="UTF-8"?>
<sect1 id="ch0003s0008" role="Heading">
   <sect1info>
      <risinfo>
         <risprev>sect1.9781071643624.ch0003s0007</risprev>
         <riscurrent>sect1.9781071643624.ch0003s0008</riscurrent>
         <risnext>sect1.9781071643624.</risnext>
         <booktitle>Diagnostic Interviewing</booktitle>
         <isbn>9781071643624</isbn>
         <chapternumber>3</chapternumber>
         <chapterid>ch0003</chapterid>
         <chaptertitle>2. Interviewing Strategies, Empathy, and Rapport</chaptertitle>
         <authorgroup>
            <author>
               <personname>
                  <firstname>Daniel L.</firstname>
                  <surname>Segal</surname>
               </personname>
            </author>
         </authorgroup>
         <publisher>
            <publishername>Springer US</publishername>
         </publisher>
         <pubdate>2025</pubdate>
      </risinfo>
      <primaryauthor>
         <personname>
            <firstname>Daniel L.</firstname>
            <surname>Segal</surname>
         </personname>
      </primaryauthor>
   </sect1info>
   <title>Conclusion</title>
   <para role="Para">Mastering the clinical interview requires interpersonal and technical skills. An effective interviewer finds a synergy between cultivating a collaborative, empathetic therapeutic relationship and gathering information. To do this, empathy and rapport are foundational to a safe, trusting environment for clients to divulge personal information. Cultural humility and cultural empathy are critical to building rapport and trust. In terms of methods to collect personal information, unstructured, semi-structured, and structured interviews are used to assess symptoms, inform diagnosis, and case conceptualization. Choosing one of these strategies can be a complex decision and can depend on the purpose of the interview, the setting in which the interview will take place, and the amount of time available to administer the interview. Each type of interview has potential benefits and drawbacks to consider. As reviewed, structured interviews maximize validity and reliability, while unstructured interviews encourage open, free communication, rich data collection, and rapport-building.</para>
   <para role="Para">The evolution of the clinical interview will continue to occur in tandem with innovation and advancement in psychology. For example, additional research is necessary to learn more about the degree of acceptability and validity of different types of interviews when administered across a diverse multicultural population. Several of the semi-structured and structured interviews described earlier are consistent with the diagnostic taxonomy of the DSM-5; however, the DSM is not the only classification system used in the field of psychology. Standardized interviews, such as the ones described in this chapter, will continue to be revised in concurrence with our understanding and conceptualization of mental health disorders. Although artificial intelligence continues to evolve in domains of information aggregation and use, clinical interviewing remains a fundamental skillset based in a human-to-human connection. As psychology continues to progress, the clinical interview continues to be a central and foundational practice.</para>
   <sidebar id="ch0003s0008ad01">
      <para/>
   </sidebar>
   <bibliography id="ch0003s0008bib0098">
      <bibliomixed id="ch0003s0008bib01">Substance Abuse and Mental Health Services Administration. (2014). Improving cultural competence. Treatment improvement protocol (TIP) series no. 59. HHS publication no. (SMA) 14–4849. Substance Abuse and Mental Health Services Administration.</bibliomixed>
      <bibliomixed id="ch0003s0008bib02">Abramson, L., Uzefovsky, F., Toccaceli, V., &amp; Knafo-Noam, A. (2020). The genetic and environmental origins of emotional and cognitive empathy: Review and meta-analyses of twin studies. Neuroscience &amp; Biobehavioral Reviews, 114, 113–133.</bibliomixed>
      <bibliomixed id="ch0003s0008bib03">American Psychological Association. (2017). Ethical principles of psychologists and code of conduct. Author.</bibliomixed>
      <bibliomixed id="ch0003s0008bib04">Arias, S. A., Boudreaux, E. D., Segal, D. L., Miller, I., Camargo, C. A., &amp; Betz, M. E. (2017). Disparities in treatment of older adults with suicide risk in the emergency department. Journal of the American Geriatrics Society, 65, 2272–2277.CrossrefPubMedPubMedCentral</bibliomixed>
      <bibliomixed id="ch0003s0008bib05">Betz, M. E., Arias, S. A., Miller, M., Barber, C., Espinola, J. A., Sullivan, A. F., Manton, A. P., Miller, I., Camargo, C. A., &amp; Boudreaux, E. D. (2015). Change in emergency department providers’ beliefs and practices after use of new protocols for suicidal patients. Psychiatric Services, 66, 625–631.CrossrefPubMed</bibliomixed>
      <bibliomixed id="ch0003s0008bib06">Betz, M. E., Arias, S. A., Segal, D. L., Miller, I., Camargo, C. A., Jr., &amp; Boudreaux, E. D. (2016). Screening for suicidal thoughts and behaviors in older adults in the emergency department. Journal of the American Geriatrics Society, 64, e72–e77.CrossrefPubMedPubMedCentral</bibliomixed>
      <bibliomixed id="ch0003s0008bib07">Betz, M. E., Kautzman, M., Segal, D. L., Miller, I., Camargo, C. A., Boudreaux, E. D., &amp; Arias, S. A. (2018). Frequency of lethal means assessment among emergency department patients with a positive suicide risk screen. Psychiatry Research, 260, 30–35.CrossrefPubMed</bibliomixed>
      <bibliomixed id="ch0003s0008bib08">Chung, R. C., &amp; Bemak, F. P. (2012). Social justice counseling: The next steps beyond multiculturalism. SAGE Publications.Crossref</bibliomixed>
      <bibliomixed id="ch0003s0008bib09">Dadlani, M. B., Overtree, C., &amp; Perry-Jenkins, M. (2012). Culture at the center: A reformulation of diagnostic assessment. Professional Psychology: Research and Practice, 43(3), 175–182. Crossref</bibliomixed>
      <bibliomixed id="ch0003s0008bib10">Dana, R. H. (2002). Mental health services for African Americans: A cultural/racial perspective. Cultural Diversity and Ethnic Minority Psychology, 8, 3–18.CrossrefPubMed</bibliomixed>
      <bibliomixed id="ch0003s0008bib11">Baier, A. L., &amp; Danzo, S. (2021). Moving toward a new era of telepsychology in university training clinics: Considerations and curricula recommendations. Training and Education in Professional Psychology, 15(4), 259–266.</bibliomixed>
      <bibliomixed id="ch0003s0008bib12">Banissy, M. J., Kanai, R., Walsh, V., &amp; Rees, G. (2012). Inter-individual differences in empathy are reflected in human brain structure. NeuroImage, 62(3), 2034–2039.PubMed</bibliomixed>
      <bibliomixed id="ch0003s0008bib13">Faust, J. (1998). General issues. In M. Hersen &amp; V. B. Van Hasselt (Eds.), Basic interviewing: A practical guide for counselors and clinicians (pp. 1–21). Erlbaum.</bibliomixed>
      <bibliomixed id="ch0003s0008bib14">Bell, K., Fahmy, E., &amp; Gordon, D. (2016). Quantitative conversations: The importance of developing rapport in standardised interviewing. Quality &amp; Quantity, 50(1), 193–212.</bibliomixed>
      <bibliomixed id="ch0003s0008bib15">Benjet, C., Bromet, E., Karam, E. G., Kessler, R. C., McLaughlin, K. A., Ruscio, A. M., Shahly, V., Stein, D. J., Petukhova, M., Hill, E., Alonso, J., Atwoli, L., Bunting, B., Bruffaerts, R., Caldas-de-Almeida, J. M., De Girolamo, G., Florescu, S., Gureje, O., Huang, Y., et al. (2016). The epidemiology of traumatic event exposure worldwide: Results from the world mental health survey consortium. Psychological Medicine, 46(2), 327–343.PubMed</bibliomixed>
      <bibliomixed id="ch0003s0008bib16">Gureje, O., Lewis-Fernandez, R., Hall, B. J., et al. (2020). Cultural considerations in the classification of mental disorders: Why and how in ICD-11. BMC Medicine, 18, 25. CrossrefPubMedPubMedCentral</bibliomixed>
      <bibliomixed id="ch0003s0008bib17">Hook, J. N., Hodges, E. K., Segal, D. L., &amp; Coolidge, F. L. (2010). Clinical interviewing with adults. In J. C. Thomas &amp; M. Hersen (Eds.), Handbook of clinical psychology competencies. Springer.</bibliomixed>
      <bibliomixed id="ch0003s0008bib18">Bistre, M., Juven-Wetzler, A., Argo, D., Barash, I., Katz, G., Teplitz, R., Said, M.-M., Kohn, Y., Linkovski, O., &amp; Eitan, R. (2022). Comparable reliability and acceptability of telepsychiatry and face-to-face psychiatric assessments in the emergency room setting. International Journal of Psychiatry in Clinical Practice, 26(3), 228–233.PubMed</bibliomixed>
      <bibliomixed id="ch0003s0008bib19">Johnson, C. V., &amp; Friedman, H. L. (2008). Enlightened or delusional? Differentiating religious, spiritual, and transpersonal experiences from psychopathology. Journal of Humanistic Psychology, 48, 505–527.Crossref</bibliomixed>
      <bibliomixed id="ch0003s0008bib20">Johnston, F. E., Van Hasselt, V. B., &amp; Hersen, M. (1998). Rapport, empathy, and reflection. In M. Hersen &amp; V. B. Van Hasselt (Eds.), Basic interviewing: A practical guide for counselors and clinicians (pp. 41–55). Erlbaum.</bibliomixed>
      <bibliomixed id="ch0003s0008bib21">Carson-Wong, A., &amp; Rizvi, S. (2016). Reliability and validity of the DBT-VLCS: A measure to code validation strategies in dialectical behavior therapy sessions. Psychotherapy Research, 26(3), 332–341.PubMed</bibliomixed>
      <bibliomixed id="ch0003s0008bib22">Knox, S., &amp; Hill, C. E. (2003). Therapist self-disclosure: Research-based suggestions for practitioners. Journal of Clinical Psychology, 59, 529–539.CrossrefPubMed</bibliomixed>
      <bibliomixed id="ch0003s0008bib23">Kolden, G. G., Wang, C.-C., Austin, S. B., Chang, Y., &amp; Klein, M. H. (2018). Congruence/genuineness: A meta-analysis. Psychotherapy, 55(4), 424–433.CrossrefPubMed</bibliomixed>
      <bibliomixed id="ch0003s0008bib24">Davis, K. A., Zhao, F., Janis, R. A., Castonguay, L. G., Hayes, J. A., &amp; Scofield, B. E. (2024). Therapeutic alliance and clinical outcomes in teletherapy and in-person psychotherapy: A noninferiority study during the COVID-19 pandemic. Psychotherapy Research, 34(5), 589–600.PubMed</bibliomixed>
      <bibliomixed id="ch0003s0008bib25">De La Peña, F. R., Villavicencio, L. R., Palacio, J. D., Félix, F. J., Larraguibel, M., Viola, L., Ortiz, S., Rosetti, M., Abadi, A., Montiel, C., Mayer, P. A., Fernández, S., Jaimes, A., Feria, M., Sosa, L., Rodríguez, A., Zavaleta, P., Uribe, D., Galicia, F., et al. (2018). Validity and reliability of the kiddie schedule for affective disorders and schizophrenia present and lifetime version DSM-5 (K-SADS-PL-5) Spanish version. BMC Psychiatry, 18(1), 193.PubMedPubMedCentral</bibliomixed>
      <bibliomixed id="ch0003s0008bib26">Lustgarten, S. D., Garrison, Y. L., Sinnard, M. T., &amp; Flynn, A. W. P. (2020). Digital privacy in mental healthcare: Current issues and recommendations for technology use. Current Opinion in Psychology, 36, 25–31. CrossrefPubMedPubMedCentral</bibliomixed>
      <bibliomixed id="ch0003s0008bib27">Maruschak, L. M., Bronson, J., &amp; Alper, M. (2021). Indicators of mental health problems reported by prisoners: Survey of prison inmates, 2016. Bureau of Justice Statistics.</bibliomixed>
      <bibliomixed id="ch0003s0008bib28">Norcross, J. C., &amp; Lambert, M. J. (2019). Psychotherapy relationships that work. In Evidence-based therapist contributions (Vol. 1). Oxford University Press.</bibliomixed>
      <bibliomixed id="ch0003s0008bib29">Paniagua, F. A. (2014). Assessing and treating culturally diverse clients: A practical guide (4th ed.). Sage Publications. Crossref</bibliomixed>
      <bibliomixed id="ch0003s0008bib30">Pedersen, P. B., Lonner, W. J., Draguns, J. G., Trimble, J. E., &amp; Scharron-del Rio, M. R. (2016). Counseling across cultures (7th ed.). Sage Publications.Crossref</bibliomixed>
      <bibliomixed id="ch0003s0008bib31">Pope, K. S., Vasquez, M. J. T., Chavez-Dueñas, N. Y., &amp; Adames, H. Y. (2021). Ethics in psychotherapy and counseling: A practical guide (6th ed.). Wiley.Crossref</bibliomixed>
      <bibliomixed id="ch0003s0008bib32">Sayegh, P., Vivian, D., Heller, M. B., Kirk, S., &amp; Kelly, K. (2023). Racial, cultural, and social injustice in psychological assessment: A brief review, call to action, and resources to help reduce inequities and harm. Training and Education in Professional Psychology, 17(4), 366–374.Crossref</bibliomixed>
      <bibliomixed id="ch0003s0008bib33">Segal, D. L., &amp; Coolidge, F. L. (2001). Diagnosis and classification. In M. Hersen &amp; V. B. Van Hasselt (Eds.), Advanced abnormal psychology (2nd ed., pp. 5–22). Kluwer Academic/Plenum.Crossref</bibliomixed>
      <bibliomixed id="ch0003s0008bib34">Segal, D. L., &amp; Williams, K. N. (2014). Structured and semistructured interviews for differential diagnosis: Fundamental issues, applications, and features. In D. C. Beidel, B. C. Frueh, &amp; M. Hersen (Eds.), Adult psychopathology and diagnosis (7th ed., pp. 103–129). Wiley.</bibliomixed>
      <bibliomixed id="ch0003s0008bib35">Segal, D. L., Maxfield, M., &amp; Coolidge, F. L. (2008). Diagnostic interviewing. In M. Hersen &amp; A. M. Gross (Eds.), Handbook of clinical psychology: Adults (Vol. 1, pp. 371–394). Wiley.</bibliomixed>
      <bibliomixed id="ch0003s0008bib36">Sue, D. W., Sue, D., Neville, H. A., &amp; Smith, L. (2022). Counseling the culturally diverse: Theory and practice (9th ed.). Wiley.</bibliomixed>
      <bibliomixed id="ch0003s0008bib37">Greene, T., Neria, Y., &amp; Gross, R. (2016). Prevalence, detection and correlates of PTSD in the primary care setting: A systematic review. Journal of Clinical Psychology in Medical Settings, 23(2), 160–180.PubMed</bibliomixed>
      <bibliomixed id="ch0003s0008bib38">Wampold, B. E., &amp; Imel, Z. E. (2015). The great psychotherapy debate: The evidence for what makes psychotherapy work (2nd ed.). Routledge.Crossref</bibliomixed>
      <bibliomixed id="ch0003s0008bib39">Hall, J. A., Roter, D. L., Blanch, D. C., &amp; Frankel, R. M. (2009). Observer-rated rapport in interactions between medical students and standardized patients. Patient Education and Counseling, 76(3), 323–327.PubMed</bibliomixed>
      <bibliomixed id="ch0003s0008bib40">Halpern, J. (2003). What is clinical empathy? Journal of General Internal Medicine, 18(8), 670–674.PubMedPubMedCentral</bibliomixed>
      <bibliomixed id="ch0003s0008bib41">Horvath, A. O. (2001). The alliance. Psychotherapy: Theory, Research, Practice, Training, 38(4), 365–372.</bibliomixed>
      <bibliomixed id="ch0003s0008bib42">Horvath, A. O., &amp; Greenberg, L. S. (1989). Development and validation of the working Alliance inventory. Journal of Counseling Psychology, 36(2), 223–233.</bibliomixed>
      <bibliomixed id="ch0003s0008bib43">Insel, T., Cuthbert, B., Garvey, M., Heinssen, R., Pine, D. S., Quinn, K., Sanislow, C., &amp; Wang, P. (2010). Research domain criteria (RDoC): Toward a new classification framework for research on mental disorders. American Journal of Psychiatry, 167(7), 748–751.PubMed</bibliomixed>
      <bibliomixed id="ch0003s0008bib44">Ivey, A. E., Ivey, M. B., &amp; Zalaquett, C. P. (2023). Intentional interviewing and counseling: Facilitating client development in a multicultural society (10th ed.). Cengage.</bibliomixed>
      <bibliomixed id="ch0003s0008bib45">Jarvis, G. E., Kirmayer, L. J., Gómez-Carrillo, A., Aggarwal, N. K., &amp; Lewis-Fernández, R. (2020). Update on the cultural formulation interview. Focus, 18(1), 40–46.PubMedPubMedCentral</bibliomixed>
      <bibliomixed id="ch0003s0008bib46">Johnston, F. E., Van Hasselt, V. B., &amp; Hersen, M. (1998). Rapport, empathy, and reflection. In I. M. Hersen &amp; V. B. (Eds.), Van Hasselt, basic interviewing: A practical guide for counselors and clinicians (pp. 41–55). Lawrence Erlbaum Associates.</bibliomixed>
      <bibliomixed id="ch0003s0008bib47">Kashdan, T. B., &amp; Roberts, J. E. (2006). Affective outcomes in superficial and intimate interactions: Roles of social anxiety and curiosity. Journal of Research in Personality, 40(2), 140–167.</bibliomixed>
      <bibliomixed id="ch0003s0008bib48">Kaufman, J., Birmaher, B., Brent, D., Rao, U., Flynn, C., Moreci, P., Williamson, D., &amp; Ryan, N. (1997). Schedule for affective disorders and schizophrenia for school-age children-present and lifetime version (K-SADS-PL): Initial reliability and validity data. Journal of the American Academy of Child &amp; Adolescent Psychiatry, 36(7), 980–988.</bibliomixed>
      <bibliomixed id="ch0003s0008bib49">Kotov, R., Krueger, R. F., Watson, D., Achenbach, T. M., Althoff, R. R., Bagby, R. M., Brown, T. A., Carpenter, W. T., Caspi, A., Clark, L. A., Eaton, N. R., Forbes, M. K., Forbush, K. T., Goldberg, D., Hasin, D., Hyman, S. E., Ivanova, M. Y., Lynam, D. R., Markon, K., &amp; Zimmerman, M. (2017). The hierarchical taxonomy of psychopathology (HiTOP): A dimensional alternative to traditional nosologies. Journal of Abnormal Psychology, 126(4), 454–477.PubMed</bibliomixed>
      <bibliomixed id="ch0003s0008bib50">Kotov, R., Krueger, R. F., Watson, D., Cicero, D. C., Conway, C. C., DeYoung, C. G., Eaton, N. R., Forbes, M. K., Hallquist, M. N., Latzman, R. D., Mullins-Sweatt, S. N., Ruggero, C. J., Simms, L. J., Waldman, I. D., Waszczuk, M. A., &amp; Wright, A. G. C. (2021). The hierarchical taxonomy of psychopathology (HiTOP): A quantitative nosology based on consensus of evidence. Annual Review of Clinical Psychology, 17, 83–108.PubMed</bibliomixed>
      <bibliomixed id="ch0003s0008bib51">Krueger, R. F., Derringer, J., Markon, K. E., Watson, D., &amp; Skodol, A. E. (2012). Initial construction of a maladaptive personality trait model and inventory for DSM-5. Psychological Medicine, 42(09), 1879–1890.PubMed</bibliomixed>
      <bibliomixed id="ch0003s0008bib52">Laverdière, O., Ogrodniczuk, J. S., &amp; Kealy, D. (2019). Clinicians’ empathy and professional quality of life. Journal of Nervous &amp; Mental Disease, 207(2), 49–52.</bibliomixed>
      <bibliomixed id="ch0003s0008bib53">Ledley, D. R., &amp; Rauch, S. A. M. (2005). Anxiety disorders. In Clinical and diagnostic interviewing (2nd ed.). Jason Aronson.</bibliomixed>
      <bibliomixed id="ch0003s0008bib54">Levitt, H. M., Collins, K. M., Morrill, Z., Gorman, K. R., Ipekci, B., Grabowski, L., Karch, J., Kurtz, K., Orduña Picón, R., Reyes, A., Vaswani-Bye, A., &amp; Wadler, B. (2022). Learning clinical and cultural empathy: A call for a multidimensional approach to empathy-focused psychotherapy training. Journal of Contemporary Psychotherapy, 52(4), 267–279.</bibliomixed>
      <bibliomixed id="ch0003s0008bib55">Lewis-Fernández, R., Aggarwal, N. K., Hinton, L., Hinton, D. E., &amp; Kirmayer, L. J. (2016). DSM-5 handbook on the cultural formulation interview. American Psychiatric Publishing.</bibliomixed>
      <bibliomixed id="ch0003s0008bib56">Main, A., Walle, E. A., Kho, C., &amp; Halpern, J. (2017). The interpersonal functions of empathy: A relational perspective. Emotion Review, 9(4), 358–366.</bibliomixed>
      <bibliomixed id="ch0003s0008bib57">McCord, C. E., Console, K., Jackson, K., Palmiere, D., Stickley, M., Williamson, M. L. C., &amp; Armstrong, T. W. (2021). Telepsychology training in a public health crisis: A case example. Counselling Psychology Quarterly, 34(3–4), 608–623.</bibliomixed>
      <bibliomixed id="ch0003s0008bib58">McCoyd, J. L. M., Curran, L., Candelario, E., &amp; Findley, P. (2022). “There is just a different energy”: Changes in the therapeutic relationship with the telehealth transition. Clinical Social Work Journal, 50(3), 325–336.PubMedPubMedCentral</bibliomixed>
      <bibliomixed id="ch0003s0008bib59">Miller, L. R., &amp; Peck, B. M. (2020). A prospective examination of racial microaggressions in the medical encounter. Journal of Racial and Ethnic Health Disparities, 7(3), 519–527.PubMed</bibliomixed>
      <bibliomixed id="ch0003s0008bib60">Morey, L. C. (1991). Personality assessment inventory professional manual. Psychological Assessment Resources, Inc.</bibliomixed>
      <bibliomixed id="ch0003s0008bib61">Morey, L. C. (2017). Development and initial evaluation of a self-report form of the DSM–5 level of personality functioning scale. Psychological Assessment, 29(10), 1302.PubMed</bibliomixed>
      <bibliomixed id="ch0003s0008bib62">Morey, L. C. (2020). Personality assessment inventory plus professional manual. Psychological Assessment Resources, Inc.</bibliomixed>
      <bibliomixed id="ch0003s0008bib63">Morrison, J. R. (2016). The first interview (4th ed.). The Guilford Press.</bibliomixed>
      <bibliomixed id="ch0003s0008bib64">Mueller, A. E., &amp; Segal, D. L. (2014). Structured versus semistructured versus unstructured interviews. In The Encyclopedia of Clinical Psychology (pp. 1–7).</bibliomixed>
      <bibliomixed id="ch0003s0008bib65">Norman, G. R., &amp; Eva, K. W. (2010). Diagnostic error and clinical reasoning. Medical Education, 44(1), 94–100.PubMed</bibliomixed>
      <bibliomixed id="ch0003s0008bib66">Norris, D. R., Clark, M. S., &amp; Shipley, S. (2016). The mental status examination. American Family Physician, 94(8), 635–641.PubMed</bibliomixed>
      <bibliomixed id="ch0003s0008bib67">Osorio, F. L., Loureiro, S. R., Hallak, J. E. C., Machado-de-Sousa, J. P., Ushirohira, J. M., Baes, C. V. W., Apolinario, T. D., Donadon, M. F., Bolsoni, L. M., Guimaraes, T., Fracon, V. S., Silva-Rodrigues, A. P. C., Pizeta, F. A., Souza, R. M., Sanches, R. F., Dos Santos, R. G., Martin-Santos, R., &amp; Crippa, J. A. S. (2019). Clinical validity and intrarater and test-retest reliability of the structured clinical interview for DSM-5—Clinician version (SCID-5-CV). Psychiatry and Clinical Neuroscience, 73(12), 754–760.</bibliomixed>
      <bibliomixed id="ch0003s0008bib68">Pashak, T. J., &amp; Heron, M. R. (2022). Build rapport and collect data: A teaching resource on the clinical interviewing intake. Discover Psychology, 2(1), 20.</bibliomixed>
      <bibliomixed id="ch0003s0008bib69">Persons, J. B. (2022). Case formulation. Cognitive and Behavioral Practice, 29(3), 537–540.</bibliomixed>
      <bibliomixed id="ch0003s0008bib70">Persons, J. B., Roberts, N. A., Zalecki, C. A., &amp; Brechwald, W. A. (2006). Naturalistic outcome of case formulation-driven cognitive-behavior therapy for anxious depressed outpatients. Behaviour Research and Therapy, 44(7), 1041–1051.PubMed</bibliomixed>
      <bibliomixed id="ch0003s0008bib71">Phillip, K., Beel, N., &amp; Machin, T. (2020). Understanding the cues and strategies counsellors use to develop rapport with clients through telephone counselling. Psychotherapy and Counselling Journal of Australia, 8(1), 1.</bibliomixed>
      <bibliomixed id="ch0003s0008bib72">Pinninti, N. R., Madison, H., Musser, E., &amp; Rissmiller, D. (2003). Mini international neuropsychiatric schedule: Clinical utility and patient acceptance. European Psychiatry, 18(7), 361–364.PubMed</bibliomixed>
      <bibliomixed id="ch0003s0008bib73">Reese, R. J., &amp; Chapman, N. (2017). Promoting and evaluating evidence-based telepsychology interventions: Lessons learned from the University of Kentucky Telepsychology lab. In M. M. Maheu, K. P. Drude, &amp; S. D. Wright (Eds.), Career paths in telemental health (pp. 255–261). Springer International Publishing.</bibliomixed>
      <bibliomixed id="ch0003s0008bib74">Riess, H. (2017). The science of empathy. Journal of Patient Experience, 4(2), 74–77.PubMedPubMedCentral</bibliomixed>
      <bibliomixed id="ch0003s0008bib75">Ringwald, W. R., Forbes, M. K., &amp; Wright, A. G. C. (2021). Meta-analysis of structural evidence for the hierarchical taxonomy of psychopathology (HiTOP) model. Psychological Medicine, 53, 1–14.</bibliomixed>
      <bibliomixed id="ch0003s0008bib76">Ringwald, W. R., Forbes, M. K., &amp; Wright, A. G. (2023). Meta-analysis of structural evidence for the hierarchical taxonomy of psychopathology (HiTOP) model. Psychological Medicine, 53(2), 533–546.PubMed</bibliomixed>
      <bibliomixed id="ch0003s0008bib77">Rogers, C. R. (1995). On becoming a person: A therapist’s view of psychotherapy. Houghton Mifflin.</bibliomixed>
      <bibliomixed id="ch0003s0008bib78">Ross, L. (2013). Facilitating rapport through real patient encounters in health care professional education. Australasian Journal of Paramedicine, 10, 1–11.</bibliomixed>
      <bibliomixed id="ch0003s0008bib79">Sattler, J. M. (2014). Foundations of behavioral, social and clinical assessment of children (6th ed.). Jerome M. Sattler.</bibliomixed>
      <bibliomixed id="ch0003s0008bib80">Segal, D. L., June, A., &amp; Pifer, M. (2019). Basics and beyond in clinical and diagnostic interviewing. In D. L. Segal (Ed.), Diagnostic interviewing (pp. 3–28). Springer.</bibliomixed>
      <bibliomixed id="ch0003s0008bib81">Shabani, A., Masoumian, S., Zamirinejad, S., Hejri, M., Pirmorad, T., &amp; Yaghmaeezadeh, H. (2021). Psychometric properties of structured clinical interview for DSM-5 disorders-clinician version (SCID-5-CV). Brain and Behavior, 11(5), e01894.PubMedPubMedCentral</bibliomixed>
      <bibliomixed id="ch0003s0008bib82">Shapiro, S., Siegel, R., &amp; Neff, K. D. (2018). Paradoxes of mindfulness. Mindfulness, 9(6), 1693–1701.</bibliomixed>
      <bibliomixed id="ch0003s0008bib83">Sheehan, D., Lecrubier, Y., Harnett Sheehan, K., Janavs, J., Weiller, E., Keskiner, A., Schinka, J., Knapp, E., Sheehan, M., &amp; Dunbar, G. (1997). The validity of the MINI international neuropsychiatric interview (MINI) according to the SCID-P and its reliability. European Psychiatry, 12(5), 232–241.</bibliomixed>
      <bibliomixed id="ch0003s0008bib84">Sheehan, D. V., Sheehan, K. H., Shytle, R. D., Janavs, J., Bannon, Y., Rogers, J. E., Milo, K. M., Stock, S. L., &amp; Wilkinson, B. (2010). Reliability and validity of the mini international neuropsychiatric interview for children and adolescents (MINI-KID). The Journal of Clinical Psychiatry, 71(03), 313–326.PubMed</bibliomixed>
      <bibliomixed id="ch0003s0008bib85">Sinclair, S., Beamer, K., Hack, T. F., McClement, S., Raffin Bouchal, S., Chochinov, H. M., &amp; Hagen, N. A. (2017). Sympathy, empathy, and compassion: A grounded theory study of palliative care patients’ understandings, experiences, and preferences. Palliative Medicine, 31(5), 437–447.PubMed</bibliomixed>
      <bibliomixed id="ch0003s0008bib86">Stevens, S. K., Brustad, R., Gilbert, L., Houge, B., Milbrandt, T., Munson, K., Packard, J., Werneburg, B., &amp; Siddiqui, M. A. (2020). The use of empathic communication during the COVID-19 outbreak. Journal of Patient Experience, 7(5), 648–652.PubMedPubMedCentral</bibliomixed>
      <bibliomixed id="ch0003s0008bib87">Strand, M., &amp; Bäärnhielm, S. (2022). Could the DSM-5 cultural formulation interview hold therapeutic potential? Suggestions for further exploration and adaptation within a framework of therapeutic assessment. Culture, Medicine, and Psychiatry, 46(4), 846–863.PubMed</bibliomixed>
      <bibliomixed id="ch0003s0008bib88">Summerfeldt, L. J., &amp; Antony, M. M. (2002). Structured and semistructured diagnostic interviews. In Handbook of assessment and treatment planning for psychological disorders (pp. 3–37). Guilford Press.</bibliomixed>
      <bibliomixed id="ch0003s0008bib89">Sung, J. Y., Bugatti, M., Vivian, D., &amp; Schleider, J. L. (2023). Evaluating a telehealth single-session consultation service for clients on psychotherapy wait-lists. Practice Innovations, 8(2), 141–161.</bibliomixed>
      <bibliomixed id="ch0003s0008bib90">Tolin, D. F., Gilliam, C., Wootton, B. M., Bowe, W., Bragdon, L. B., Davis, E., Hannan, S. E., Steinman, S. A., Worden, B., &amp; Hallion, L. S. (2018). Psychometric properties of a structured diagnostic interview for DSM-5 anxiety, mood, and obsessive-compulsive and related disorders. Assessment, 25(1), 3–13.PubMed</bibliomixed>
      <bibliomixed id="ch0003s0008bib91">Vallano, J. P., &amp; Schreiber Compo, N. (2015). Rapport-building with cooperative witnesses and criminal suspects: A theoretical and empirical review. Psychology, Public Policy, and Law, 21(1), 85–99.</bibliomixed>
      <bibliomixed id="ch0003s0008bib92">Wampold, B. E. (2015). How important are the common factors in psychotherapy? An update. World Psychiatry, 14(3), 270–277.PubMedPubMedCentral</bibliomixed>
      <bibliomixed id="ch0003s0008bib93">Watts, S., Marchand, A., Bouchard, S., Gosselin, P., Langlois, F., Belleville, G., &amp; Dugas, M. J. (2020). Telepsychotherapy for generalized anxiety disorder: Impact on the working alliance. Journal of Psychotherapy Integration, 30(2), 208–225.</bibliomixed>
      <bibliomixed id="ch0003s0008bib94">Weiner, S. J., &amp; Auster, S. (2007). From empathy to caring: Defining the ideal approach to a healing relationship. The Yale Journal of Biology and Medicine, 80(3), 123–130.PubMed</bibliomixed>
      <bibliomixed id="ch0003s0008bib95">Woodward, H. E., Taft, C. T., Gordon, R. A., &amp; Meis, L. A. (2009). Clinician bias in the diagnosis of posttraumatic stress disorder and borderline personality disorder. Psychological Trauma: Theory, Research, Practice, and Policy, 1(4), 282.</bibliomixed>
      <bibliomixed id="ch0003s0008bib96">World Health Organization. (2018). International classification of diseases for mortality and morbidity statistics (11th revision). WHO.</bibliomixed>
      <bibliomixed id="ch0003s0008bib97">Zimmerman, M., &amp; Mattia, J. I. (1999). Differences between clinical and research practices in diagnosing borderline personality disorder. American Journal of Psychiatry, 156(10), 1570–1574.PubMed</bibliomixed>
   </bibliography>
</sect1>