<?xml version="1.0" encoding="UTF-8"?>
<sect1 id="ch0010s0010">
   <sect1info>
      <risinfo>
         <risprev>sect1.9781071643624.</risprev>
         <riscurrent>sect1.9781071643624.ch0010s0010</riscurrent>
         <risnext>sect1.9781071643624.ch0010s0001</risnext>
         <booktitle>Diagnostic Interviewing</booktitle>
         <isbn>9781071643624</isbn>
         <chapternumber>10</chapternumber>
         <chapterid>ch0010</chapterid>
         <chaptertitle>8. Anxiety Disorders</chaptertitle>
         <authorgroup>
            <author>
               <personname>
                  <firstname>Daniel L.</firstname>
                  <surname>Segal</surname>
               </personname>
            </author>
         </authorgroup>
         <publisher>
            <publishername>Springer US</publishername>
         </publisher>
         <pubdate>2025</pubdate>
      </risinfo>
      <primaryauthor>
         <personname>
            <firstname>Daniel L.</firstname>
            <surname>Segal</surname>
         </personname>
      </primaryauthor>
   </sect1info>
   <title>8. Anxiety Disorders</title>
   <para>D. L. Segal<emphasis role="CollaboratorDesignation"> (ed.)</emphasis>
      <emphasis role="BookTitle">Diagnostic Interviewing</emphasis>
      <ulink url="https://doi.org/10.1007/978-1-0716-4362-4_8">https://doi. org/10.1007/978-1-0716-4362-4_8</ulink>
      <emphasis role="AuthorName">David P. Valentiner</emphasis>
      <superscript>1 <emphasis>ContactOf Author 1</emphasis>
      </superscript> and <emphasis role="AuthorName">Dominoe Jones</emphasis>
      <superscript>1</superscript>(1)David P. Valentiner Email:</para>
   <keywordset>
      <keyword>Acrophobia</keyword>
      <keyword>Controlling stimuli</keyword>
      <keyword>Anxiety-related disorders</keyword>
   </keywordset>
</sect1>