<?xml version="1.0" encoding="UTF-8"?>
<sect1 id="ch0023s0009" role="Heading">
   <sect1info>
      <risinfo>
         <risprev>sect1.9781071643624.ch0023s0008</risprev>
         <riscurrent>sect1.9781071643624.ch0023s0009</riscurrent>
         <risnext>sect1.9781071643624.</risnext>
         <booktitle>Diagnostic Interviewing</booktitle>
         <isbn>9781071643624</isbn>
         <chapternumber>23</chapternumber>
         <chapterid>ch0023</chapterid>
         <chaptertitle>20. Interviewing in Health, Medical, and Integrated Care Settings</chaptertitle>
         <authorgroup>
            <author>
               <personname>
                  <firstname>Daniel L.</firstname>
                  <surname>Segal</surname>
               </personname>
            </author>
         </authorgroup>
         <publisher>
            <publishername>Springer US</publishername>
         </publisher>
         <pubdate>2025</pubdate>
      </risinfo>
      <primaryauthor>
         <personname>
            <firstname>Daniel L.</firstname>
            <surname>Segal</surname>
         </personname>
      </primaryauthor>
   </sect1info>
   <title>Summary</title>
   <para role="Para">In summary, psychologists play pivotal roles within the healthcare system not just by providing care to individuals and their families and consulting, but also via the opportunity to be someone’s first experience with a mental health clinician. These interactions can open doors and reduce stigmas for the individual and other disciplines through interdisciplinary and multidisciplinary collaboration. Though being a psychologist within a setting that once viewed the mind and body as separate can be a challenge with various unique complexities, it is also an opportunity to facilitate holistic, equitable, and culturally responsive care through a biopsychosocial lens. It is also an opportunity to learn a breadth of medical knowledge and develop impactful relationships while navigating a fast-paced environment with a myriad of presentations.</para>
   <sidebar id="ch0023s0009ad01">
      <para/>
   </sidebar>
   <bibliography id="ch0023s0009bib0017">
      <bibliomixed id="ch0023s0009bib01">Andreotti, E. T., Ipuchima, J. R., Cazella, S. C., Beria, P., Bortoncello, C. F., Silveira, R. C., &amp; Ferrão, Y. A. (2020). Instruments to assess suicide risk: A systematic review. Trends in Psychiatry and Psychotherapy, 42(3), 276–281. CrossrefPubMedPubMedCentral</bibliomixed>
      <bibliomixed id="ch0023s0009bib02">Balt, E., Mérelle, S., Van Bergen, D., Gilissen, R., Van Der Post, P., Looijmans, M., Creemers, D., Rasing, S., Mulder, W., Van Domburgh, L., &amp; Popma, A. (2021). Gender differences in suicide-related communication of young suicide victims. PLoS One, 16(5), e0252028. CrossrefPubMedPubMedCentral</bibliomixed>
      <bibliomixed id="ch0023s0009bib03">Barranco, R. E. (2016). Suicide, religion, and latinos: A macrolevel study of U.S. Latino suicide rates. The Sociological Quarterly, 57(2), 256–281. Crossref</bibliomixed>
      <bibliomixed id="ch0023s0009bib04">Beautrais, A. L. (2002). Gender issues in youth suicidal behaviour. Emergency Medicine, 14(1), 35–42. CrossrefPubMed</bibliomixed>
      <bibliomixed id="ch0023s0009bib05">Beck, A. T., Kovacs, M., &amp; Weissman, A. (1979). Assessment of suicidal intention: The scale for suicide ideation. Journal of Consulting and Clinical Psychology, 47(2), 343–352. CrossrefPubMed</bibliomixed>
      <bibliomixed id="ch0023s0009bib06">Beck, A. T., Steer, R. A., &amp; Ranieri, W. F. (1988). Scale for suicide ideation: Psychometric properties of a self-report version. Journal of Clinical Psychology, 44(4), 499–505. CrossrefPubMed</bibliomixed>
      <bibliomixed id="ch0023s0009bib07">Berman, A. L., &amp; Silverman, M. M. (2014). Suicide risk assessment and risk formulation part II: Suicide risk formulation and the determination of levels of risk. Suicide and Life-threatening Behavior, 44(4), 432–443. CrossrefPubMed</bibliomixed>
      <bibliomixed id="ch0023s0009bib08">Bernert, R. A., Hom, M. A., &amp; Roberts, L. W. (2014). A review of multidisciplinary clinical practice guidelines in suicide prevention: Toward an emerging standard in suicide risk assessment and management, training and practice. Academic Psychiatry, 38(5), 585–592. CrossrefPubMedPubMedCentral</bibliomixed>
      <bibliomixed id="ch0023s0009bib09">Fields, W. W., Asplin, B. R., Larkin, G. L., Marco, C. A., Johnson, L. A., Yeh, C., Ghezzi, K. T., &amp; Rapp, M. (2001). The emergency medical treatment and labor act as a federal health care safety net program. Academic Emergency Medicine: Official Journal of the Society for Academic Emergency Medicine, 8(11), 1064–1069. CrossrefPubMed</bibliomixed>
      <bibliomixed id="ch0023s0009bib10">Bommersbach, T. J., Rosenheck, R. A., Petrakis, I. L., &amp; Rhee, T. G. (2022). Why are women more likely to attempt suicide than men? Analysis of lifetime suicide attempts among US adults in a nationally representative sample. Journal of Affective Disorders, 311, 157–164. CrossrefPubMed</bibliomixed>
      <bibliomixed id="ch0023s0009bib11">Bridge, J. A., Horowitz, L. M., Fontanella, C. A., Sheftall, A. H., Greenhouse, J., Kelleher, K. J., &amp; Campo, J. V. (2018). Age-related racial disparity in suicide rates among US youths from 2001 through 2015. JAMA Pediatrics, 172(7), 697. CrossrefPubMedPubMedCentral</bibliomixed>
      <bibliomixed id="ch0023s0009bib12">Bryan, C. J., &amp; Rudd, M. D. (2006). Advances in the assessment of suicide risk. Journal of Clinical Psychology, 62(2), 185–200. CrossrefPubMed</bibliomixed>
      <bibliomixed id="ch0023s0009bib13">Molinari, V., Edelstein, B., Gibson, R., Lind, L., Norris, M., O’Shea Carney, K., Bush, S. S., Heck, A. L., Moye, J., Gordon, B. H., &amp; Hiroto, K. (2021). Psychologists in long-term care (PLTC) guidelines for psychological and behavioral health services in long-term care settings. Professional Psychology: Research and Practice, 52(1), 34–45. CrossrefPubMed</bibliomixed>
      <bibliomixed id="ch0023s0009bib14">Navarro-Carrillo, G., Alonso-Ferres, M., Moya, M., &amp; Valor-Segura, I. (2020). Socioeconomic status and psychological well-being: Revisiting the role of subjective socioeconomic status. Frontiers in Psychology, 11.</bibliomixed>
      <bibliomixed id="ch0023s0009bib15">Choi, N. G., Choi, B. Y., &amp; Marti, C. N. (2023). Suicidal intent disclosure among adult suicide decedents: Four age group comparisons. Death Studies, 47(7), 861–872. CrossrefPubMed</bibliomixed>
      <bibliomixed id="ch0023s0009bib16">Chu, C., Klein, K. M., Buchman-Schmitt, J. M., Hom, M. A., Hagan, C. R., &amp; Joiner, T. E. (2015). Routinized assessment of suicide risk in clinical practice: An empirically informed update. Journal of Clinical Psychology, 71(12), 1186–1200. CrossrefPubMed</bibliomixed>
   </bibliography>
</sect1>