<?xml version="1.0" encoding="UTF-8"?>
<sect1 id="ch0021s0009" role="Heading">
   <sect1info>
      <risinfo>
         <risprev>sect1.9781071643624.ch0021s0008</risprev>
         <riscurrent>sect1.9781071643624.ch0021s0009</riscurrent>
         <risnext>sect1.9781071643624.</risnext>
         <booktitle>Diagnostic Interviewing</booktitle>
         <isbn>9781071643624</isbn>
         <chapternumber>21</chapternumber>
         <chapterid>ch0021</chapterid>
         <chaptertitle>18. Interviewing Children</chaptertitle>
         <authorgroup>
            <author>
               <personname>
                  <firstname>Daniel L.</firstname>
                  <surname>Segal</surname>
               </personname>
            </author>
         </authorgroup>
         <publisher>
            <publishername>Springer US</publishername>
         </publisher>
         <pubdate>2025</pubdate>
      </risinfo>
      <primaryauthor>
         <personname>
            <firstname>Daniel L.</firstname>
            <surname>Segal</surname>
         </personname>
      </primaryauthor>
   </sect1info>
   <title>Summary</title>
   <para role="Para">The purpose of this chapter was to provide students and clinicians with a central overview of the diagnostic interviewing process for children. It began with a summary of issues specific to children that should be considered during the interview and intake process. A discussion of interview techniques and structure followed, highlighting how to use the referral question, who to interview, and methods for gathering information. In addition, a case illustration and recommendations for formal assessment tools, as well as a brief review of structured and semi-structured diagnostic interviews, were discussed. Finally, a review of the impact of race, culture, age, and other diversity considerations in the context of diagnostic interviewing was provided, followed by a brief discussion of important dos and don’ts for interviewing. A well-conducted and thorough diagnostic interview requires both a keen awareness of diagnostic criteria and structured tools, as well as sufficiently developed clinical skills to facilitate a comfortable and open environment for the child and caregiver. These competencies allow the clinician to collect the necessary data and make families comfortable enough to share such data. It is crucial to remember that the diagnostic interview marks the beginning of case conceptualization and treatment planning; a thoughtful and well-informed interview will set the stage for a strong and supportive therapeutic alliance.</para>
   <sidebar id="ch0021s0009ad01">
      <para/>
   </sidebar>
   <bibliography id="ch0021s0009bib0041">
      <bibliomixed id="ch0021s0009bib01">Aalto, M., Alho, H., Halme, J. T., &amp; Seppä, K. (2011). The alcohol use disorders identification test (AUDIT) and its derivatives in screening for heavy drinking among the elderly. International Journal of Geriatric Psychiatry, 26(9), 881–885. CrossrefPubMed</bibliomixed>
      <bibliomixed id="ch0021s0009bib02">Administration on Aging. (2021). 2020 profile of older Americans. Administration on Aging: U.S. Department of Health and Human Services.</bibliomixed>
      <bibliomixed id="ch0021s0009bib03">Agustini, B., Lotfaliany, M., Woods, R. L., McNeil, J. J., Nelson, M. R., Shah, R. C., Murray, A. M., Ernst, M. E., Reid, C. M., Tonkin, A., Lockery, J. E., Williams, L. J., Berk, M., Mohebbi, M., &amp; Group, A. I. (2020). Patterns of association between depressive symptoms and chronic medical morbidities in older adults. Journal of the American Geriatrics Society, 68(8), 1834–1841. CrossrefPubMedPubMedCentral</bibliomixed>
      <bibliomixed id="ch0021s0009bib04">Allen, J. O., Solway, E., Kirch, M., Singer, D., Kullgren, J. T., Moïse, V., &amp; Malani, P. N. (2022). Experiences of everyday ageism and the health of older US adults. JAMA Network Open, 5(6), e2217240. CrossrefPubMedPubMedCentral</bibliomixed>
      <bibliomixed id="ch0021s0009bib05">Boyle, M. H., Duncan, L., Georgiades, K., Bennett, K., Gonzalez, A., Van Lieshout, R. J., Szatmari, P., MacMillan, H. L., Kata, A., Ferro, M. A., Lipman, E. L., &amp; Janus, M. (2017). Classifying child and adolescent psychiatric disorder by problem checklists and standardized interviews. International Journal of Methods in Psychiatric Research, 26(4), e1544. CrossrefPubMed</bibliomixed>
      <bibliomixed id="ch0021s0009bib06">Chambers, W. J., Puig-Antich, J., Hirsch, M., Paez, P., Ambrosini, P. J., Tabrizi, M. A., &amp; Davies, M. (1985). The assessment of affective disorders in children and adolescents by semistructured interview: Test-retest reliability of the schedule for affective disorders and schizophrenia for school-age children, present episode version. Archives of General Psychiatry, 42(7), 696–702. CrossrefPubMed</bibliomixed>
      <bibliomixed id="ch0021s0009bib07">Chorpita, B. F., Yim, L., Moffitt, C., Umemoto, L. A., &amp; Francis, S. E. (2000). Assessment of symptoms of DSM-IV anxiety and depression in children: A revised child anxiety and depression scale. Behaviour Research and Therapy, 38(8), 835–855. CrossrefPubMed</bibliomixed>
      <bibliomixed id="ch0021s0009bib08">Clarke, D. E., Narrow, W. E., Regier, D. A., Kuramoto, S. J., Kupfer, D. J., Kuhl, E. A., Greiner, L., &amp; Kraemer, H. C. (2013). DSM-5 field trials in the United States and Canada, part I: Study design, sampling strategy, implementation, and analytic approaches. American Journal of Psychiatry, 170(1), 43–58. CrossrefPubMed</bibliomixed>
      <bibliomixed id="ch0021s0009bib09">Boelen, P. A., &amp; Lenferink, L. I. M. (2020). Symptoms of prolonged grief, posttraumatic stress, and depression in recently bereaved people: Symptom profiles, predictive value, and cognitive behavioural correlates. Social Psychiatry and Psychiatric Epidemiology, 55(6), 765–777. CrossrefPubMed</bibliomixed>
      <bibliomixed id="ch0021s0009bib10">Bravo, G., &amp; Hébert, R. (1997). Age- and education-specific reference values for the mini-mental and modified mini-mental state examinations derived from a non-demented elderly population. International Journal of Geriatric Psychiatry, 12(10), 1008–1018. CrossrefPubMed</bibliomixed>
      <bibliomixed id="ch0021s0009bib11">Casanova-Perez, R., Apodaca, C., Bascom, E., Mohanraj, D., Lane, C., Vidyarthi, D., Beneteau, E., Sabin, J., Pratt, W., Weibel, N., &amp; Hartzler, A. L. (2021). Broken down by bias: Healthcare biases experienced by BIPOC and LGBTQ+ patients. AMIA Annual Symposium Proceedings, 2021, 275.PubMed</bibliomixed>
      <bibliomixed id="ch0021s0009bib12">Hendricks, M. L., &amp; Testa, R. J. (2012). A conceptual framework for clinical work with transgender and gender nonconforming clients: An adaptation of the Minority Stress Model. Professional Psychology: Research and Practice, 43(5), 460–467. Crossref</bibliomixed>
      <bibliomixed id="ch0021s0009bib13">Suicide thoughts and attempts among transgender adultshttps://​williamsinstitut​e-law-ucla-edu.​access.​library.​miami.​edu/​publications/​suicidality-transgender-adults/​</bibliomixed>
      <bibliomixed id="ch0021s0009bib14">Dixon, J. S., Mather, M. A., Ready, R. E., &amp; Madore, M. R. (2023). Culturally responsive psychological assessment with racially and ethnically diverse older adults. Psychological Assessment, 35(1), 82–93. CrossrefPubMed</bibliomixed>
      <bibliomixed id="ch0021s0009bib15">Ettman, C. K., Abdalla, S. M., Cohen, G. H., Sampson, L., Vivier, P. M., &amp; Galea, S. (2020). Prevalence of depression symptoms in US adults before and during the COVID-19 pandemic. JAMA Network Open, 3(9), e2019686. CrossrefPubMedPubMedCentral</bibliomixed>
      <bibliomixed id="ch0021s0009bib16">Kaufman, J., Birmaher, B., Axelson, D., Perepletchikova, F., Brent, D., &amp; Ryan, N. (2016). K-SADS-PL DSM-5 November 2016. Western Psychiatric Institute and Clinic, Yale University.</bibliomixed>
      <bibliomixed id="ch0021s0009bib17">Kerns, C. M., Renno, P., Kendall, P. C., Wood, J. J., &amp; Storch, E. A. (2016). Anxiety disorders interview schedule—Autism addendum: Reliability and validity in children with autism spectrum disorder. Journal of Clinical Child and Adolescent Psychology : The Official Journal for the Society of Clinical Child and Adolescent Psychology, American Psychological Association, Division 53, 46(1), 88–100. CrossrefPubMed</bibliomixed>
      <bibliomixed id="ch0021s0009bib18">Fredriksen-Goldsen, K. I., Cook-Daniels, L., Kim, H.-J., Erosheva, E. A., Emlet, C. A., Hoy-Ellis, C. P., Goldsen, J., &amp; Muraco, A. (2014). Physical and mental health of transgender older adults: An at-risk and underserved population. The Gerontologist, 54(3), 488–500. CrossrefPubMed</bibliomixed>
      <bibliomixed id="ch0021s0009bib19">GBD 2019 Dementia Forecasting Collaborators. (2022). Estimation of the global prevalence of dementia in 2019 and forecasted prevalence in 2050: An analysis for the global burden of disease study 2019. The Lancet. Public Health, 7(2), e105–e125. Crossref</bibliomixed>
      <bibliomixed id="ch0021s0009bib20">Lyneham, H. J., Abbott, M. J., &amp; Rapee, R. M. (2007). Interrater reliability of the anxiety disorders interview schedule for DSM-IV: Child and parent version: Journal of the American Academy of Child &amp; Adolescent Psychiatry. Journal of the American Academy of Child &amp; Adolescent Psychiatry, 46(6), 731–736. Crossref</bibliomixed>
      <bibliomixed id="ch0021s0009bib21">Nishiyama, T., Sumi, S., Watanabe, H., Suzuki, F., Kuru, Y., Shiino, T., Kimura, T., Wang, C., Lin, Y., Ichiyanagi, M., &amp; Hirai, K. (2020). The kiddie schedule for affective disorders and schizophrenia present and lifetime version (K-SADS-PL) for DSM-5: A validation for neurodevelopmental disorders in Japanese outpatients. Comprehensive Psychiatry, 96, 152148. CrossrefPubMed</bibliomixed>
      <bibliomixed id="ch0021s0009bib22">Gutman, G. M., Robson, C., &amp; Marchbank, J. (2020). Elder abuse in the LGBT community. In A. Phelan (Ed.), Advances in elder abuse research: Practice, legislation and policy (pp. 149–164). Springer International Publishing. Crossref</bibliomixed>
      <bibliomixed id="ch0021s0009bib23">Haynes, W., Johnson, K., Patel, S., &amp; Herrera, L. (2024). “Nobody puts Grammy in the corner”: Impacts of ageism across cultures and in psychiatric education. The American Journal of Geriatric Psychiatry, 32(4, Supplement), S22. Crossref</bibliomixed>
      <bibliomixed id="ch0021s0009bib24">Helliwell, J. F., Layard, R., Sachs, J. D., De Neve, J.-E., Aknin, L. B., &amp; Wang, S. (2024). World happiness report. University of Oxford: Wellbeing Research Centre.</bibliomixed>
      <bibliomixed id="ch0021s0009bib25">Hirata, E. S., Almeida, O. P., Funari, R. R., &amp; Klein, E. L. (2001). Validity of the Michigan alcoholism screening test (MAST) for the detection of alcohol-related problems among male geriatric outpatients. The American Journal of Geriatric Psychiatry: Official Journal of the American Association for Geriatric Psychiatry, 9(1), 30–34.PubMed</bibliomixed>
      <bibliomixed id="ch0021s0009bib26">Sheehan, D. V., Sheehan, K. H., Shytle, R. D., Janavs, J., Bannon, Y., Rogers, J. E., et al. (2010). Reliability and validity of the mini international neuropsychiatric interview for children and adolescents (MINI-KID). The Journal of Clinical Psychiatry, 71(3), 313–326. CrossrefPubMed</bibliomixed>
      <bibliomixed id="ch0021s0009bib27">Jimenez, D. E., Park, M., Rosen, D., Joo, J. H., Garza, D. M., Weinstein, E. R., Conner, K., Silva, C., &amp; Okereke, O. (2022). Centering culture in mental health: Differences in diagnosis, treatment, and access to care among older people of color. The American Journal of Geriatric Psychiatry, 30(11), 1234–1251. CrossrefPubMedPubMedCentral</bibliomixed>
      <bibliomixed id="ch0021s0009bib28">Jones, T. G., Schinka, J. A., Vanderploeg, R. D., Small, B. J., Graves, A. B., &amp; Mortimer, J. A. (2002). 3MS normative data for the elderly. Archives of Clinical Neuropsychology: The Official Journal of the National Academy of Neuropsychologists, 17(2), 171–177.CrossrefPubMed</bibliomixed>
      <bibliomixed id="ch0021s0009bib29">Silverman, W. K., Saavedra, L. M., &amp; Pina, A. A. (2001). Test-retest reliability of anxiety symptoms and diagnoses with the anxiety disorders interview schedule for DSM-IV: Child and parent versions. Journal of the American Academy of Child &amp; Adolescent Psychiatry, 40(8), 937–944. Crossref</bibliomixed>
      <bibliomixed id="ch0021s0009bib30">Tolin, D. F., Gilliam, C., Wootton, B. M., Bowe, W., Bragdon, L. B., Davis, E., Hannan, S. E., Steinman, S. A., Worden, B., &amp; Hallion, L. S. (2018). Psychometric properties of a structured diagnostic interview for DSM-5 anxiety, mood, and obsessive-compulsive and related disorders. Assessment, 25(1), 3–13. CrossrefPubMed</bibliomixed>
      <bibliomixed id="ch0021s0009bib31">Tolin, D. F., Sain, K. S., Davis, E., Gilliam, C., Hannan, S. E., Springer, K. S., Stubbing, J., George, J. R., Jean, A., Goldblum, R., Katz, B. W., Everhardt, K., Darrow, S., Ohr, E. E., Young, M. E., &amp; Serchuk, M. D. (2023). The DIAMOND-KID: Psychometric properties of a structured diagnostic interview for DSM-5 anxiety, mood, and obsessive-compulsive and related disorders in children and adolescents. Assessment, 30(8), 2351–2363. CrossrefPubMed</bibliomixed>
      <bibliomixed id="ch0021s0009bib32">Townsend, L., Kobak, K., Kearney, C., Milham, M., Andreotti, C., Escalera, J., Alexander, L., Gill, M. K., Birmaher, B., Sylvester, R., Rice, D., Deep, A., &amp; Kaufman, J. (2020). Development of three web-based computerized versions of the kiddie schedule for affective disorders and schizophrenia child psychiatric diagnostic interview: Preliminary validity data. Journal of the American Academy of Child and Adolescent Psychiatry, 59(2), 309–325. CrossrefPubMed</bibliomixed>
      <bibliomixed id="ch0021s0009bib33">Ünal, F., Öktem, F., Çuhadaroğlu, F. Ç., Kültür, S. E. Ç., Akdemir, D., Ozdemir, D. F., Çak, H. T., Ünal, D., Tiraş, K., Aslan, C., Kalayci, B. M., Aydos, B. S., Kütük, F., Taşyürek, E., Karaokur, R., Karabucak, B., Karakök, B., Karaer, Y., &amp; Artik, A. (2019). Reliability and validity of the schedule for affective disorders and schizophrenia for school-age children-present and lifetime version, DSM-5 November 2016-Turkish adaptation (K-SADS-PL-DSM-5-T): Türk Psikiyatri Dergisi. Türk Psikiyatri Dergisi, 30(1), 1–8. Crossref</bibliomixed>
      <bibliomixed id="ch0021s0009bib34">Wanta, J. W., Gianakakos, G., Belfort, E., &amp; Janssen, A. (2022). Considering “spheres of influence” in the care of lesbian, gay, bisexual transgender, and queer-identified youth. Child and Adolescent Psychiatric Clinics of North America, 31(4), 649–664. CrossrefPubMed</bibliomixed>
      <bibliomixed id="ch0021s0009bib35">Liang, S., Chau, J. P. C., Lo, S. H. S., Zhao, J., &amp; Choi, K. C. (2021). Effects of nonpharmacological delirium-prevention interventions on critically ill patients’ clinical, psychological, and family outcomes: A systematic review and meta-analysis. Australian Critical Care, 34(4), 378–387. CrossrefPubMed</bibliomixed>
      <bibliomixed id="ch0021s0009bib36">Lighthall, N. R., Conner, L. B., &amp; Giovanello, K. S. (2019). Learning and memory in the aging brain: The function of declarative and nondeclarative memory over the lifespan. In The aging brain: Functional adaptation across adulthood (pp. 73–109). American Psychological Association. Crossref</bibliomixed>
      <bibliomixed id="ch0021s0009bib37">Llorente, M. D., &amp; Valverde, M. (2019). Mental health care of older adults: Does cultural competence matter? Current Geriatrics Reports, 8(3), 131–136. Crossref</bibliomixed>
      <bibliomixed id="ch0021s0009bib38">Luyster, F. S., Choi, J., Yeh, C.-H., Imes, C. C., Johansson, A. E. E., &amp; Chasens, E. R. (2015). Screening and evaluation tools for sleep disorders in older adults. Applied Nursing Research: ANR, 28(4), 334–340. CrossrefPubMed</bibliomixed>
      <bibliomixed id="ch0021s0009bib39">Wood, J. J., Piacentini, J. C., Bergman, R. L., McCracken, J., &amp; Barrios, V. (2002). Concurrent validity of the anxiety disorders section of the anxiety disorders interview schedule for DSM-IV: Child and parent versions. Journal of Clinical Child &amp; Adolescent Psychology, 31(3), 335–342. Crossref</bibliomixed>
      <bibliomixed id="ch0021s0009bib40">Mai, J., Bower, E., &amp; Van Orden, K. (2021). Evaluating the validity of the Columbia-suicide severity rating scale for lonely older adults. Innovation in Aging, 5(Supplement_1), 917–918. Crossref</bibliomixed>
   </bibliography>
</sect1>