<?xml version="1.0" encoding="UTF-8"?>
<sect1 id="ch0016s0005" role="Heading">
   <sect1info>
      <risinfo>
         <risprev>sect1.9781071643624.ch0016s0004</risprev>
         <riscurrent>sect1.9781071643624.ch0016s0005</riscurrent>
         <risnext>sect1.9781071643624.ch0016s0006</risnext>
         <booktitle>Diagnostic Interviewing</booktitle>
         <isbn>9781071643624</isbn>
         <chapternumber>16</chapternumber>
         <chapterid>ch0016</chapterid>
         <chaptertitle>14. Sexual Dysfunctions, Gender Dysphoria, and Paraphilic Disorders</chaptertitle>
         <authorgroup>
            <author>
               <personname>
                  <firstname>Daniel L.</firstname>
                  <surname>Segal</surname>
               </personname>
            </author>
         </authorgroup>
         <publisher>
            <publishername>Springer US</publishername>
         </publisher>
         <pubdate>2025</pubdate>
      </risinfo>
      <primaryauthor>
         <personname>
            <firstname>Daniel L.</firstname>
            <surname>Segal</surname>
         </personname>
      </primaryauthor>
   </sect1info>
   <title>Impact of Gender, Race, Culture, and Other Aspects of Diversity</title>
   <para role="Para">An extensive discussion<indexterm significance="normal">
         <primary>discussion</primary>
      </indexterm> of the impact of race, culture, diversity, and age on sexual dysfunctions, gender dysphoria, and paraphilic disorders is beyond the scope of this chapter (refer to Hall &amp; Graham, <emphasis role="CitationRef">
         <phrase>2013</phrase>
      </emphasis> for a book focusing on sexuality). In all therapies, an interconnectedness perspective can hold much explanatory and clinical potential. Among other recommendations, Hardy and Laszloffy (<emphasis role="CitationRef">
         <phrase>2002</phrase>
      </emphasis>) encourage therapists to view all therapy as cross-cultural and to engage in a constant process of self-exploration. More practically, it is essential for therapists to work respectfully within clients’ religious and other beliefs and to recognize diversity in experiences, orientations, genders<indexterm significance="normal">
         <primary>genders</primary>
      </indexterm>, and sociocultural circumstances. To this end, the <emphasis>DSM-5 Handbook on the Cultural Formulation Interview</emphasis> (Lewis-Fernández et al., 2016) may be<indexterm significance="normal">
         <primary>be</primary>
      </indexterm> a useful resource.</para>
</sect1>