<?xml version="1.0" encoding="UTF-8"?>
<sect1 id="ch0005s0005">
   <sect1info>
      <risinfo>
         <risprev>sect1.9781071643624.</risprev>
         <riscurrent>sect1.9781071643624.ch0005s0005</riscurrent>
         <risnext>sect1.9781071643624.ch0005s0001</risnext>
         <booktitle>Diagnostic Interviewing</booktitle>
         <isbn>9781071643624</isbn>
         <chapternumber>5</chapternumber>
         <chapterid>ch0005</chapterid>
         <chaptertitle>4. Mental Status Examination</chaptertitle>
         <authorgroup>
            <author>
               <personname>
                  <firstname>Daniel L.</firstname>
                  <surname>Segal</surname>
               </personname>
            </author>
         </authorgroup>
         <publisher>
            <publishername>Springer US</publishername>
         </publisher>
         <pubdate>2025</pubdate>
      </risinfo>
      <primaryauthor>
         <personname>
            <firstname>Daniel L.</firstname>
            <surname>Segal</surname>
         </personname>
      </primaryauthor>
   </sect1info>
   <title>4. Mental Status Examination</title>
   <para>D. L. Segal<emphasis role="CollaboratorDesignation"> (ed.)</emphasis>
      <emphasis role="BookTitle">Diagnostic Interviewing</emphasis>
      <ulink url="https://doi.org/10.1007/978-1-0716-4362-4_4">https://doi. org/10.1007/978-1-0716-4362-4_4</ulink>
      <emphasis role="AuthorName">Rakshitha Mohankumar</emphasis>
      <superscript>1</superscript>, <emphasis role="AuthorName">Katie T. Singsank</emphasis>
      <superscript>1</superscript>, <emphasis role="AuthorName">Brenna N. Renn</emphasis>
      <superscript>1 <emphasis>ContactOf Author 3</emphasis>
      </superscript> and <emphasis role="AuthorName">Samantha E. John</emphasis>
      <superscript>2</superscript>(1)(2)Brenna N. Renn Email:</para>
   <keywordset>
      <keyword>Presenting problem</keyword>
      <keyword>Psychosocial history</keyword>
      <keyword>Chief complaint</keyword>
      <keyword>Interviewing</keyword>
      <keyword>Assessment</keyword>
   </keywordset>
</sect1>