<?xml version="1.0" encoding="UTF-8"?>
<sect1 id="ch0010s0009" role="Heading">
   <sect1info>
      <risinfo>
         <risprev>sect1.9781071643624.ch0010s0008</risprev>
         <riscurrent>sect1.9781071643624.ch0010s0009</riscurrent>
         <risnext>sect1.9781071643624.</risnext>
         <booktitle>Diagnostic Interviewing</booktitle>
         <isbn>9781071643624</isbn>
         <chapternumber>10</chapternumber>
         <chapterid>ch0010</chapterid>
         <chaptertitle>8. Anxiety Disorders</chaptertitle>
         <authorgroup>
            <author>
               <personname>
                  <firstname>Daniel L.</firstname>
                  <surname>Segal</surname>
               </personname>
            </author>
         </authorgroup>
         <publisher>
            <publishername>Springer US</publishername>
         </publisher>
         <pubdate>2025</pubdate>
      </risinfo>
      <primaryauthor>
         <personname>
            <firstname>Daniel L.</firstname>
            <surname>Segal</surname>
         </personname>
      </primaryauthor>
   </sect1info>
   <title>Summary</title>
   <para role="Para">This chapter offers guidelines for conducting diagnostic interviews for anxiety disorders, using an approach that is consistent with the behavioral approach of functional assessment. Clinicians are implored to rely upon a general model that encompasses anxiety disorders, one that recognizes a stimulus-response component and an operant behavior component in which avoidance behavior is viewed as being negatively reinforced by the removal of threat and/or anxiety. This general model offers a single framework that organizes the diagnostic criteria and symptoms of all of the anxiety disorders. Additionally, this chapter describes many of the nuances in how different anxiety disorders present, the implications of anxiety pathology for conducting diagnostic interviews, and other considerations related to the variability in presentation.</para>
   <sidebar id="ch0010s0009ad01">
      <para/>
   </sidebar>
   <bibliography id="ch0010s0009bib0077">
      <bibliomixed id="ch0010s0009bib01">American Psychiatric Association (APA). (2022). Diagnostic and statistical manual of mental disorders (5th ed., text rev.). American Psychiatric Association.</bibliomixed>
      <bibliomixed id="ch0010s0009bib02">Asnaani, A., Richey, J. A., Dimaite, R., Hinton, D. E., &amp; Hofmann, S. G. (2010). A cross-ethnic comparison of lifetime prevalence rates of anxiety disorders. The Journal of Nervous and Mental Disease, 198(8), 551–555.PubMedPubMedCentral</bibliomixed>
      <bibliomixed id="ch0010s0009bib03">Balsamo, M., Cataldi, F., Carlucci, L., &amp; Fairfield, B. (2018). Assessment of anxiety in older adults: A review of self-report measures. Clinical Interventions in Aging, 13, 573–593.PubMedPubMedCentral</bibliomixed>
      <bibliomixed id="ch0010s0009bib04">Baxter, A. J., Vos, T., Scott, K. M., Ferrari, A. J., &amp; Whiteford, H. A. (2014). The global burden of anxiety disorders in 2010. Psychological Medicine, 44(11), 2363–2374.PubMed</bibliomixed>
      <bibliomixed id="ch0010s0009bib05">Beck, A. T., Epstein, N., Brown, G., &amp; Steer, R. (1993). Beck anxiety inventory manual. The Psychological Corporation.</bibliomixed>
      <bibliomixed id="ch0010s0009bib06">Beck, A. T., Steer, R. A., &amp; Brown, G. K. (1996). Beck depression inventory—Second edition manual. The Psychological Corporation.</bibliomixed>
      <bibliomixed id="ch0010s0009bib07">Brook, C. A., &amp; Willoughby, T. (2019). Shyness and social anxiety assessed through self-report: What are we measuring? Journal of Personality Assessment, 101(1), 54–63.PubMed</bibliomixed>
      <bibliomixed id="ch0010s0009bib08">Brown, T. A., &amp; Barlow, D. H. (2014). Anxiety and related disorders interview schedule for DSM-5, adult and lifetime version: Clinician manual. Oxford University Press.</bibliomixed>
      <bibliomixed id="ch0010s0009bib09">Budhwani, H., Hearld, K. R., &amp; Chavez-Yenter, D. (2015). Generalized anxiety disorder in racial and ethnic minorities: A case of nativity and contextual factors. Journal of Affective Disorders, 175, 275–280.PubMed</bibliomixed>
      <bibliomixed id="ch0010s0009bib10">Craske, M., Wittchen, U., Bogels, S., Stein, M., Andrews, G., &amp; Lebeu, R. (2013). Severity measure for specific phobia adult. Measurement instrument. American Psychiatric Association.</bibliomixed>
      <bibliomixed id="ch0010s0009bib11">De Luca, S., Blosnich, J. R., Hentschel, E. A., King, E., &amp; Amen, S. (2016). Mental health care utilization: How race, ethnicity and veteran status are associated with seeking help. Community Mental Health Journal, 52(2), 174–179.PubMed</bibliomixed>
      <bibliomixed id="ch0010s0009bib12">Deacon, B. J., &amp; Abramowitz, J. S. (2004). Cognitive and behavioral treatments for anxiety disorders: A review of meta-analytic findings. Journal of Clinical Psychology, 60(4), 429–441.PubMed</bibliomixed>
      <bibliomixed id="ch0010s0009bib13">Fergus, T. A., Valentiner, D. P., McGrath, P. B., Gier-Lonsway, S. L., &amp; Kim, H.-S. (2012). Short forms of the social interaction anxiety scale and the social phobia scale. Journal of Personality Assessment, 94(3), 310–320.PubMed</bibliomixed>
      <bibliomixed id="ch0010s0009bib14">Finegan, M., Firth, N., &amp; Delgadillo, J. (2020). Adverse impact of neighbourhood socioeconomic deprivation on psychological treatment outcomes: The role of area-level income and crime. Psychotherapy Research, 30(4), 546–554.PubMed</bibliomixed>
      <bibliomixed id="ch0010s0009bib15">First, M., Williams, J., Karg, R., &amp; Spitzer, R. (2016). Structured clinical interview for DSM-5 disorders, clinical version (SCID-5-CV). American Psychiatric Association.</bibliomixed>
      <bibliomixed id="ch0010s0009bib16">Foa, E. B., &amp; Kozak, M. J. (1986). Emotional processing of fear: Exposure to corrective information. Psychological Bulletin, 99(1), 20.PubMed</bibliomixed>
      <bibliomixed id="ch0010s0009bib17">Foulkes, L., &amp; Andrews, J. L. (2023). Are mental health awareness efforts contributing to the rise in reported mental health problems? A call to test the prevalence inflation hypothesis. New Ideas in Psychology, 69, 101010.</bibliomixed>
      <bibliomixed id="ch0010s0009bib18">Gier, S. L. (2010). Psychometric properties of in-situation safety behaviors measures for social anxiety (Master’s thesis). Northern Illinois University.</bibliomixed>
      <bibliomixed id="ch0010s0009bib19">Goodwin, R. D., Weinberger, A. H., Kim, J. H., Wu, M., &amp; Galea, S. (2020). Trends in anxiety among adults in the United States, 2008–2018: Rapid increases among young adults. Journal of Psychiatric Research, 130, 441–446.PubMedPubMedCentral</bibliomixed>
      <bibliomixed id="ch0010s0009bib20">Hallers-Haalboom, E. T., Maas, J., Kunst, L. E., &amp; Bekker, M. H. J. (2020). The role of sex and gender in anxiety disorders: Being scared “like a girl?”. In R. Lanzengerger, G. S. Kranz, &amp; I. Savic (Eds.), Handbook of clinical neurology (Vol. 175, pp. 359–368). Elsevier.</bibliomixed>
      <bibliomixed id="ch0010s0009bib21">Haslam, N. (2016). Looping effects and the expanding concept of mental disorder. Journal of Psychopathology, 22(1), 4.</bibliomixed>
      <bibliomixed id="ch0010s0009bib22">Helbig-Lang, S., &amp; Petermann, F. (2010). Tolerate or eliminate? A systematic review on the effects of safety behavior across anxiety disorders. Clinical Psychology: Science and Practice, 17(3), 218–233.</bibliomixed>
      <bibliomixed id="ch0010s0009bib23">Higa-McMillan, C. K., Francis, S. E., Rith-Najarian, L., &amp; Chorpita, B. F. (2016). Evidence base update: 50 years of research on treatment for child and adolescent anxiety. Journal of Clinical Child &amp; Adolescent Psychology, 45(2), 91–113.</bibliomixed>
      <bibliomixed id="ch0010s0009bib24">Johnson, J. G., Harris, E. S., Spitzer, R. L., &amp; Williams, J. B. (2002). The patient health questionnaire for adolescents: Validation of an instrument for the assessment of mental disorders among adolescent primary care patients. Journal of Adolescent Health, 30(3), 196–204.</bibliomixed>
      <bibliomixed id="ch0010s0009bib25">Koerner, N., &amp; Dugas, M. J. (2006). A cognitive model of generalized anxiety disorder: The role of intolerance of uncertainty. In G. C. L. Davey &amp; A. Wells (Eds.), Worry and its psychological disorders: Theory, assessment and treatment (pp. 201–216). Wiley.</bibliomixed>
      <bibliomixed id="ch0010s0009bib26">Konnopka, A., &amp; König, H. (2020). Economic burden of anxiety disorders: A systematic review and meta-analysis. PharmacoEconomics, 38, 25–37.PubMed</bibliomixed>
      <bibliomixed id="ch0010s0009bib27">Krasucki, C., Howard, R., &amp; Mann, A. (1998). The relationship between anxiety disorders and age. International Journal of Geriatric Psychiatry, 13(2), 79–99.PubMed</bibliomixed>
      <bibliomixed id="ch0010s0009bib28">Kroenke, K., Spitzer, R. L., Williams, J. B., Monahan, P. O., &amp; Löwe, B. (2007). Anxiety disorders in primary care: Prevalence, impairment, comorbidity, and detection. Annals of Internal Medicine, 146(5), 317–325.PubMed</bibliomixed>
      <bibliomixed id="ch0010s0009bib29">Lambe, S., Bird, J. C., Loe, B. S., Rosebrock, L., Kabir, T., Petit, A., Mulhall, S., Jenner, L., Aynsworth, C., Murphy, E., Jones, J., Powling, R., Chapman, K., Dudley, R., Morrison, A., Regan, E. O., Yu, L. M., Clark, D., Waite, F., &amp; Freeman, D. (2023). The Oxford agoraphobic avoidance scale. Psychological Medicine, 53(4), 1233–1243.PubMed</bibliomixed>
      <bibliomixed id="ch0010s0009bib30">Lebron-Milad, K., &amp; Milad, M. R. (2012). Sex differences, gonadal hormones and the fear extinction network: Implications for anxiety disorders. Biology of Mood and Anxiety Disorders, 2, 3.PubMedPubMedCentral</bibliomixed>
      <bibliomixed id="ch0010s0009bib31">Liebowitz, M. R. (1987). Social phobia. Modern Problems of Pharmacopsychiatry, 22, 143–171.</bibliomixed>
      <bibliomixed id="ch0010s0009bib32">Lord, C., Rutter, M., DiLavore, P. C., Risi, S., Gotham, K., &amp; Bishop, S. (2012). Autism diagnostic observation schedule (2nd ed.). Western Psychological Services.</bibliomixed>
      <bibliomixed id="ch0010s0009bib33">Lovibond, S. H., &amp; Lovibond, P. F. (1995). Manual for the depression anxiety &amp; stress scales (2nd ed.). Psychology Foundation.</bibliomixed>
      <bibliomixed id="ch0010s0009bib34">Martinez-Snyder, A. E., Valentiner, D. P., &amp; Mick, C. R. (2023). Measures of anxiety disorder symptoms in adolescents. Child Psychiatry &amp; Human Development, 1–13.</bibliomixed>
      <bibliomixed id="ch0010s0009bib35">McLean, C. P., Asnaani, A., Litz, B. T., &amp; Hofmann, S. G. (2011). Gender differences in anxiety disorders: Prevalence, course of illness, comorbidity and burden of illness. Journal of Psychiatric Research, 45(8), 1027–1035.PubMedPubMedCentral</bibliomixed>
      <bibliomixed id="ch0010s0009bib36">Meyer, I. H. (2003). Prejudice, social stress, and mental health in lesbian, gay, and bisexual populations: Conceptual issues and research evidence. Psychological Bulletin, 129(5), 674–697.PubMedPubMedCentral</bibliomixed>
      <bibliomixed id="ch0010s0009bib37">Meyer, T. J., Miller, M. L., Metzger, R. L., &amp; Borkovec, T. D. (1990). Development and validation of the Penn State worry questionnaire. Behavior Research and Therapy, 28(6), 487–495.</bibliomixed>
      <bibliomixed id="ch0010s0009bib38">Mowrer, O. H. (1951). Two-factor learning theory: Summary and comment. Psychological Review, 58(5), 350.PubMed</bibliomixed>
      <bibliomixed id="ch0010s0009bib39">Muris, P., Simon, E., Lijphart, H., Bos, A., Hale, W., &amp; Schmeitz, K. (2017). The youth anxiety measure for DSM-5 (YAM-5): Development and first psychometric evidence of a new scale for assessing anxiety disorders symptoms of children and adolescents. Child Psychiatry &amp; Human Development, 48, 1–17.</bibliomixed>
      <bibliomixed id="ch0010s0009bib40">Newman, M. G., &amp; Llera, S. J. (2011). A novel theory of experiential avoidance in generalized anxiety disorder: A review and synthesis of research supporting a contrast avoidance model of worry. Clinical Psychology Review, 31(3), 371–382.PubMedPubMedCentral</bibliomixed>
      <bibliomixed id="ch0010s0009bib41">Norton, G. R., Cox, B. J., &amp; Malan, J. (1992). Nonclinical panickers: A critical review. Clinical Psychology Review, 12(2), 121–139.</bibliomixed>
      <bibliomixed id="ch0010s0009bib42">Nunes, J. C., Carroll, M. K., Mahaffey, K. W., Califf, R. M., Doraiswamy, P. M., Short, S., et al. (2022). General anxiety disorder-7 questionnaire as a marker of low socioeconomic status and inequity. Journal of Affective Disorders, 317, 287–297.PubMed</bibliomixed>
      <bibliomixed id="ch0010s0009bib43">Osório, F. L., Loureiro, S. R., Hallak, J. E. C., Machado-de-Sousa, J. P., Ushirohira, J. M., Baes, C. V. W., Apolinario, T. D., Donadon, M. F., Bolsoni, L. M., Guimarães, T., Fracon, V. S., Silva-Rodrigues, A. P. C., Pizeta, F. A., Souza, R. M., Sanches, R. F., Dos Santos, R. G., Martin-Santos, R., &amp; Crippa, J. A. S. (2019). Clinical validity and intrarater and test–retest reliability of the structured clinical interview for DSM-5—Clinician version (SCID-5-CV). Psychiatry and Clinical Neurosciences, 73(12), 754–760.PubMed</bibliomixed>
      <bibliomixed id="ch0010s0009bib44">Pachana, N. A., Byrne, G. J., Siddle, H., Koloski, N., Harley, E., &amp; Arnold, E. (2007). Development and validation of the geriatric anxiety inventory. International Psychogeriatrics, 19(1), 103–114.PubMed</bibliomixed>
      <bibliomixed id="ch0010s0009bib45">Pachankis, J. E., &amp; Goldfried, M. R. (2007). An integrative principle-based approach to psychotherapy. In S. G. Hofmann &amp; J. Weinberg (Eds.), The art and science of psychotherapy (pp. 191–210). Routledge.</bibliomixed>
      <bibliomixed id="ch0010s0009bib46">Parker, Z. J., Waller, G., Gonzalez Salas Duhne, P., &amp; Dawson, J. (2018). The role of exposure in treatment of anxiety disorders: A meta-analysis. International Journal of Psychology and Psychological Therapy, 18(1), 111–141.</bibliomixed>
      <bibliomixed id="ch0010s0009bib47">Reisner, S. L., Katz-Wise, S. L., Gordon, A. R., Corliss, H. L., &amp; Austin, S. B. (2016). Social epidemiology of depression and anxiety by gender identity. The Journal of Adolescent Health, 59(2), 203–208.PubMedPubMedCentral</bibliomixed>
      <bibliomixed id="ch0010s0009bib48">Ridley, M., Rao, G., Schilbach, F., &amp; Patel, V. (2020). Poverty, depression, and anxiety: Causal evidence and mechanisms. Science, 370(6522), eaay0214.PubMed</bibliomixed>
      <bibliomixed id="ch0010s0009bib49">International Journal of Psychology and Psychological Therapy, 18</bibliomixed>
      <bibliomixed id="ch0010s0009bib50">Segal, D. L., June, A., Payne, M., Coolidge, F. L., &amp; Yochim, B. (2010). Development and initial validation of a self-report assessment tool for anxiety among older adults: The geriatric anxiety scale. Journal of Anxiety Disorders, 24(7), 709–714.PubMed</bibliomixed>
      <bibliomixed id="ch0010s0009bib51">Shear, M. K., Brown, T. A., Barlow, D. H., Money, R., Sholomskas, D. E., Woods, S. W., Gorman, J. M., &amp; Papp, L. A. (1997). Multicenter collaborative panic disorder severity scale. American Journal of Psychiatry, 154(11), 1571–1575.PubMed</bibliomixed>
      <bibliomixed id="ch0010s0009bib52">Sheehan, D. V., Lecrubier, Y., Sheehan, K. H., Amorim, P., Janavs, J., Weiller, E., Hergueta, T., Baker, R., &amp; Dunbar, G. C. (1998). The Mini-international neuropsychiatric interview (M.I.N.I.): The development and validation of a structured diagnostic psychiatric interview for DSM-IV and ICD-10. Journal of Clinical Psychiatry, 59(suppl 20), 22–33.PubMed</bibliomixed>
      <bibliomixed id="ch0010s0009bib53">Sheehan, D. V., Sheehan, K. H., Shytle, R. D., Janavs, J., Bannon, Y., Rogers, J. E., Milo, K. M., Stock, S. L., &amp; Wilkinson, B. (2010). Reliability and validity of the Mini international neuropsychiatric interview for children and adolescents (MINI-KID). The Journal of Clinical Psychiatry, 71(03), 313–326.PubMed</bibliomixed>
      <bibliomixed id="ch0010s0009bib54">Sibrava, N. J., &amp; Borkovec, T. D. (2006). The cognitive avoidance theory of worry. In G. C. L. Davey &amp; A. Wells (Eds.), Worry and its psychological disorders: Theory, assessment and treatment (pp. 239–256). Wiley.</bibliomixed>
      <bibliomixed id="ch0010s0009bib55">Spielberger, C. D., Gorsuch, R. L., Lushene, R., Vagg, P. R., &amp; Jacobs, G. A. (1983). Manual for the state-trait anxiety inventory. Consulting Psychologists Press.</bibliomixed>
      <bibliomixed id="ch0010s0009bib56">Thoits, P. A. (2010). Stress and health: Major findings and policy implications. Journal of Health and Social Behavior, 51(Suppl), S41–S53.PubMed</bibliomixed>
      <bibliomixed id="ch0010s0009bib57">Tolin, D. F., Bowe, W., Davis, E., Hannan, S., Springer, K., Worden, B., &amp; Steinman, S. A. (2016). Diagnostic interview for anxiety, mood, and OCD and related neuropsychiatric disorders (DIAMOND). Institute of Living, Hartford Healthcare Corporation.</bibliomixed>
      <bibliomixed id="ch0010s0009bib58">Tolin, D. F., Gilliam, C., Wootton, B. M., Bowe, W., Bragdon, L. B., Davis, E., Hannan, S. E., Steinman, S. A., Worden, B., &amp; Hallion, L. S. (2018). Psychometric properties of a structured diagnostic interview for DSM-5 anxiety, mood, and obsessive-compulsive and related disorders. Assessment, 25(1), 3–13.PubMed</bibliomixed>
      <bibliomixed id="ch0010s0009bib59">Tolin, D. F., David, E., Gilliam, C., Hannan, S., &amp; Springer, K. (2023a). Diagnostic interview for anxiety, mood, and OCD and related neuropsychiatric disorders: Child and adolescent version (DIAMOND-KID). Institute of Living, Hartford Healthcare Corporation.</bibliomixed>
      <bibliomixed id="ch0010s0009bib60">Tolin, D. F., Sain, K. S., Davis, E., Gilliam, C., Hannan, S. E., Springer, K. S., Stubbing, J., George, J. R., Jean, A., Goldblum, R., Katz, B. W., Everhardt, K., Darrow, S., Ohr, E. E., Young, M. E., &amp; Serchuk, M. D. (2023b). The DIAMOND-KID: Psychometric properties of a structured diagnostic interview for DSM-5 anxiety, mood, and obsessive-compulsive and related disorders in children and adolescents. Assessment, 30(8), 2351–2363.PubMed</bibliomixed>
      <bibliomixed id="ch0010s0009bib61">Turner, S. M., Beidel, D. C., Dancu, C. V., &amp; Stanley, M. A. (1989). An empirically derived inventory to measure social fears and anxiety: The social phobia and anxiety inventory. Psychological Assessment, 1(1), 35.</bibliomixed>
      <bibliomixed id="ch0010s0009bib62">Twenge, J. M., &amp; Joiner, T. E. (2020). US Census Bureau-assessed prevalence of anxiety and depressive symptoms in 2019 and during the 2020 COVID-19 pandemic. Depression and Anxiety, 37(10), 954–956.PubMedPubMedCentral</bibliomixed>
      <bibliomixed id="ch0010s0009bib63">US Department of Commerce. (2021). 2020 National Survey of Children’s health: Topical frequencies. US Census Bureau.</bibliomixed>
      <bibliomixed id="ch0010s0009bib64">Valentiner, D. P., &amp; Skowronski, J. (2004). Self-verification and social anxiety. Paper presented at the 38th annual AABT convention.</bibliomixed>
      <bibliomixed id="ch0010s0009bib65">Van Dis, E. A., Van Veen, S. C., Hagenaars, M. A., Batelaan, N. M., Bockting, C. L., Van Den Heuvel, R. M., et al. (2020). Long-term outcomes of cognitive behavioral therapy for anxiety-related disorders: A systematic review and meta-analysis. JAMA Psychiatry, 77(3), 265–273.PubMed</bibliomixed>
      <bibliomixed id="ch0010s0009bib66">Vermani, M., Marcus, M., &amp; Katzman, M. A. (2011). Rates of detection of mood and anxiety disorders in primary care: A descriptive, cross-sectional study. The Primary Care Companion for CNS Disorders, 13(2), 27211.</bibliomixed>
      <bibliomixed id="ch0010s0009bib67">Whooley, O. (2016). Measuring mental disorders: The failed commensuration project of DSM-5. Social Science &amp; Medicine, 166, 33–40.</bibliomixed>
      <bibliomixed id="ch0010s0009bib68">Williams, N. (2014). The GAD-7 questionnaire. Occupational Medicine, 64(3), 224–224.</bibliomixed>
      <bibliomixed id="ch0010s0009bib69">Wisocki, P. A., Handen, B., &amp; Morse, C. K. (1986). The worry scale as a measure of anxiety among homebound and community active elderly. The Behavior Therapist, 9(5), 91–95.</bibliomixed>
      <bibliomixed id="ch0010s0009bib70">Wolitzky-Taylor, K. B., Castriotta, N., Lenze, E. J., Stanley, M. A., &amp; Craske, M. G. (2010). Anxiety disorders in older adults: A comprehensive review. Depression and Anxiety, 27(2), 190–211.PubMed</bibliomixed>
      <bibliomixed id="ch0010s0009bib71">Wolpe, J., &amp; Lang, P. J. (1964). A fear survey schedule for use in behavior therapy. Behaviour Research and Therapy, 2(1), 27–30.PubMed</bibliomixed>
      <bibliomixed id="ch0010s0009bib72">Woody, S. R., &amp; Teachman, B. A. (2000). Intersection of disgust and fear: Normative and pathological views. Clinical Psychology: Science and Practice, 7(3), 291.</bibliomixed>
      <bibliomixed id="ch0010s0009bib73">Yang, X., Fang, Y., Chen, H., Zhang, T., Yin, X., Man, J., et al. (2021). Global, regional and national burden of anxiety disorders from 1990 to 2019: Results from the global burden of disease study 2019. Epidemiology and Psychiatric Sciences, 30, e36.PubMedPubMedCentral</bibliomixed>
      <bibliomixed id="ch0010s0009bib74">Behaviour Research and Therapy, 2 PubMed</bibliomixed>
      <bibliomixed id="ch0010s0009bib75">Clinical Psychology: Science and Practice, 7</bibliomixed>
      <bibliomixed id="ch0010s0009bib76">Epidemiology and Psychiatric Sciences, 30 PubMedPubMed Central</bibliomixed>
   </bibliography>
</sect1>