<?xml version="1.0" encoding="UTF-8"?>
<sect1 id="ch0022s0008" role="Heading">
   <sect1info>
      <risinfo>
         <risprev>sect1.9781071643624.ch0022s0007</risprev>
         <riscurrent>sect1.9781071643624.ch0022s0008</riscurrent>
         <risnext>sect1.9781071643624.</risnext>
         <booktitle>Diagnostic Interviewing</booktitle>
         <isbn>9781071643624</isbn>
         <chapternumber>22</chapternumber>
         <chapterid>ch0022</chapterid>
         <chaptertitle>19. Interviewing Older Adults</chaptertitle>
         <authorgroup>
            <author>
               <personname>
                  <firstname>Daniel L.</firstname>
                  <surname>Segal</surname>
               </personname>
            </author>
         </authorgroup>
         <publisher>
            <publishername>Springer US</publishername>
         </publisher>
         <pubdate>2025</pubdate>
      </risinfo>
      <primaryauthor>
         <personname>
            <firstname>Daniel L.</firstname>
            <surname>Segal</surname>
         </personname>
      </primaryauthor>
   </sect1info>
   <title>Summary</title>
   <para role="Para">Throughout this chapter, we have described the unique considerations, experiences, and needs of older adults that may be relevant to the conducting of a mental health diagnostic interview. Critical components include engaging in multimethod assessment, considering medical and cognitive contexts, and bearing in mind diversity and cultural contexts in older adults, specifically the presence of and potential impact of ageism. Given the heightened likelihood of chronic medical issues in older adults, clinicians should be prepared to review medical information, including current medication use, and consult and collaborate with medical providers when appropriate consent is obtained. Recommendations may similarly move beyond the psychological domain and include guidance for further consultation with a medical provider (e. g., neurologists). Overall, quality, informed diagnostic interviewing with older adults involves holding space for the potential ways in which the circumstances of older adults may differ from other lifespan periods while also not making age-related assumptions that overlook individual difference or perpetuate bias. Clinicians must acknowledge and promote the protective factors (e. g., social supports, meaningful activities, positive self-concept) that may buoy an older adult through challenging times as well as recognize the risk factors that may contribute to an older adult experiencing a mental disorder.</para>
   <sidebar id="ch0022s0008ad01">
      <para/>
   </sidebar>
   <bibliography id="ch0022s0008bib0069">
      <bibliomixed id="ch0022s0008bib01">Aalto, M., Alho, H., Halme, J. T., &amp; Seppä, K. (2011). The alcohol use disorders identification test (AUDIT) and its derivatives in screening for heavy drinking among the elderly. International Journal of Geriatric Psychiatry, 26(9), 881–885. CrossrefPubMed</bibliomixed>
      <bibliomixed id="ch0022s0008bib02">American Psychological Association (2005). Policy statement on evidence-based practice in psychology. Retrieved May 17, 2024, from</bibliomixed>
      <bibliomixed id="ch0022s0008bib03">Agustini, B., Lotfaliany, M., Woods, R. L., McNeil, J. J., Nelson, M. R., Shah, R. C., Murray, A. M., Ernst, M. E., Reid, C. M., Tonkin, A., Lockery, J. E., Williams, L. J., Berk, M., Mohebbi, M., &amp; Group, A. I. (2020). Patterns of association between depressive symptoms and chronic medical morbidities in older adults. Journal of the American Geriatrics Society, 68(8), 1834–1841. CrossrefPubMedPubMedCentral</bibliomixed>
      <bibliomixed id="ch0022s0008bib04">Allen, J. O., Solway, E., Kirch, M., Singer, D., Kullgren, J. T., Moïse, V., &amp; Malani, P. N. (2022). Experiences of everyday ageism and the health of older US adults. JAMA Network Open, 5(6), e2217240. CrossrefPubMedPubMedCentral</bibliomixed>
      <bibliomixed id="ch0022s0008bib05">American Psychological Association. (2018). APA dictionary of psychology: Aging. APA Dictionary of Psychology.</bibliomixed>
      <bibliomixed id="ch0022s0008bib06">Andrinopoulos, K., &amp; Hembling, J. (2014). Social determinants of health for men who have sex with men and transgender women in San Salvador. MEASURE Evaluation.</bibliomixed>
      <bibliomixed id="ch0022s0008bib07">Crawford, T., Mlinac, M. E., Steadman-Wood, P. L., &amp; Terry, D. L. (2021). Introduction of home-based mental health care: Models, roles, and reflections. In D. L. Terry, M. E. Mlinac, &amp; P. L. Steadman-Wood (Eds.), Providing home care for older adults: A professional guide for mental health practitioners (pp. 3–15). Routledge.</bibliomixed>
      <bibliomixed id="ch0022s0008bib08">Eisenberg, M. E., McMorris, B. J., Rider, G. N., Gower, A. L., &amp; Coleman, E. (2020). “It’s kind of hard to go to the doctor’s office if you’re hated there.” A call for gender-affirming care from transgender and gender diverse adolescents in the United States. Health &amp; Social Care in the Community, 28(3), 1082–1089. Crossref</bibliomixed>
      <bibliomixed id="ch0022s0008bib09">Fields, W. W., Asplin, B. R., Larkin, G. L., Marco, C. A., Johnson, L. A., Yeh, C., Ghezzi, K. T., &amp; Rapp, M. (2001). The emergency medical treatment and labor act as a federal health care safety net program. Academic Emergency Medicine: Official Journal of the Society for Academic Emergency Medicine, 8(11), 1064–1069. CrossrefPubMed</bibliomixed>
      <bibliomixed id="ch0022s0008bib10">Garcini, L. M., Venta, A., Mercado, A., Galvan, T., Compean, C. L., Guerrero, G., &amp; Domenech Rodríguez, M. M. (2022). One more wall to cross: The role of psychologists in addressing integrated health among undocumented Latinx immigrants in inpatient medical settings. Psychotherapy, 59(2), 284–295. CrossrefPubMed</bibliomixed>
      <bibliomixed id="ch0022s0008bib11">Casanova-Perez, R., Apodaca, C., Bascom, E., Mohanraj, D., Lane, C., Vidyarthi, D., Beneteau, E., Sabin, J., Pratt, W., Weibel, N., &amp; Hartzler, A. L. (2021). Broken down by bias: Healthcare biases experienced by BIPOC and LGBTQ+ patients. AMIA Annual Symposium Proceedings, 2021, 275.PubMed</bibliomixed>
      <bibliomixed id="ch0022s0008bib12">Institute of Medicine (IOM). (2003). The health care delivery system. The future of the public’s health in the 21st century (pp. 212–267). National Academies Press. doi:.</bibliomixed>
      <bibliomixed id="ch0022s0008bib13">Molinari, V., Edelstein, B., Gibson, R., Lind, L., Norris, M., O’Shea Carney, K., Bush, S. S., Heck, A. L., Moye, J., Gordon, B. H., &amp; Hiroto, K. (2021). Psychologists in long-term care (PLTC) guidelines for psychological and behavioral health services in long-term care settings. Professional Psychology: Research and Practice, 52(1), 34–45. CrossrefPubMed</bibliomixed>
      <bibliomixed id="ch0022s0008bib14">Navarro-Carrillo, G., Alonso-Ferres, M., Moya, M., &amp; Valor-Segura, I. (2020). Socioeconomic status and psychological well-being: Revisiting the role of subjective socioeconomic status. Frontiers in Psychology, 11.</bibliomixed>
      <bibliomixed id="ch0022s0008bib15">Ettman, C. K., Abdalla, S. M., Cohen, G. H., Sampson, L., Vivier, P. M., &amp; Galea, S. (2020). Prevalence of depression symptoms in US adults before and during the COVID-19 pandemic. JAMA Network Open, 3(9), e2019686. CrossrefPubMedPubMedCentral</bibliomixed>
      <bibliomixed id="ch0022s0008bib16">https://​agingstats.​gov/​docs/​Latest Report/​OA20_​508_​10142020.​pdf</bibliomixed>
      <bibliomixed id="ch0022s0008bib17">Forrester, S. N., Taylor, J. L., Whitfield, K. E., &amp; Thorpe, R. J. (2020). Advances in understanding the causes and consequences of health disparities in aging minorities. Current Epidemiology Reports, 7(2), 59–67. CrossrefPubMedPubMedCentral</bibliomixed>
      <bibliomixed id="ch0022s0008bib18">Fredriksen-Goldsen, K. I., Cook-Daniels, L., Kim, H.-J., Erosheva, E. A., Emlet, C. A., Hoy-Ellis, C. P., Goldsen, J., &amp; Muraco, A. (2014). Physical and mental health of transgender older adults: An at-risk and underserved population. The Gerontologist, 54(3), 488–500. CrossrefPubMed</bibliomixed>
      <bibliomixed id="ch0022s0008bib19">GBD 2019 Dementia Forecasting Collaborators. (2022). Estimation of the global prevalence of dementia in 2019 and forecasted prevalence in 2050: An analysis for the global burden of disease study 2019. The Lancet. Public Health, 7(2), e105–e125. Crossref</bibliomixed>
      <bibliomixed id="ch0022s0008bib20">LGBTQ older people | GLAADhttps://​glaad.​org/​older-people/​</bibliomixed>
      <bibliomixed id="ch0022s0008bib21">Greene-Moton, E., &amp; Minkler, M. (2020). Cultural competence or cultural humility? Moving beyond the debate. Health Promotion Practice, 21(1), 142–145. CrossrefPubMed</bibliomixed>
      <bibliomixed id="ch0022s0008bib22">Gutman, G. M., Robson, C., &amp; Marchbank, J. (2020). Elder abuse in the LGBT community. In A. Phelan (Ed.), Advances in elder abuse research: Practice, legislation and policy (pp. 149–164). Springer International Publishing. Crossref</bibliomixed>
      <bibliomixed id="ch0022s0008bib23">Haynes, W., Johnson, K., Patel, S., &amp; Herrera, L. (2024). “Nobody puts Grammy in the corner”: Impacts of ageism across cultures and in psychiatric education. The American Journal of Geriatric Psychiatry, 32(4, Supplement), S22. Crossref</bibliomixed>
      <bibliomixed id="ch0022s0008bib24">Helliwell, J. F., Layard, R., Sachs, J. D., De Neve, J.-E., Aknin, L. B., &amp; Wang, S. (2024). World happiness report. University of Oxford: Wellbeing Research Centre.</bibliomixed>
      <bibliomixed id="ch0022s0008bib25">Hirata, E. S., Almeida, O. P., Funari, R. R., &amp; Klein, E. L. (2001). Validity of the Michigan alcoholism screening test (MAST) for the detection of alcohol-related problems among male geriatric outpatients. The American Journal of Geriatric Psychiatry: Official Journal of the American Association for Geriatric Psychiatry, 9(1), 30–34.PubMed</bibliomixed>
      <bibliomixed id="ch0022s0008bib26">Jacobs, M. L., &amp; Bamonti, P. M. (2022). Clinical practice: A foundational geropsychology knowledge competency. Clinical Psychology: Science and Practice, 29(1), 28–42. Crossref</bibliomixed>
      <bibliomixed id="ch0022s0008bib27">Jimenez, D. E., Park, M., Rosen, D., Joo, J. H., Garza, D. M., Weinstein, E. R., Conner, K., Silva, C., &amp; Okereke, O. (2022). Centering culture in mental health: Differences in diagnosis, treatment, and access to care among older people of color. The American Journal of Geriatric Psychiatry, 30(11), 1234–1251. CrossrefPubMedPubMedCentral</bibliomixed>
      <bibliomixed id="ch0022s0008bib28">Jones, T. G., Schinka, J. A., Vanderploeg, R. D., Small, B. J., Graves, A. B., &amp; Mortimer, J. A. (2002). 3MS normative data for the elderly. Archives of Clinical Neuropsychology: The Official Journal of the National Academy of Neuropsychologists, 17(2), 171–177.CrossrefPubMed</bibliomixed>
      <bibliomixed id="ch0022s0008bib29">Archives of Gerontology and Geriatrics, 104https://​doi.​org/​10.​1016/​j.​archger.​2022.​104798 CrossrefPubMed</bibliomixed>
      <bibliomixed id="ch0022s0008bib30">Knight, B. G., Karel, M. J., Hinrichsen, G. A., Qualls, S. H., &amp; Duffy, M. (2009). Pikes Peak model for training in professional geropsychology. The American Psychologist, 64(3), 205–214. CrossrefPubMed</bibliomixed>
      <bibliomixed id="ch0022s0008bib31">Krishnamoorthy, Y., Rajaa, S., &amp; Rehman, T. (2020). Diagnostic accuracy of various forms of geriatric depression scale for screening of depression among older adults: Systematic review and meta-analysis. Archives of Gerontology and Geriatrics, 87, 104002. CrossrefPubMed</bibliomixed>
      <bibliomixed id="ch0022s0008bib32">New England Journal of Medicine, 373https://​doi.​org/​10.​1056/​NEJMra 1404688 CrossrefPubMed</bibliomixed>
      <bibliomixed id="ch0022s0008bib33">Lavingia, R., Jones, K., &amp; Asghar-Ali, A. A. (2020). A systematic review of barriers faced by older adults in seeking and accessing mental health care. Journal of Psychiatric Practice, 26(5), 367–382. CrossrefPubMed</bibliomixed>
      <bibliomixed id="ch0022s0008bib34">Sleep Medicine Clinics, 17https://​doi.​org/​10.​1016/​j.​jsmc.​2022.​02.​007 CrossrefPubMed</bibliomixed>
      <bibliomixed id="ch0022s0008bib35">Liang, S., Chau, J. P. C., Lo, S. H. S., Zhao, J., &amp; Choi, K. C. (2021). Effects of nonpharmacological delirium-prevention interventions on critically ill patients’ clinical, psychological, and family outcomes: A systematic review and meta-analysis. Australian Critical Care, 34(4), 378–387. CrossrefPubMed</bibliomixed>
      <bibliomixed id="ch0022s0008bib36">Lighthall, N. R., Conner, L. B., &amp; Giovanello, K. S. (2019). Learning and memory in the aging brain: The function of declarative and nondeclarative memory over the lifespan. In The aging brain: Functional adaptation across adulthood (pp. 73–109). American Psychological Association. Crossref</bibliomixed>
      <bibliomixed id="ch0022s0008bib37">Llorente, M. D., &amp; Valverde, M. (2019). Mental health care of older adults: Does cultural competence matter? Current Geriatrics Reports, 8(3), 131–136. Crossref</bibliomixed>
      <bibliomixed id="ch0022s0008bib38">Luyster, F. S., Choi, J., Yeh, C.-H., Imes, C. C., Johansson, A. E. E., &amp; Chasens, E. R. (2015). Screening and evaluation tools for sleep disorders in older adults. Applied Nursing Research: ANR, 28(4), 334–340. CrossrefPubMed</bibliomixed>
      <bibliomixed id="ch0022s0008bib39">Mackenzie, C. S., &amp; Pankratz, L. (2022). Perceived need, mental health literacy, neuroticism and self-stigma predict mental health service use among older adults. Clinical Gerontologist, 1–14.</bibliomixed>
      <bibliomixed id="ch0022s0008bib40">Mai, J., Bower, E., &amp; Van Orden, K. (2021). Evaluating the validity of the Columbia-suicide severity rating scale for lonely older adults. Innovation in Aging, 5(Supplement_1), 917–918. Crossref</bibliomixed>
      <bibliomixed id="ch0022s0008bib41">Malkin, G., Hayat, T., Amichai-Hamburger, Y., Ben-David, B. M., Regev, T., &amp; Nakash, O. (2019). How well do older adults recognise mental illness? A literature review. Psychogeriatrics, 19(5), 491–504. CrossrefPubMed</bibliomixed>
      <bibliomixed id="ch0022s0008bib42">Manly, J. J., Jones, R. N., Langa, K. M., Ryan, L. H., Levine, D. A., McCammon, R., Heeringa, S. G., &amp; Weir, D. (2022). Estimating the prevalence of dementia and mild cognitive impairment in the US: The 2016 health and retirement study harmonized cognitive assessment protocol project. JAMA Neurology, 79(12), 1242–1249. CrossrefPubMedPubMedCentral</bibliomixed>
      <bibliomixed id="ch0022s0008bib43">Mitina, M., Young, S., &amp; Zhavoronkov, A. (2020). Psychological aging, depression, and well-being. Aging, 12(18), 18765–18777. CrossrefPubMedPubMedCentral</bibliomixed>
      <bibliomixed id="ch0022s0008bib44">Mize, M. C., Shannonhouse, L., Minton, C. B., Fullen, M., Shaikh, A., &amp; Westcott, J. (2024). Suicide risk factors among older adults: Implications for counselors as Medicare providers. Journal of Counseling &amp; Development, jcad.12512.</bibliomixed>
      <bibliomixed id="ch0022s0008bib45">Moye, J., Kaiser, A. P., Cook, J., &amp; Pietrzak, R. H. (2022). Post-traumatic stress disorder in older U.S. military veterans: Prevalence, characteristics, and psychiatric and functional burden. The American Journal of Geriatric Psychiatry, 30(5), 606–618. CrossrefPubMed</bibliomixed>
      <bibliomixed id="ch0022s0008bib46"/>
      <bibliomixed id="ch0022s0008bib47">Olin, J. T., Schneider, L. S., Eaton, E. M., Zemansky, M. F., &amp; Pollock, V. E. (1992). The geriatric depression scale and the Beck depression inventory as screening instruments in an older adult outpatient population. Psychological Assessment, 4(2), 190–192. Crossref</bibliomixed>
      <bibliomixed id="ch0022s0008bib48">Preston, R. (2024). Quality of life among LGBTQ older adults in the United States: A systematic review. Journal of the American Psychiatric Nurses Association, 30(2), 221–239. CrossrefPubMed</bibliomixed>
      <bibliomixed id="ch0022s0008bib49">Current Topics in Behavioral Neurosciences, 31https://​doi.​org/​10.​1007/​7854_​2016_​7 CrossrefPubMed</bibliomixed>
      <bibliomixed id="ch0022s0008bib50">Rasin-Waters, D., Abel, V., Kearney, L. K., &amp; Zeiss, A. (2018). The integrated care team approach of the Department of Veterans Affairs (VA): Geriatric primary care. Archives of Clinical Neuropsychology, 33(3), 280–289. CrossrefPubMed</bibliomixed>
      <bibliomixed id="ch0022s0008bib51">Reynolds, K., Pietrzak, R. H., El-Gabalawy, R., Mackenzie, C. S., &amp; Sareen, J. (2015). Prevalence of psychiatric disorders in U.S. older adults: Findings from a nationally representative survey. World Psychiatry, 14(1), 74–81. CrossrefPubMedPubMedCentral</bibliomixed>
      <bibliomixed id="ch0022s0008bib52">Roberts, K. E., Jankauskaite, G., Slivjak, E., Rubin, L., Schachter, S., Stabler, S., Wiener, L., Prigerson, H. G., &amp; Lichtenthal, W. G. (2020). Bereavement risk screening: A pathway to psychosocial oncology care. Psycho-Oncology.</bibliomixed>
      <bibliomixed id="ch0022s0008bib53">Sachs, B. C., Chelune, G. J., Rapp, S. R., Couto, A. M., Willard, J. J., Williamson, J. D., Sink, K. M., Coker, L. H., Gaussoin, S. A., Gure, T. R., Lerner, A. J., Nichols, L. O., Still, C. H., Wadley, V. G., &amp; Pajewski, N. M. (2022). Robust demographically-adjusted normative data for the Montreal cognitive assessment (MoCA): Results from the systolic blood pressure intervention trial. The Clinical Neuropsychologist, 36(8), 2237–2259. CrossrefPubMed</bibliomixed>
      <bibliomixed id="ch0022s0008bib54">Saracino, R. M., &amp; Nelson, C. J. (2019). Identification and treatment of depressive disorders in older adults with cancer. Journal of Geriatric Oncology, 10(5), 680–684. CrossrefPubMedPubMedCentral</bibliomixed>
      <bibliomixed id="ch0022s0008bib55">Segal, D. L., June, A., Payne, M., Coolidge, F. L., &amp; Yochim, B. (2010). Development and initial validation of a self-report assessment tool for anxiety among older adults: The geriatric anxiety scale. Journal of Anxiety Disorders, 24(7), 709–714. CrossrefPubMed</bibliomixed>
      <bibliomixed id="ch0022s0008bib56">Sheikh, J. I., &amp; Yesavage, J. A. (1986). Geriatric depression scale (GDS): Recent evidence and development of a shorter version. Clinical Gerontologist: The Journal of Aging and Mental Health, 5(1–2), 165–173. Crossref</bibliomixed>
      <bibliomixed id="ch0022s0008bib57">Suite, D. H., La Bril, R., Primm, A., &amp; Harrison-Ross, P. (2007). Beyond misdiagnosis, misunderstanding and mistrust: Relevance of the historical perspective in the medical and mental health treatment of people of color. Journal of the National Medical Association, 99(8), 879–885.PubMedPubMedCentral</bibliomixed>
      <bibliomixed id="ch0022s0008bib58">Teng, E. L., &amp; Chui, H. C. (1987). The modified mini-mental state (3MS) examination. The Journal of Clinical Psychiatry, 48(8), 314–318.PubMed</bibliomixed>
      <bibliomixed id="ch0022s0008bib59">Tervalon, M., &amp; Murray-García, J. (1998). Cultural humility versus cultural competence: A critical distinction in defining physician training outcomes in multicultural education. Journal of Health Care for the Poor and Underserved, 9(2), 117–125. CrossrefPubMed</bibliomixed>
      <bibliomixed id="ch0022s0008bib60">Trinh, N.-H. T., Bernard-Negron, R., &amp; Ahmed, I. I. (2019). Mental health issues in racial and ethnic minority elderly. Current Psychiatry Reports, 21(10), 102. CrossrefPubMed</bibliomixed>
      <bibliomixed id="ch0022s0008bib61">https://​data.​census.​gov/​profile/​United_​States?​g=​010 XX00 US#race-and-ethnicity</bibliomixed>
      <bibliomixed id="ch0022s0008bib62">Usher, R., &amp; Stapleton, T. (2022). Assessing older adults’ decision-making capacity for independent living: Practice tensions and complexities. Journal of Applied Gerontology, 41(5), 1264–1273. CrossrefPubMedPubMedCentral</bibliomixed>
      <bibliomixed id="ch0022s0008bib63">Vasiliadis, H.-M., Chudzinski, V., Gontijo-Guerra, S., &amp; Préville, M. (2015). Screening instruments for a population of older adults: The 10-item Kessler psychological distress scale (K10) and the 7-item generalized anxiety disorder scale (GAD-7). Psychiatry Research, 228(1), 89–94. CrossrefPubMed</bibliomixed>
      <bibliomixed id="ch0022s0008bib64">Walker, R. V., Powers, S. M., &amp; Witten, T. M. (2023). Transgender and gender diverse people’s fear of seeking and receiving care in later life: A multiple method analysis. Journal of Homosexuality, 70(14), 3374–3398. CrossrefPubMed</bibliomixed>
      <bibliomixed id="ch0022s0008bib65">Wang, X. M., Brisbin, S., Loo, T., &amp; Straus, S. (2015). Elder abuse: An approach to identification, assessment and intervention. CMAJ : Canadian Medical Association Journal, 187(8), 575–581. CrossrefPubMedPubMedCentral</bibliomixed>
      <bibliomixed id="ch0022s0008bib66">Wastesson, J. W., Morin, L., Tan, E. C. K., &amp; Johnell, K. (2018). An update on the clinical consequences of polypharmacy in older adults: A narrative review. Expert Opinion on Drug Safety, 17(12), 1185–1196. CrossrefPubMed</bibliomixed>
      <bibliomixed id="ch0022s0008bib67">Yeager, D. E., &amp; Magruder, K. M. (2014). PTSD checklist scoring rules for elderly veterans affairs outpatients. The American Journal of Geriatric Psychiatry, 22(6), 545–550. CrossrefPubMed</bibliomixed>
      <bibliomixed id="ch0022s0008bib68">Zimbroff, R. M., Ornstein, K. A., &amp; Sheehan, O. C. (2021). Home-based primary care: A systematic review of the literature, 2010–2020. Journal of the American Geriatrics Society, 69(10), 2963–2972. CrossrefPubMed</bibliomixed>
   </bibliography>
</sect1>