<?xml version="1.0" encoding="UTF-8"?>
<sect1 id="ch0005s0004" role="Heading">
   <sect1info>
      <risinfo>
         <risprev>sect1.9781071643624.ch0005s0003</risprev>
         <riscurrent>sect1.9781071643624.ch0005s0004</riscurrent>
         <risnext>sect1.9781071643624.</risnext>
         <booktitle>Diagnostic Interviewing</booktitle>
         <isbn>9781071643624</isbn>
         <chapternumber>5</chapternumber>
         <chapterid>ch0005</chapterid>
         <chaptertitle>4. Mental Status Examination</chaptertitle>
         <authorgroup>
            <author>
               <personname>
                  <firstname>Daniel L.</firstname>
                  <surname>Segal</surname>
               </personname>
            </author>
         </authorgroup>
         <publisher>
            <publishername>Springer US</publishername>
         </publisher>
         <pubdate>2025</pubdate>
      </risinfo>
      <primaryauthor>
         <personname>
            <firstname>Daniel L.</firstname>
            <surname>Segal</surname>
         </personname>
      </primaryauthor>
   </sect1info>
   <title>Summary</title>
   <para role="Para">The mental status exam (MSE) is an important foundation upon which to develop impressions of a client’s psychiatric diagnosis. By observing and assessing overall appearance and behavior, quality of thought and speech, and emotional and cognitive functioning, a clinician begins to develop a working hypothesis of diagnostic impressions and specific avenues for further assessment and inquiry. Functioning across the domains of the MSE is best understood through an integrative biopsychosocial approach that emphasizes reciprocal relationships among these factors.</para>
   <para role="Para">The core elements of the MSE, as described within this chapter, structure the assessment and provide the reader with a common vocabulary for describing the various components of the evaluation. As a shared tool across clinical disciplines, the MSE should facilitate interdisciplinary communication and highlight evidence used for diagnosis. The MSE paints a description of the client and guides diagnostic hypotheses, facilitating treatment decisions and a patient-centered approach to care. Conducting a thorough MSE improves with clinical experience, particularly as clinicians encounter an increasingly diverse array of client populations across multiple settings.</para>
   <sidebar id="ch0005s0004ad01">
      <para/>
   </sidebar>
   <bibliography id="ch0005s0004bib0021">
      <bibliomixed id="ch0005s0004bib01">Diagnostic and statistical manual of mental disorders (DSM-5-TR)https://​doi.​org/​10.​1176/​appi.​books.​9780890425787 Crossref</bibliomixed>
      <bibliomixed id="ch0005s0004bib02">Inclusive language guidehttps://​www.​apa.​org/​about/​apa/​equity-diversity-inclusion/​language-guidelines.​pdf</bibliomixed>
      <bibliomixed id="ch0005s0004bib03">Benjet, C., Bromet, E., Karam, E. G., Kessler, R. C., McLaughlin, K. A., Ruscio, A. M., Shahly, V., Stein, D. J., Petukhova, M., Hill, E., Alonso, J., Atwoli, L., Bunting, B., Bruffaerts, R., Caldas-de-Almeida, J. M., de Girolamo, G., Florescu, S., Gureje, O., Huang, Y., Lepine, J. P., et al. (2016). The epidemiology of traumatic event exposure worldwide: Results from the world mental health survey consortium. Psychological Medicine, 46(2), 327–343. CrossrefPubMed</bibliomixed>
      <bibliomixed id="ch0005s0004bib04">Chen, Q., Young, D. K., Petrus Ng, Y., Cheng, D. Y., &amp; Zhang, W. (2022). Strengths assessment in mental health services: A systematic review. Journal of Evidence-Based Social Work, 19(6), 746–775. Crossref</bibliomixed>
      <bibliomixed id="ch0005s0004bib05">Crosswell, A. D., &amp; Lockwood, K. G. (2020). Best practices for stress measurement: How to measure psychological stress in health research. Health Psychology Open, 7(2), 2055102920933072. CrossrefPubMedPubMedCentral</bibliomixed>
      <bibliomixed id="ch0005s0004bib06">Greenwood, H., Krzyzaniak, N., Peiris, R., Clark, J., Scott, A. M., Cardona, M., Griffith, R., &amp; Glasziou, P. (2022). Telehealth versus face-to-face psychotherapy for less common mental health conditions: Systematic review and meta-analysis of randomized controlled trials. JMIR Mental Health, 9(3), e31780. CrossrefPubMedPubMedCentral</bibliomixed>
      <bibliomixed id="ch0005s0004bib07">Haigh, E. A. P., Bogucki, O. E., Sigmon, S. T., &amp; Blazer, D. G. (2018). Depression among older adults: A 20-year update on five common myths and misconceptions. The American Journal of Geriatric Psychiatry, 26(1), 107–122. CrossrefPubMed</bibliomixed>
      <bibliomixed id="ch0005s0004bib08">Haroz, E. E., Ritchey, M., Bass, J. K., Kohrt, B. A., Augustinavicius, J., Michalopoulos, L., Burkey, M. D., &amp; Bolton, P. (2017). How is depression experienced around the world? A systematic review of qualitative literature. Social Science &amp; Medicine, 183, 151–162. Crossref</bibliomixed>
      <bibliomixed id="ch0005s0004bib09">Hays, P. A. (2016). Addressing cultural complexities in practice: Assessment, diagnosis, and therapy (3rd ed.). American Psychological Association. Crossref</bibliomixed>
      <bibliomixed id="ch0005s0004bib10">Koenen, K. C., Ratanatharathorn, A., Ng, L., McLaughlin, K. A., Bromet, E. J., Stein, D. J., Karam, E. G., Meron Ruscio, A., Benjet, C., Scott, K., Atwoli, L., Petukhova, M., Lim, C. C. W., Aguilar-Gaxiola, S., Al-Hamzawi, A., Alonso, J., Bunting, B., Ciutan, M., de Girolamo, G., Degenhardt, L., et al. (2017). Posttraumatic stress disorder in the world mental health surveys. Psychological Medicine, 47(13), 2260–2274. CrossrefPubMedPubMedCentral</bibliomixed>
      <bibliomixed id="ch0005s0004bib11">Moreno, M. A., Dixon, L. B., Jankowski, S., Adler, D. A., Berlant, J., Brunette, M. F., Castillo, E. G., Edwards, M. L., Erlich, M. D., First, M. B., Kozloff, N., Oslin, D., Siris, S., &amp; Talley, R. M. (2024). The need to adapt the psychiatric clinical assessment to the digital age: A practical approach. Psychiatric Services, 75, 929. CrossrefPubMed</bibliomixed>
      <bibliomixed id="ch0005s0004bib12">Lewis-Fernández, R., Aggarwal, N. K., Hinton, L., Hinton, D. E., &amp; Kirmayer, L. J. (2016). DSM-5® handbook on the cultural formulation interview. American Psychiatric Publishing, Inc.</bibliomixed>
      <bibliomixed id="ch0005s0004bib13">Lewis-Fernández, R., &amp; López, I. (2016). Ataques de nervios. In B. A. Sharpless (Ed.), Unusual and rare psychological disorders: A handbook for clinical practice and research (pp. 242–264). Oxford University Press.Crossref</bibliomixed>
      <bibliomixed id="ch0005s0004bib14">Nasreddine, Z. S., Phillips, N. A., Bédirian, V., Charbonneau, S., Whitehead, V., Collin, I., Cummings, J. L., &amp; Chertkow, H. (2005). The Montreal cognitive assessment, MoCA: A brief screening tool for mild cognitive impairment. Journal of the American Geriatrics Society, 53(4), 695–699. CrossrefPubMed</bibliomixed>
      <bibliomixed id="ch0005s0004bib15">Posner, K., Brown, G. K., Stanley, B., Brent, D. A., Yershova, K. V., Oquendo, M. A., Currier, G. W., Melvin, G. A., Greenhill, L., Shen, S., &amp; Mann, J. J. (2011). The Columbia-suicide severity rating scale: Initial validity and internal consistency findings from three multisite studies with adolescents and adults. The American Journal of Psychiatry, 168(12), 1266–1277. CrossrefPubMedPubMedCentral</bibliomixed>
      <bibliomixed id="ch0005s0004bib16">Posner, K., Brown, G. K., Stanley, B., Brent, D. A., Yershova, K. V., Oquendo, M. A., Currier, G. W., Melvin, G. A., Greenhill, L., Shen, S., &amp; Mann, J. J. (2011). The Columbia-suicide severity rating scale: Initial validity and internal consistency findings from three multisite studies with adolescents and adults. The American Journal of Psychiatry, 168(12), 1266–1277. CrossrefPubMedPubMedCentral</bibliomixed>
      <bibliomixed id="ch0005s0004bib17">Rush, J., Ong, A. D., Piazza, J. R., Charles, S. T., &amp; Almeida, D. M. (2024). Too little, too much, and “just right”: Exploring the “goldilocks zone” of daily stress reactivity. Emotion, 24, 1249. CrossrefPubMed</bibliomixed>
      <bibliomixed id="ch0005s0004bib18">Segal, D. L., &amp; Hutchings, P. S. (2007). Writing up the intake interview. In M. Hersen &amp; J. C. Thomas (Eds.), Handbook of clinical interviewing with adults (pp. 114–132). Sage.Crossref</bibliomixed>
      <bibliomixed id="ch0005s0004bib19">Tariq, S. H., Tumosa, N., Chibnall, J. T., Perry, M. H., &amp; Morley, J. E. (2006). Comparison of the Saint Louis university mental status examination and the mini-mental state examination for detecting dementia and mild neurocognitive disorder—A pilot study. The American Journal of Geriatric Psychiatry, 14(11), 900–910. CrossrefPubMed</bibliomixed>
      <bibliomixed id="ch0005s0004bib20">Thenganatt, M. A., &amp; Louis, E. D. (2012). Distinguishing essential tremor from Parkinson&#x27;s disease: Bedside tests and laboratory evaluations. Expert Review of Neurotherapeutics, 12(6), 687–696. CrossrefPubMedPubMedCentral</bibliomixed>
   </bibliography>
</sect1>