<?xml version="1.0" encoding="UTF-8"?>
<sect1 id="ch0017s0008" role="Heading">
   <sect1info>
      <risinfo>
         <risprev>sect1.9781071643624.ch0017s0007</risprev>
         <riscurrent>sect1.9781071643624.ch0017s0008</riscurrent>
         <risnext>sect1.9781071643624.</risnext>
         <booktitle>Diagnostic Interviewing</booktitle>
         <isbn>9781071643624</isbn>
         <chapternumber>17</chapternumber>
         <chapterid>ch0017</chapterid>
         <chaptertitle>15. Substance Use Disorders</chaptertitle>
         <authorgroup>
            <author>
               <personname>
                  <firstname>Daniel L.</firstname>
                  <surname>Segal</surname>
               </personname>
            </author>
         </authorgroup>
         <publisher>
            <publishername>Springer US</publishername>
         </publisher>
         <pubdate>2025</pubdate>
      </risinfo>
      <primaryauthor>
         <personname>
            <firstname>Daniel L.</firstname>
            <surname>Segal</surname>
         </personname>
      </primaryauthor>
   </sect1info>
   <title>Summary</title>
   <para role="Para">Diagnostic assessment of SUDs has different purposes depending on the setting and stage of treatment. At each stage of assessment, the inclusion of a more in-depth dimensional assessment is critical to informing treatment recommendations. Substance use research is increasingly emphasizing the etiological commonalities among psychiatric and SUDs. Understanding these shared pathways is crucial not only in improving our skills in diagnosing SUDs and co-occurring symptoms, but also in advancing our field to move beyond clinical diagnoses toward a more transdiagnostic understanding of psychopathology. To conduct the most comprehensive and clinically useful assessments, clinicians are encouraged to stay informed on research related to SUDs and factors contributing to treatment response.</para>
   <sidebar id="ch0017s0008ad01">
      <para/>
   </sidebar>
   <bibliography id="ch0017s0008bib0089">
      <bibliomixed id="ch0017s0008bib01">Adamson, S. J., &amp; Sellman, J. D. (2003). A prototype screening instrument for cannabis use disorder: The Cannabis Use Disorders Identification Test (CUDIT) in an alcohol-dependent clinical sample. Drug and Alcohol Review, 22(3), 309–315. CrossrefPubMed</bibliomixed>
      <bibliomixed id="ch0017s0008bib02">Monico LB, Oros M, Smith S, Mitchell SG, Gryczynski J, Schwartz R. One million screened: Scaling up SBIRT and buprenorphine treatment in hospital emergency departments across Maryland. Am J Emerg Med. 2020 Jul;38(7):1466–1469. . Epub 2020 Mar 6. PMID: 32171581.</bibliomixed>
      <bibliomixed id="ch0017s0008bib03">Andersson, H. W., Mosti, M. P., &amp; Nordfjaern, T. (2023). Inpatients in substance use treatment with co-occurring psychiatric disorders: a prospective cohort study of characteristics and relapse predictors. BMC Psychiatry, 23(1), 1–10. Crossref</bibliomixed>
      <bibliomixed id="ch0017s0008bib04">Barbosa, C., McKnight-Eily, L. R., Grosse, S. D., &amp; Bray, J. (2020). Alcohol screening and brief intervention in emergency departments: Review of the impact on healthcare costs and utilization. Journal of Substance Abuse Treatment, 117(April), 108096. CrossrefPubMedPubMedCentral</bibliomixed>
      <bibliomixed id="ch0017s0008bib05">Sheehan, D. V., Lecrubier, Y., Sheehan, K. H., Amorim, P., Janavs, J., Weiller, E., Hergueta, T., Baker, R., Dunbar, G. C. (1998). The Mini-International Neuropsychiatric Interview (M.I.N.I.): the development and validation of a structured diagnostic psychiatric interview for DSM-IV and ICD-10. Journal of Clinical Psychiatry, 59 Suppl 20, 22–33;quiz 34–57. PMID: 9881538</bibliomixed>
      <bibliomixed id="ch0017s0008bib06">Berry, M. S., &amp; Johnson, M. W. (2019). Does being drunk or high cause HIV sexual risk behavior? A systematic review of drug administration studies. Pharmacology Biochemistry and Behavior, 164, 125–138. Crossref</bibliomixed>
      <bibliomixed id="ch0017s0008bib07">Blevins, C. E., Lash, S. J., &amp; Abrantes, A. M. (2017). Adapting substance use motives measures for a clinical population of opiate, alcohol, and stimulant users. Addiction Research and Theory, 26(2), 151–158. Crossref</bibliomixed>
      <bibliomixed id="ch0017s0008bib08">Hagman, B. T., Kuerbis, A. N., Morgenstern, J., Bux, D. A., Parsons, J. T., Heidinger, B. E. (2009). An Item Response Theory (IRT) analysis of the Short Inventory of Problems-Alcohol and Drugs (SIP-AD) among non-treatment seeking men-whohave-sex-with-men: evidence for a shortened 10-item SIP-AD. Addictive Behaviors, 34(11), 948–954. . Epub 2009 Jun 10. PMID: 19564078; PMCID: PMC2726268.</bibliomixed>
      <bibliomixed id="ch0017s0008bib09">Boughner, E., &amp; Frewen, P. (2016). Gender differences in perceived causal relations between trauma-related symptoms and substance use disorders in online and outpatient samples. Traumatology, 22(4), 288–298.Crossref</bibliomixed>
      <bibliomixed id="ch0017s0008bib10">Brinkman, W. B., Epstein, J. N., Auinger, P., Tamm, L., &amp; Froehlich, T. E. (2015). Association of attention-deficit/hyperactivity disorder and conduct disorder with early tobacco and alcohol use. Drug and Alcohol Dependence, 147, 183–189.CrossrefPubMed</bibliomixed>
      <bibliomixed id="ch0017s0008bib11">Broyles, L. M., Binswanger, I. A., Jenkins, J. A., Finnell, D. S., Faseru, B., Cavaiola, A., &amp; Gordon, A. J. (2014). Confronting inadvertent stigma and pejorative language in addiction scholarship: A recognition and response. Substance Abuse, 35(3), 217–221.CrossrefPubMed</bibliomixed>
      <bibliomixed id="ch0017s0008bib12">National Center for Health Statistics: Underlying cause of death 2018-2019</bibliomixed>
      <bibliomixed id="ch0017s0008bib13">Journal of Adolescent Health, 50 Crossref</bibliomixed>
      <bibliomixed id="ch0017s0008bib14">Nicotine and Tobacco Research, 3https://​doi.​org/​10.​1080/​1462220002003205​1 CrossrefPubMed</bibliomixed>
      <bibliomixed id="ch0017s0008bib15">Advances in Dual Diagnosis, 9https://​doi.​org/​10.​1108/​ADD-02-2016-0006</bibliomixed>
      <bibliomixed id="ch0017s0008bib16">Chen, P., &amp; Jacobson, K. C. (2012). Developmental trajectories of substance use from early adolescence to young adulthood: Gender and racial/ethnic differences. Journal of Adolescent Health, 50(2), 154–163.Crossref</bibliomixed>
      <bibliomixed id="ch0017s0008bib17">Cox, L. S., Tiffany, S. T., &amp; Christen, A. G. (2001). Evaluation of the brief questionnaire of smoking urges (QSU-brief) in laboratory and clinical settings. Nicotine and Tobacco Research, 3(1), 7–16. CrossrefPubMed</bibliomixed>
      <bibliomixed id="ch0017s0008bib18">De Leon, G., &amp; Jainchill, N. (1986). Circumstance, motivation, readiness and suitability as correlates of treatment tenure. Journal of Psychoactive Drugs, 18(3), 203–208. CrossrefPubMed</bibliomixed>
      <bibliomixed id="ch0017s0008bib19">Denering, L. L., &amp; Spear, S. E. (2012). Routine use of screening and brief intervention for college students in a University Counseling Center. Journal of Psychoactive Drugs, 44(4), 318–324. CrossrefPubMedPubMedCentral</bibliomixed>
      <bibliomixed id="ch0017s0008bib20">Elliott, M., &amp; Lowman, J. (2015). Education, income and alcohol misuse: A stress process model. Social Psychiatry and Psychiatric Epidemiology, 50(1), 19–26.CrossrefPubMed</bibliomixed>
      <bibliomixed id="ch0017s0008bib21">Fals-Stewart, W., O’Farrell, T., Freitas, T., McFarlin, S., &amp; Rutigliano, P. (2000). The timeline followback reports of psychoactive substance use by drug-abusing patients: Psychometric properties. Journal of Consulting and Clinical Psychology, 68(1), 134–144.CrossrefPubMed</bibliomixed>
      <bibliomixed id="ch0017s0008bib22">Finch, K. A., Ramo, D. E., Delucchi, K. L., Liu, H., &amp; Prochaska, J. J. (2013). Subjective social status and substance use severity in a young adult sample. Psychology of Addictive Behaviors, 27(3), 901–908.CrossrefPubMedPubMedCentral</bibliomixed>
      <bibliomixed id="ch0017s0008bib23">First, M. B., Williams, J. B., Karg, R. S., &amp; Spitzer, R. L. (2016). SCID-5-CV: Structured clinical interview for DSM-5 disorders: clinician version. American Psychiatric Association.</bibliomixed>
      <bibliomixed id="ch0017s0008bib24">Flannery, B. A., Volpicelli, J. R., &amp; Pettinati, H. M. (1999). Psychometric properties of the Penn alcohol craving scale. Alcoholism: Clinical and Experimental Research, 23(8), 1289–1295.CrossrefPubMed</bibliomixed>
      <bibliomixed id="ch0017s0008bib25">Fothergill, K., Ensminger, M. E., Doherty, E. E., Juon, H.-S., &amp; Green, K. M. (2016). Pathways from early childhood adversity to later adult drug use and psychological distress: A prospective study of a cohort of African Americans. Journal of Health and Social Behavior, 57(2), 223–239.CrossrefPubMedPubMedCentral</bibliomixed>
      <bibliomixed id="ch0017s0008bib26">French, R., Aronowitz, S. V., Brooks Carthon, J. M., Schmidt, H. D., &amp; Compton, P. (2022). Interventions for hospitalized medical and surgical patients with opioid use disorder: A systematic review. Substance Abuse, 43(1), 495–507. CrossrefPubMed</bibliomixed>
      <bibliomixed id="ch0017s0008bib27">Gastfriend, D. R., &amp; Mee-Lee, D. (2022). Thirty years of the ASAM criteria: A report card. Psychiatric Clinics of North America, 45(3), 593–609. CrossrefPubMed</bibliomixed>
      <bibliomixed id="ch0017s0008bib28">Giano, Z., Williams, A., Hankey, C., Merrill, R., Lisnic, R., &amp; Herring, A. (2020). Forty years of research on predictors of homelessness. Community Mental Health Journal, 56(4), 692–709. CrossrefPubMed</bibliomixed>
      <bibliomixed id="ch0017s0008bib29">Hebden, H. M., Votaw, V. R., Herchenroeder, L., Witkiewitz, K., &amp; Yeung, E. W. (2023). Examining the validity of the drinking motives questionnaire for identifying reward and relief drinking subgroups in college students. Alcoholism, Clinical and Experimental Research, 47(11), 2184–2196. Crossref</bibliomixed>
      <bibliomixed id="ch0017s0008bib30">Heinz, A. J., Epstein, D. H., Schroeder, J. R., Singleton, E. G., Heishman, S. J., &amp; Preston, K. L. (2006). Heroin and cocaine craving and use during treatment: Measurement validation and potential relationships. Journal of Substance Abuse Treatment, 31(4), 355–364.CrossrefPubMed</bibliomixed>
      <bibliomixed id="ch0017s0008bib31">Heishman, S. J., Evans, R. J., Singleton, E. G., Levin, K. H., Copersino, M. L., &amp; Gorelick, D. A. (2009). Reliability and validity of a short form of the marijuana craving questionnaire. Drug and Alcohol Dependence, 102, 1–3.Crossref</bibliomixed>
      <bibliomixed id="ch0017s0008bib32">Drug and Alcohol Dependence, 102 Crossref</bibliomixed>
      <bibliomixed id="ch0017s0008bib33">Hochheimer, M., &amp; Unick, G. J. (2022). Systematic review and meta-analysis of retention in treatment using medications for opioid use disorder by medication, race/ethnicity, and gender in the United States. Addictive Behaviors, 124, 107113. CrossrefPubMed</bibliomixed>
      <bibliomixed id="ch0017s0008bib34">Hogue, A., Dauber, S., &amp; Morgenstern, J. (2010). Validation of a contemplation ladder in an adult substance use disorder sample. Psychology of Addictive Behaviors, 24(1), 137–144.CrossrefPubMedPubMedCentral</bibliomixed>
      <bibliomixed id="ch0017s0008bib35">Imtiaz, S., Roerecke, M., Kurdyak, P., Samokhvalov, A. V., Hasan, O., &amp; Rehm, J. (2020). Brief interventions for cannabis use in healthcare settings: Systematic review and meta-analyses of randomized trials. Journal of Addiction Medicine, 14(1), 78–88.CrossrefPubMed</bibliomixed>
      <bibliomixed id="ch0017s0008bib36">Julien, R. M., Advokat, C. D., &amp; Comaty, J. E. (2023). Julien’s primer of drug action (15th ed.). Macmillan Higher Education.</bibliomixed>
      <bibliomixed id="ch0017s0008bib37">Kampman, K. M., Volpicelli, J. R., Mcginnis, D. E., Alterman, A. I., Weinrieb, R. M., D’Angelo, L., &amp; Epperson, L. E. (1998). Reliability and validity of the cocaine selective severity assessment. Addictive Behaviors, 23(4), 449–461. CrossrefPubMed</bibliomixed>
      <bibliomixed id="ch0017s0008bib38">Karno, M., Granholm, E., &amp; Lin, A. (2000). Factor structure of the alcohol use disorders identification test (AUDIT) in a mental health clinic sample. Journal of Studies on Alcohol and Drugs, 61(5), 751–758.Crossref</bibliomixed>
      <bibliomixed id="ch0017s0008bib39">Kessler, R. C., &amp; Ustun, T. B. (2004). The World Mental Health Survey Initiative version of the World Health Organization (WHO) Composite International Diagnostic Interview (CIDI). International Journal of Methods in Psychiatric Research, 13(2), 93–121.CrossrefPubMed</bibliomixed>
      <bibliomixed id="ch0017s0008bib40">Keyser-Marcus, L. A., Ramey, T., Bjork, J., Adams, A., &amp; Moeller, F. G. (2021). Development and feasibility study of an addiction focused phenotyping assessment battery. The American Journal on Addictions, 30(4), 398–405. CrossrefPubMedPubMedCentral</bibliomixed>
      <bibliomixed id="ch0017s0008bib41">King, P. R., Beehler, G. P., Wade, M., Buchholz, L. J., Funderburk, J. S., Lilienthal, K. R., &amp; Vair, C. L. (2018). Opportunities to improve measurement-based care practices in mental health care systems: A case example of electronic mental health screening and measurement. Families, Systems &amp; Health, 36(4), 427–438. Crossref</bibliomixed>
      <bibliomixed id="ch0017s0008bib42">Krawczyk, N., Feder, K. A., Saloner, B., Crum, R. M., Kealhofer, M., &amp; Mojtabai, R. (2018). The association of psychiatric comorbidity with treatment completion among clients admitted to substance use treatment programs in a U.S. national sample. Drug and Alcohol Dependence, 175, 157–163. Crossref</bibliomixed>
      <bibliomixed id="ch0017s0008bib43">Kwako, L. E., Momenan, R., Litten, R. Z., Koob, G. F., &amp; Goldman, D. (2017). Addictions neuroclinical assessment: A neuroscience-based framework for addictive disorders. Biological Psychiatry, 80(3), 179–189. Crossref</bibliomixed>
      <bibliomixed id="ch0017s0008bib44">Lappan, S. N., Brown, A. W., &amp; Hendricks, P. S. (2020). Dropout rates of in-person psychosocial substance use disorder treatments: A systematic review and meta-analysis. Addiction, 115(2), 201–217. CrossrefPubMed</bibliomixed>
      <bibliomixed id="ch0017s0008bib45">Lehmann, S. W., &amp; Fingerhood, M. (2018). Substance-use disorders in later life. New England Journal of Medicine, 379(24), 2351–2360. CrossrefPubMed</bibliomixed>
      <bibliomixed id="ch0017s0008bib46">Lev-Ran, S., Le Strat, Y., Imtiaz, S., Rehm, J., &amp; Le Foll, B. (2013). Gender differences in prevalence of substance use disorders among individuals with lifetime exposure to substances: Results from a large representative sample. The American Journal on Addictions, 22(1), 7–13.CrossrefPubMed</bibliomixed>
      <bibliomixed id="ch0017s0008bib47">Lewis, B., Hoffman, L., Garcia, C. C., &amp; Nixon, S. J. (2018). Race and socioeconomic status in substance use progression and treatment entry. Journal of Ethnicity in Substance Abuse, 17(2), 150–166. CrossrefPubMed</bibliomixed>
      <bibliomixed id="ch0017s0008bib48">Matsuzaka, S., &amp; Knapp, M. (2020). Anti-racism and substance use treatment: Addiction does not discriminate, but do we? Journal of Ethnicity in Substance Abuse, 19(4), 567–593. CrossrefPubMed</bibliomixed>
      <bibliomixed id="ch0017s0008bib49">McHugh, R. K., Votaw, V. R., Sugarman, D. E., &amp; Greenfield, S. F. (2018). Sex and gender differences in substance use disorders. Clinical Psychology Review, 66, 12–23. CrossrefPubMed</bibliomixed>
      <bibliomixed id="ch0017s0008bib50">McLellan, A. T., Kushner, H., Metzger, D., Peters, R., Smith, I., &amp; Grissom, G. (1992). The fifth edition of the Addiction Severity Index. Journal of Substance Abuse Treatment, 9(3), 199–213.CrossrefPubMed</bibliomixed>
      <bibliomixed id="ch0017s0008bib51">Mennis, J., &amp; Stahler, G. J. (2016). Racial and ethnic disparities in outpatient substance use disorder treatment episode completion for different substances. Journal of Substance Abuse Treatment, 63, 25–33. CrossrefPubMed</bibliomixed>
      <bibliomixed id="ch0017s0008bib52">Montgomery, L., Burlew, A. K., Haeny, A. M., &amp; Jones, C. A. (2021). A systematic scoping review of research on black participants in the national drug abuse treatment clinical trials network. Psychology of Addictive Behaviors, 34(1), 117–127. Crossref</bibliomixed>
      <bibliomixed id="ch0017s0008bib53">Mulvaney-Day, N., DeAngelo, D., Chen, C. N., Cook, B. L., &amp; Alegria, M. (2012). Unmet need for treatment for substance use disorders across race and ethnicity. Drug and Alcohol Dependence, 125(Suppl 1), 44–50.Crossref</bibliomixed>
      <bibliomixed id="ch0017s0008bib54">Nagelhout, G. E., Hummel, K., de Goeij, M. C. M., de Vries, H., Kaner, E., &amp; Lemmens, P. (2017). How economic recessions and unemployment affect illegal drug use: A systematic realist literature review. International Journal of Drug Policy, 44, 69–83.CrossrefPubMed</bibliomixed>
      <bibliomixed id="ch0017s0008bib55">NIDA. (2018). Chart of evidence-based screening tools and assessments for adults and adolescents.</bibliomixed>
      <bibliomixed id="ch0017s0008bib56">Psychology of Addictive Behaviors, 34https://​doi.​org/​10.​1037/​adb 0000483 Crossref</bibliomixed>
      <bibliomixed id="ch0017s0008bib57">Nolte-Troha, C., Roser, P., Henkel, D., Scherbaum, N., Koller, G., &amp; Franke, A. G. (2023). Unemployment and substance use: An updated review of studies from North America and Europe. Healthcare, 11(8), 1–22. Crossref</bibliomixed>
      <bibliomixed id="ch0017s0008bib58">Paquette, C. E., Daughters, S. B., &amp; Witkiewitz, K. (2022). Expanding the continuum of substance use disorder treatment: Nonabstinence approaches. Clinical Psychology Review, 91, 102110. CrossrefPubMed</bibliomixed>
      <bibliomixed id="ch0017s0008bib59">Chart of evidence-based screening tools and assessments for adults and adolescentshttps://​www.​drugabuse.​gov/​nidamed-medical-health-professionals/​tool-resources-your-practice/​screening-assessment-drug-testing-resources/​chart-evidence-based-screening-tools</bibliomixed>
      <bibliomixed id="ch0017s0008bib60">Parmar, A., &amp; Kaloiya, G. (2018). Comorbidity of personality disorder among substance use disorder patients: A narrative review. Indian Journal of Psychological Medicine, 40(6), 517–527. CrossrefPubMedPubMedCentral</bibliomixed>
      <bibliomixed id="ch0017s0008bib61">Ramo, D. E., Bahorik, A. L., Delucchi, K. L., Campbell, C. I., &amp; Satre, D. D. (2018). Alcohol and drug use, pain and psychiatric symptoms among adults seeking outpatient psychiatric treatment: Latent class patterns and relationship to health status. Journal of Psychoactive Drugs, 50(1), 43–53. CrossrefPubMed</bibliomixed>
      <bibliomixed id="ch0017s0008bib62">Clinical Psychology Review, 91https://​doi.​org/​10.​1016/​j.​cpr.​2021.​102110 CrossrefPubMed</bibliomixed>
      <bibliomixed id="ch0017s0008bib63">Saunders, J. B., Aasland, O. G., Babor, T. F., Fuente, J. R. D., &amp; Grant, M. (1993). Development of the alcohol use disorders identification test (AUDIT): WHO Collaborative project on early detection of persons with harmful alcohol consumption-II. Addiction, 88(6), 791–804. CrossrefPubMed</bibliomixed>
      <bibliomixed id="ch0017s0008bib64">Indian Journal of Psychological Medicine, 40https://​doi.​org/​10.​4103/​IJPSYM.​IJPSYM_​164_​18 CrossrefPubMedPubMed Central</bibliomixed>
      <bibliomixed id="ch0017s0008bib65">Stahler, G. J., Mennis, J., &amp; DuCette, J. P. (2016). Residential and outpatient treatment completion for substance use disorders in the U.S.: Moderation analysis by demographics and drug of choice. Addictive Behaviors, 58, 129–135. CrossrefPubMed</bibliomixed>
      <bibliomixed id="ch0017s0008bib66">Substance Abuse and Mental Health Services Administration (SAMHSA). (2021). Key substance use and mental health indicators in the United States: Results from the 2021 National Survey on Drug Use and Health. Center for Behavioral Health Statistics and Quality.</bibliomixed>
      <bibliomixed id="ch0017s0008bib67">Substance Abuse and Mental Health Services Administration (SAMHSA). (2023). Key substance use and mental health indicators in the United States: Results from the 2022 National Survey on Drug Use and Health. Center for Behavioral Health Statistics and Quality.</bibliomixed>
      <bibliomixed id="ch0017s0008bib68">Sullivan, J. T., Skyora, K., Schneiderman, J., Naranjo, C. A., &amp; Sellers, E. M. (1989). Assessment of alcohol withdrawal: The revised clinical institute withdrawal assessment for alcohol scale (CIWA-Ar). British Journal of Addiction, 84(11), 1353–1357. CrossrefPubMed</bibliomixed>
      <bibliomixed id="ch0017s0008bib69">Sussner, B. D., Smelson, D. A., Rodrigues, S., Kline, A., Losonczy, M., &amp; Ziedonis, D. (2006). The validity and reliability of a brief measure of cocaine craving. Drug and Alcohol Dependence, 83(3), 233–237. CrossrefPubMed</bibliomixed>
      <bibliomixed id="ch0017s0008bib70">Thompson, H. M., Hill, K., Jadhav, R., Webb, T. A., Pollack, M., &amp; Karnik, N. (2019). The substance use intervention team: A preliminary analysis of a population-level strategy to address the opioid crisis at an Academic Health Center. Journal of Addiction Medicine, 13(6), 460–463.CrossrefPubMedPubMedCentral</bibliomixed>
      <bibliomixed id="ch0017s0008bib71">Tiffany, S. T., &amp; Droebs, D. J. (1991). The development and initial validation of a questionnaire on smoking urges. British Journal of Addiction, 86(11), 1467–1476. CrossrefPubMed</bibliomixed>
      <bibliomixed id="ch0017s0008bib72">Tiffany, S. T., Singleton, E., Haertzen, C. A., &amp; Henningfield, J. E. (1993). The development of a cocaine craving questionnaire. Drug and Alcohol Dependence, 34(1), 19–28. CrossrefPubMed</bibliomixed>
      <bibliomixed id="ch0017s0008bib73">Tran, T. H., Swoboda, H., Perticone, K., Ramsey, E., Thompson, H., Hill, K., &amp; Karnik, N. S. (2021). The substance use intervention team: A hospital-based intervention and outpatient clinic to improve care for patients with substance use disorders. American Journal of Health-System Pharmacy, 78(4), 345–353. CrossrefPubMed</bibliomixed>
      <bibliomixed id="ch0017s0008bib74">Tyrer, P., Murphy, S., &amp; Riley, P. (1990). The benzodiazepine withdrawal symptom questionnaire. Journal of Affective Disorders, 19(1), 53–61. CrossrefPubMed</bibliomixed>
      <bibliomixed id="ch0017s0008bib75">Drug and Alcohol Dependence, 83https://​doi.​org/​10.​1016/​j.​drugalcdep.​2005.​11.​022 CrossrefPubMed</bibliomixed>
      <bibliomixed id="ch0017s0008bib76">Votaw, V. R., Boness, C. L., Stein, E. R., Watts, A. L., Sher, K. J., &amp; Witkiewitz, K. (2023). Examining the validity of the addictions neuroclinical assessment domains in a crowdsourced sample of adults with current alcohol use. Experimental and Clinical Psychopharmacology, 32(1), 68–83. CrossrefPubMedPubMedCentral</bibliomixed>
      <bibliomixed id="ch0017s0008bib77">Webster, L. R., &amp; Webster, R. M. (2005). Predicting aberrant behaviors in opioid-treated patients: Preliminary validation of the opioid risk tool. Pain Medicine, 6(6), 432–442. CrossrefPubMed</bibliomixed>
      <bibliomixed id="ch0017s0008bib78">Westerberg, V. S., Tonigan, J. S., &amp; Miller, W. R. (1998). Reliability of Form 90D: An instrument for quantifying drug use. Substance Abuse, 19, 179–189.CrossrefPubMed</bibliomixed>
      <bibliomixed id="ch0017s0008bib79">WHO ASSIST Working Group. (2001). The alcohol, smoking and substance involvement screening test (ASSIST): Development, reliability and feasibility. Addiction, 97, 1183–1194.Crossref</bibliomixed>
      <bibliomixed id="ch0017s0008bib80">Woodward, D., Wilens, T. E., Glantz, M., Rao, V., Burke, C., &amp; Yule, A. M. (2023). A systematic review of substance use screening in outpatient behavioral health settings. Addiction Science &amp; Clinical Practice, 18(1), 1–9. Crossref</bibliomixed>
      <bibliomixed id="ch0017s0008bib81">Yarnell, S., Li, L., MacGrory, B., Trevisan, L., &amp; Kirwin, P. (2020). Substance use disorders in later life: A review and synthesis of the literature of an emerging public health concern. American Journal of Geriatric Psychiatry, 28(2), 226–236. Crossref</bibliomixed>
      <bibliomixed id="ch0017s0008bib82">Zhang, S., Wu, S., Wu, Q., Durkin, D. W., &amp; Marsiglia, F. F. (2021). Adolescent drug use initiation and transition into other drugs: A retrospective longitudinal examination across race/ethnicity. Addictive Behaviors, 113, 106679. CrossrefPubMed</bibliomixed>
      <bibliomixed id="ch0017s0008bib83">Pain Medicine, 6https://​doi.​org/​10.​1111/​j.​1526-4637.​2005.​00072 CrossrefPubMed</bibliomixed>
      <bibliomixed id="ch0017s0008bib84">Substance Abuse, 19 CrossrefPubMed</bibliomixed>
      <bibliomixed id="ch0017s0008bib85">Addiction, 97 Crossref</bibliomixed>
      <bibliomixed id="ch0017s0008bib86">Addiction Science &amp; Clinical Practice, 18https://​doi.​org/​10.​1186/​s 13722-023-00376-z Crossref</bibliomixed>
      <bibliomixed id="ch0017s0008bib87">American Journal of Geriatric Psychiatry, 28https://​doi.​org/​10.​1016/​j.​jagp.​2019.​06.​005 Crossref</bibliomixed>
      <bibliomixed id="ch0017s0008bib88">Addictive Behaviors, 113https://​doi.​org/​10.​1016/​j.​addbeh.​2020.​106679 CrossrefPubMed</bibliomixed>
   </bibliography>
</sect1>