<?xml version="1.0" encoding="UTF-8"?>
<sect1 id="ch0008s0009" role="Heading">
   <sect1info>
      <risinfo>
         <risprev>sect1.9781071643624.ch0008s0008</risprev>
         <riscurrent>sect1.9781071643624.ch0008s0009</riscurrent>
         <risnext>sect1.9781071643624.</risnext>
         <booktitle>Diagnostic Interviewing</booktitle>
         <isbn>9781071643624</isbn>
         <chapternumber>8</chapternumber>
         <chapterid>ch0008</chapterid>
         <chaptertitle>6. Depressive Disorders</chaptertitle>
         <authorgroup>
            <author>
               <personname>
                  <firstname>Daniel L.</firstname>
                  <surname>Segal</surname>
               </personname>
            </author>
         </authorgroup>
         <publisher>
            <publishername>Springer US</publishername>
         </publisher>
         <pubdate>2025</pubdate>
      </risinfo>
      <primaryauthor>
         <personname>
            <firstname>Daniel L.</firstname>
            <surname>Segal</surname>
         </personname>
      </primaryauthor>
   </sect1info>
   <title>Summary</title>
   <para role="Para">
      Depressive disorders<indexterm significance="normal">
         <primary>Depressive disorders</primary>
      </indexterm> are common, costly to the individual, family, and society, and are among the most widely studied mental disorders. The causes of depressive disorders are numerous and complex, including any number of biopsychosocial factors. Assessments of depression vary in the degree to which they account for these biopsychosocial factors in the type of items utilized and the thoroughness of the clinical interview.</para>
   <para role="Para">Depression may present differently across individuals and settings, varying from brief episodes and subclinical presentations to more severe episodes and chronic symptomatology. Unfortunately, many people with depressive disorders are either untreated or poorly treated. Early identification through good clinical interviewing and assessment can help to identify people who could benefit from treatment and assist in delivering appropriate treatment. At the same time, it is important to follow brief screening with more thorough assessment before forming an official diagnosis. Ideally, assessment includes mood symptoms and functioning, as well as biopsychosocial needs assessment and a cultural formulation. Because of the multifaceted nature of depressive disorders, further research is necessary to aid in the ability to improve screening, diagnosis, and treatment, to better address these disorders and alleviate the distress and disability that accompany them.</para>
   <sidebar id="ch0008s0009ad01">
      <para/>
   </sidebar>
   <bibliography id="ch0008s0009bib0075">
      <bibliomixed id="ch0008s0009bib01">Adams, C., Gringart, E., &amp; Strobel, N. (2024). Barriers to mental health help-seeking among older adults with chronic diseases. Australian Psychologist, 59(2), 154–165. Crossref</bibliomixed>
      <bibliomixed id="ch0008s0009bib02">Aggarwal, N. K. (2024). The cultural formulation interview in case formulations: A state-of-the-science review. Behavior Therapy, 55, 1130–1143. CrossrefPubMed</bibliomixed>
      <bibliomixed id="ch0008s0009bib03">Alexopoulos, G. S., Abrams, R. C., Young, R. C., &amp; Shamoian, C. A. (1988). Cornell scale for depression in dementia. Biological Psychiatry, 23(3), 271–284. CrossrefPubMed</bibliomixed>
      <bibliomixed id="ch0008s0009bib04">Allen, J. O., &amp; Sikora, N. (2023). Aging stigma and the health of US adults over 65: What do we know? Clinical Interventions in Aging, 18, 2093–2116. CrossrefPubMedPubMedCentral</bibliomixed>
      <bibliomixed id="ch0008s0009bib05">Diagnostic and statistical manual of mental disordershttps://​doi.​org/​10.​1176/​appi.​books.​9780890425596</bibliomixed>
      <bibliomixed id="ch0008s0009bib06">Angst, J., Azorin, J.-M., Bowden, C. L., Perugi, G., Vieta, E., Gamma, A., &amp; Young, A. H. (2011). Prevalence and characteristics of undiagnosed bipolar disorders in patients with a major depressive episode: The BRIDGE Study. The Journal of the American Medical Association Psychiatry, 68(8), 791–799. Crossref</bibliomixed>
      <bibliomixed id="ch0008s0009bib07">Areán, P., Raue, P. J., McCulloch, C., Kanellopoulos, D., Seirup, J. K., Banerjee, S., Kiosses, D. N., Dwyer, E., &amp; Alexopoulos, G. S. (2015). Effects of problem-solving therapy and clinical case management on disability in low-income older adults. American Journal of Geriatric Psychiatry, 23(12), 1307–1314. Crossref</bibliomixed>
      <bibliomixed id="ch0008s0009bib08">Arroll, B., Goodyear-Smith, F., Crengle, S., Gunn, J., Kerse, N., Fishman, T., Falloon, K., &amp; Hatcher, S. (2010). Validation of PHQ-2 and PHQ-9 to screen for major depression in the primary care population. Annals of Family Medicine, 8(4), 348–353. CrossrefPubMedPubMedCentral</bibliomixed>
      <bibliomixed id="ch0008s0009bib09">Axelson, D., Findling, R. L., Fristad, M. A., Kowatch, R. A., Youngstrom, E. A., Horwitz, S. M., Arnold, L. E., Frazier, T. W., Ryan, N., Demeter, C., Gill, M. K., Hauser-Harrington, J. C., Depew, J., Kennedy, S. M., Gron, B. A., Rowles, B. M., &amp; Birmaher, B. (2012). Examining the proposed disruptive mood dysregulation disorder diagnosis in children in the Longitudinal Assessment of Manic Symptoms study. The Journal of Clinical Psychiatry, 73(10), 1342–1350. CrossrefPubMedPubMedCentral</bibliomixed>
      <bibliomixed id="ch0008s0009bib10">The Journal of Clinical Psychiatry, 73https://​doi.​org/​10.​4088/​JCP.​12m 07674 CrossrefPubMedPubMed Central</bibliomixed>
      <bibliomixed id="ch0008s0009bib11">Beck, A. T., Guth, D., Steer, R. A., &amp; Ball, R. (1997). Screening for major depression disorders in medical inpatients with the Beck Depression Inventory for Primary Care. Behaviour Research and Therapy, 35(8), 785–791. CrossrefPubMed</bibliomixed>
      <bibliomixed id="ch0008s0009bib12">Botsford, S. L., Yang, S., &amp; George, T. P. (2020). Cannabis and cannabinoids in mood and anxiety disorders: Impact on illness onset and course, and assessment of therapeutic potential. The American Journal on Addictions, 29(1), 9–26. CrossrefPubMed</bibliomixed>
      <bibliomixed id="ch0008s0009bib13">Carmody, T. J., Rush, A. J., Bernstein, I., Warden, D., Brannan, S., Burnham, D., Woo, A., &amp; Trivedi, M. H. (2006). The Montgomery Asberg and the Hamilton ratings of depression: A comparison of measures. European Neuropsychopharmacology, 16(8), 601–611. CrossrefPubMedPubMedCentral</bibliomixed>
      <bibliomixed id="ch0008s0009bib14">Chesney, E., Goodwin, G. M., &amp; Fazel, S. (2014). Risks of all-cause and suicide mortality in mental disorders: A meta-review. World Psychiatry, 13(2), 153–160. CrossrefPubMedPubMedCentral</bibliomixed>
      <bibliomixed id="ch0008s0009bib15">Chilakamarri, J. K., Filkowski, M. M., &amp; Ghaemi, S. N. (2011). Misdiagnosis of bipolar disorder in children and adolescents: a comparison with ADHD and major depressive disorder. Annals of Clinical Psychiatry, 23(1), 25–29.PubMed</bibliomixed>
      <bibliomixed id="ch0008s0009bib16">Comijs, H. C., Nieuwesteeg, J., Kok, R., van Marwijk, H. W., van der Mast, R. C., Naarding, P., Voshaar, R. C. O., Verhaak, P., van Marwijk, H. W., &amp; Stek, M. L. (2015). The two-year course of late-life depression; results from the Netherlands study of depression in older persons. BMC Psychiatry, 15, 20. CrossrefPubMedPubMedCentral</bibliomixed>
      <bibliomixed id="ch0008s0009bib17">Copeland, W. E., Angold, A., Costello, E. J., &amp; Egger, H. (2013). Prevalence, comorbidity, and correlates of DSM-5 proposed disruptive mood dysregulation disorder. The American Journal of Psychiatry, 170(2), 173–179. CrossrefPubMedPubMedCentral</bibliomixed>
      <bibliomixed id="ch0008s0009bib18">Crowley, R. A., Kirschner, N., &amp; The Health and Public Policy Committee of the American College of Physicians. (2015). The integration of care for mental health, substance abuse, and other behavioral health conditions into primary care: Executive summary of an American College of Physicians position paper. Annals of Internal Medicine, 163(4), 298–299. CrossrefPubMed</bibliomixed>
      <bibliomixed id="ch0008s0009bib19">Davis, E. B., Plante, T. G., Grey, M. J., Kim, C. L., Freeman-Coppadge, D., Lefevor, G. T., Paulez, J. A., Giwa, S., Lasser, J., Stratton, S. P., Deneke, E., &amp; Glowiak, K. J. (2021). The role of civility and cultural humility in navigating controversial areas in psychology. Spirituality in Clinical Practice, 8(2), 79–97. Crossref</bibliomixed>
      <bibliomixed id="ch0008s0009bib20">Ettman, C. K., Koya, S. F., Fan, A. Y., Robbins, G., Shain, J., Cozier, Y. C., Abdalla, S. M., &amp; Galea, S. (2022). More, less, or the same: A scoping review of studies that compare depression between Black and White U.S. adult populations. Social Science &amp; Medicine-Mental Health, 2, 100161. Crossref</bibliomixed>
      <bibliomixed id="ch0008s0009bib21">Feliciano, L., Renn, B. N., &amp; Segal, D. L. (2018). Depressive disorders. In D. C. Beidel &amp; C. Freuh (Eds.), Adult psychopathology and diagnosis (8th ed., pp. 247–298). Wiley.</bibliomixed>
      <bibliomixed id="ch0008s0009bib22">First, M. B., Williams, J. B. W., Karg, R. S., &amp; Spitzer, R. L. (2015). Structured Clinical Interview for DSM-5—Research Version (SCID-5 for DSM-5, Research Version; SCID-5-RV). American Psychiatric Association Publishing.</bibliomixed>
      <bibliomixed id="ch0008s0009bib23">First, M. B., Williams, J. B. W., Karg, R. S., &amp; Spitzer, R. L. (2016). User’s guide for the SCID-5-CV Structured Clinical Interview for DSM-5® disorders: Clinical version. American Psychiatric Publishing.</bibliomixed>
      <bibliomixed id="ch0008s0009bib24">First, M. B., Williams, J. B. W., Karg, R. S., &amp; Spitzer, R. L. (2021). Quick Structured Clinical Interview for DSM-5 Disorders (QuickSCID-5). American Psychiatric Association Publishing.</bibliomixed>
      <bibliomixed id="ch0008s0009bib25">Structured Clinical Interview for DSM-5—Research Version (SCID-5 for DSM-5, Research Version; SCID-5-RV)</bibliomixed>
      <bibliomixed id="ch0008s0009bib26">Gildengers, A. G., Butters, M. A., Chisholm, D., Anderson, S. J., Begley, A., Holm, M., Rogers, J. C., Reynolds, C. F., 3rd, &amp; Mulsant, B. H. (2012). Cognition in older adults with bipolar disorder versus major depressive disorder. Bipolar Disorders, 14(2), 198–205. CrossrefPubMedPubMedCentral</bibliomixed>
      <bibliomixed id="ch0008s0009bib27">Gum, A. M., Schonfeld, L., Tyler, S., Fishleder, S., &amp; Guerra, L. (2016). One-visit behavioral intervention for older primary care patients with mild-moderate depressive symptoms: A pilot study. Southern Medical Journal, 109(8), 442–447. CrossrefPubMed</bibliomixed>
      <bibliomixed id="ch0008s0009bib28">Hamilton, M. (1967). Development of a rating scale for primary depressive illness. British Journal of Social &amp; Clinical Psychology, 6(4), 278–296. Crossref</bibliomixed>
      <bibliomixed id="ch0008s0009bib29">Hasin, D. S., Sarvet, A. L., Meyers, J. L., Saha, T. D., Ruan, W. J., Stohl, M., &amp; Grant, B. F. (2018). Epidemiology of adult DSM-5 major depressive disorder and its specifiers in the United States. The Journal of the American Medical Association Psychiatry, 75(4), 336–346. CrossrefPubMed</bibliomixed>
      <bibliomixed id="ch0008s0009bib30">Hegeman, J. M., Kok, R. M., van der Mast, R. C., &amp; Giltay, E. J. (2012). Phenomenology of depression in older compared with younger adults: Meta-analysis. British Journal of Psychiatry, 200(4), 275–281. Crossref</bibliomixed>
      <bibliomixed id="ch0008s0009bib31">Huang, F. Y., Chung, H., Kroenke, K., Delucchi, K. L., &amp; Spitzer, R. L. (2006). Using the Patient Health Questionnaire-9 to measure depression among racially and ethnically diverse primary care patients. Journal of General Internal Medicine, 21(6), 547–552. CrossrefPubMedPubMedCentral</bibliomixed>
      <bibliomixed id="ch0008s0009bib32">Ikonte, C. O., Prigmore, H. L., Dawson, A. Z., &amp; Egede, L. E. (2020). Trends in prevalence of depression and serious psychological distress in United States immigrant and non-immigrant populations, 2010–2016. Journal of Affective Disorders, 274, 719–725. CrossrefPubMedPubMedCentral</bibliomixed>
      <bibliomixed id="ch0008s0009bib33">Inventor, B. R., Paun, O., &amp; McIntosh, E. (2022). Mental health of LGBTQ older adults. Journal of Psychosocial Nursing and Mental Health Services, 60(4), 7–10. CrossrefPubMed</bibliomixed>
      <bibliomixed id="ch0008s0009bib34">Jackson-Triche, M. E., Greer Sullivan, J., Wells, K. B., Rogers, W., Camp, P., &amp; Mazel, R. (2000). Depression and health-related quality of life in ethnic minorities seeking care in general medical settings. Journal of Affective Disorders, 58(2), 89–97. CrossrefPubMed</bibliomixed>
      <bibliomixed id="ch0008s0009bib35">Joiner, T. E., Jr., Walker, R. L., Pettit, J. W., Perez, M., &amp; Cukrowicz, K. C. (2005). Evidence-based assessment of depression in adults. Psychological Assessment, 17(3), 267–277. CrossrefPubMed</bibliomixed>
      <bibliomixed id="ch0008s0009bib36">Kaufman, J., &amp; Schweder, A. E. (2004). The schedule for affective disorders and schizophrenia for school-age children: Present and lifetime version (K-SADS-PL). In M. J. Hilsenroth &amp; D. L. Segal (Eds.), Comprehensive handbook of psychological assessment. Vol. 2: Personality assessment (pp. 247–255). John Wiley &amp; Sons, Inc..</bibliomixed>
      <bibliomixed id="ch0008s0009bib37">Kessler, R. C., Ormel, J., Petukhova, M., McLaughlin, K. A., Green, J. G., Russo, L. J., Stein, D. J., Zaslavsky, A. M., Aguilar-Gaxiola, S., Alonso, J., Andrade, L., Benjet, C., de Girolamo, G., de Graaf, R., Demyttenaere, K., Fayyad, J., Haro, J. M., Hu, C. Y., Karam, A., … Ustün, T. B. (2011). Development of lifetime comorbidity in the World Health Organization world mental health surveys. Archives of General Psychiatry, 68(1), 90–100.</bibliomixed>
      <bibliomixed id="ch0008s0009bib38">Kiosses, D. N., &amp; Alexopoulos, G. S. (2014). Problem-solving therapy in the elderly. Current Treatment Options in Psychiatry, 1, 15–26. CrossrefPubMedPubMedCentral</bibliomixed>
      <bibliomixed id="ch0008s0009bib39">Kroenke, K., Spitzer, R. L., Williams, J. B. W., &amp; Lowe, B. (2010). The Patient Health Questionnaire somatic, anxiety, and depressive symptom scales: A systematic review. General Hospital Psychiatry, 32, 345–359. CrossrefPubMed</bibliomixed>
      <bibliomixed id="ch0008s0009bib40">Lewis-Fernández, R., &amp; Díaz, N. (2002). The cultural formulation: a method for assessing cultural factors affecting the clinical encounter. The Psychiatric Quarterly, 73(4), 271–295. CrossrefPubMed</bibliomixed>
      <bibliomixed id="ch0008s0009bib41">Lewis-Fernández, R., Das, A., Alfonso, C., Weissman, M., &amp; Olfson, M. (2005). Depression in US Hispanics: Diagnostic and management considerations in family practice. The Journal of the American Board of Family Practice/American Board of Family Practice, 18(4), 282–296. Crossref</bibliomixed>
      <bibliomixed id="ch0008s0009bib42">Lewis-Fernández, R., Aggarwal, N. K., Hinton, L., Hinton, D. E., &amp; Kirmayer, L. J. (2016). DSM-5® handbook on the cultural formulation interview. American Psychiatric Publishing.</bibliomixed>
      <bibliomixed id="ch0008s0009bib43">Lewis-Fernández, R., Aggarwal, N. K., &amp; Kirmayer, L. J. (2020). The cultural formulation interview: Progress to date and future directions. Transcultural Psychiatry, 57(4), 487–496. CrossrefPubMed</bibliomixed>
      <bibliomixed id="ch0008s0009bib44">Maurer, D. M., Raymond, T. J., &amp; Davis, B. N. (2018). Depression: Screening and diagnosis. American Family Physician, 98(8), 508–515.PubMed</bibliomixed>
      <bibliomixed id="ch0008s0009bib45">Montgomery, S. A., &amp; Asberg, M. (1979). A new depression scale designed to be sensitive to change. British Journal of Psychiatry, 134, 382–389. Crossref</bibliomixed>
      <bibliomixed id="ch0008s0009bib46">Mosher, D. K., Hook, J. N., Captari, L. E., Davis, D. E., DeBlaere, C., &amp; Owen, J. (2017). Cultural humility: A therapeutic framework for engaging diverse clients. Practice Innovations, 2(4), 221–233. Crossref</bibliomixed>
      <bibliomixed id="ch0008s0009bib47">Noguera, A., Centeno, C., Carvajal, A., Tejedor, M. A. P., Urdiroz, J., &amp; Martínez, M. (2009). “Are you discouraged? Are you anxious, nervous, or uneasy?”: In Spanish some words could be better than others for depression and anxiety screening. Journal of Palliative Medicine, 12(8), 707–712. CrossrefPubMed</bibliomixed>
      <bibliomixed id="ch0008s0009bib48">Phelan, E., Williams, B., Meeker, K., Bonn, K., Frederick, J., LoGerfo, J., &amp; Snowden, M. (2010). A study of the diagnostic accuracy of the PHQ-9 in primary care elderly. BMC Family Practice, 11, 63. CrossrefPubMedPubMedCentral</bibliomixed>
      <bibliomixed id="ch0008s0009bib49">Radloff, L. S. (1977). The CES-D Scale: A self-report depression scale for research in the general population. Applied Psychological Measurement, 1(3), 385–401. Crossref</bibliomixed>
      <bibliomixed id="ch0008s0009bib50">Rapaport, M. H., Clary, C., Fayyad, R., &amp; Endicott, J. (2005). Quality-of life impairment in depressive and anxiety disorders. American Journal of Psychiatry, 162(6), 1171–1178. CrossrefPubMed</bibliomixed>
      <bibliomixed id="ch0008s0009bib51">Rush, A. J., Gullion, C. M., Basco, M. R., Jarrett, R. B., &amp; Trivedi, M. H. (1996). The Inventory of Depressive Symptomatology (IDS): Psychometric properties. Psychological Medicine, 26(3), 477–486. CrossrefPubMed</bibliomixed>
      <bibliomixed id="ch0008s0009bib52">Rush, A. J., Trivedi, M. H., Ibrahim, H. M., Carmody, T. J., Arnow, B., Klein, D. N., Markowitz, J. C., Ninan, P. T., Kornstein, S., Manber, R., Thase, M. E., Kocsis, J. H., &amp; Keller, M. B. (2003). The 16-Item Quick Inventory of Depressive Symptomatology (QIDS), clinician rating (QIDS-C), and self-report (QIDS-SR): A psychometric evaluation in patients with chronic major depression. Biological Psychiatry, 54(5), 573–583. CrossrefPubMed</bibliomixed>
      <bibliomixed id="ch0008s0009bib53">Sachdev, P. S., Mohan, A., Taylor, L., &amp; Jeste, D. V. (2015). DSM-5 and mental disorders in older individuals: An overview. Harvard Review of Psychiatry, 23(5), 320–328. CrossrefPubMedPubMedCentral</bibliomixed>
      <bibliomixed id="ch0008s0009bib54">Santomauro, D. F., Herrera, A. M. M., Shadid, J., Zheng, P., Ashbaugh, C., Pigott, D. M., Abbafati, C., Adolph, C., Amlag, J. O., Aravkin, A. Y., Bang-Jensen, B. L., Bertolacci, G. J., Bloom, S. S., Castellano, R., Castro, E., Chakrabarti, S., Chattopadhyay, J., Cogen, R. M., Collins, J. K., … Ferrari, A. J. (2021). Global prevalence and burden of depressive and anxiety disorders in 204 countries and territories in 2020 due to the COVID-19 pandemic. The Lancet, 398(10312), 1700–1712.</bibliomixed>
      <bibliomixed id="ch0008s0009bib55">Segal, D. L., &amp; Williams, K. N. (2014). Structured and semistructured interviews for differential diagnosis: Fundamental issues, applications, and features. In D. C. Beidel, B. C. Frueh, &amp; M. Hersen (Eds.), Adult psychopathology and diagnosis (7th ed., pp. 103–129). Wiley.</bibliomixed>
      <bibliomixed id="ch0008s0009bib56">Sheehan, D. V., Lecrubier, Y., Sheehan, K. H., Amorim, P., Janavs, J., Weiller, E., Hergueta, T., Baker, R., &amp; Dunbar, G. C. (1998). The Mini-International Neuropsychiatric Interview (M.I.N.I.): The development and validation of a structured diagnostic psychiatric interview for DSM-IV and ICD-10. The Journal of Clinical Psychiatry, 59 Suppl 20, 22–57.PubMed</bibliomixed>
      <bibliomixed id="ch0008s0009bib57">Spitzer, R. L., Williams, J. B., Kroenke, K., Hornyak, R., &amp; McMurray, J. (2000). Validity and utility of the PRIME-MD patient health questionnaire in assessment of 3000 obstetric-gynecologic patients: The PRIME-MD Patient Health Questionnaire Obstetrics-Gynecology Study. American Journal of Obstetrics and Gynecology, 183(3), 759–769. CrossrefPubMed</bibliomixed>
      <bibliomixed id="ch0008s0009bib58">Stein, J., Pabst, A., Weyerer, S., Werle, J., Maier, W., Heilmann, K., Scherer, M., et al. (2016). The assessment of met and unmet care needs in the oldest old with and without depression using the Camberwell Assessment of Need for the Elderly (CANE): Results of the AgeMooDe study. Journal of Affective Disorders, 193, 309–317. CrossrefPubMed</bibliomixed>
      <bibliomixed id="ch0008s0009bib59">Tebeka, S., Pignon, B., Amad, A., Le Strat, Y., Brichant-Petitjean, C., Thomas, P., Vaiva, G., Roelandt, J. L., Benradia, I., Etain, B., Rolland, B., Dubertret, C., &amp; Geoffroy, P. A. (2018). A study in the general population about sadness to disentangle the continuum from well-being to depressive disorders. Journal of Affective Disorders, 226, 66–71. CrossrefPubMed</bibliomixed>
      <bibliomixed id="ch0008s0009bib60">The EuroQol Group. (1990). EuroQol—A new facility for the measurement of health-related quality of life. Health Policy, 16(3), 199–208. Crossref</bibliomixed>
      <bibliomixed id="ch0008s0009bib61">US Preventive Services Task Force. (2023). Screening for depression and suicide risk in adults: US preventive services task force recommendation statement. The Journal of the American Medical Association, 329(23), 2057. Crossref</bibliomixed>
      <bibliomixed id="ch0008s0009bib62">Vandeleur, C. L., Fassassi, S., Castelao, E., Glaus, J., Strippoli, M. F., Lasserre, A. M., Rudaz, D., Gebreab, S., Pistis, G., Jean-Michel, A., Angst, J., &amp; Preisig, M. (2017). Prevalence and correlates of DSM-5 major depressive and related disorders in the community. Psychiatry Research, 250, 50–58. CrossrefPubMed</bibliomixed>
      <bibliomixed id="ch0008s0009bib63">Wakefield, J. C., &amp; First, M. B. (2012). Validity of the bereavement exclusion to major depression: Does the empirical evidence support the proposal to eliminate the exclusion in DSM-5? World Psychiatry, 11(1), 3–10. CrossrefPubMedPubMedCentral</bibliomixed>
      <bibliomixed id="ch0008s0009bib64">Watson, D., O’Hara, M. W., Naragon-Gainey, K., Koffel, E., Chmielewski, M., Kotov, R., Stasik, S. M., &amp; Ruggero, C. J. (2012). Development and validation of new anxiety and bipolar symptom scales for an expanded version of the IDAS (the IDAS-II). Assessment, 19(4), 399–420. CrossrefPubMed</bibliomixed>
      <bibliomixed id="ch0008s0009bib65">Journal of Affective Disorders, 226https://​doi.​org/​10.​1016/​j.​jad.​2017.​08.​085 CrossrefPubMed</bibliomixed>
      <bibliomixed id="ch0008s0009bib66">Health Policy, 16https://​doi.​org/​10.​1016/​0168-8510(90)90421-9 Crossref</bibliomixed>
      <bibliomixed id="ch0008s0009bib67">Yesavage, J. A., Brink, T. L., Rose, T. L., Lum, O., Huang, V., Adey, M., et al. (1982). Development and validation of a geriatric depression screening scale: A preliminary report. Journal of Psychiatric Research, 17(1), 37–49. CrossrefPubMed</bibliomixed>
      <bibliomixed id="ch0008s0009bib68">Banerjee, N., Roy, K., &amp; Takkar, D. (2000). Premenstrual dysphoric disorder - a study from India. International Journal of Fertility and Women’s Medicine, 45, 342-344.</bibliomixed>
      <bibliomixed id="ch0008s0009bib69">Gutiérrez-Rojas, L., Porras-Segovia, A., Dunne, H., Andrade-González, N., &amp; Cervilla, J. A. (2020). Prevalence and correlates of major depressive disorder: A systematic review. Brazilian Journal of Psychiatry, 42(6), 657–672.</bibliomixed>
      <bibliomixed id="ch0008s0009bib70">Epperson, C. N., Steiner, M., Hartlage, S. A., Eriksson, E., Schmidt, P. J., Jones, I., &amp; Yonkers, K. A. (2012). Premenstrual dysphoric disorder: Evidence for a new category for DSM-5. American Journal of Psychiatry, 169(5), 465–475.</bibliomixed>
      <bibliomixed id="ch0008s0009bib71">Global Health Estimates 2020: Disease burden by Cause, Age, Sex, by Country and by Region, 2000–2019https://​www.​who.​int/​data/​gho/​data/​themes/​mortality-and-global-health-estimates/​global-health-estimates-leading-causes-of-dalys</bibliomixed>
      <bibliomixed id="ch0008s0009bib72">Kroenke, K., Spitzer, R. L., &amp; Williams, J. B. (2001). The PHQ-9: Validity of a brief depression severity measure. Journal of General Internal Medicine, 16(9), 606–613.</bibliomixed>
      <bibliomixed id="ch0008s0009bib73">Silverman, J. J., Galanter, M., Jackson-Triche, M., Jacobs, D. G., Lomax, J. W. II, Riba, M. B., Tong, L. D., Watkins, K. E., Fochtmann, L. J., Rhoads, R. S., &amp; Yager, J. (2015). The American Psychiatric Association practice guidelines for the psychiatric evaluation of adults. The American Journal of Psychiatry, 172(8), 798–802.</bibliomixed>
      <bibliomixed id="ch0008s0009bib74">The Journal of Nervous and Mental Disease, 202https://​doi.​org/​10.​1097/​NMD.​0000000000000128​CrossrefPubMed</bibliomixed>
   </bibliography>
</sect1>