<?xml version="1.0" encoding="UTF-8"?>
<sect1 id="ch0004s0009" role="Heading">
   <sect1info>
      <risinfo>
         <risprev>sect1.9781071643624.ch0004s0008</risprev>
         <riscurrent>sect1.9781071643624.ch0004s0009</riscurrent>
         <risnext>sect1.9781071643624.</risnext>
         <booktitle>Diagnostic Interviewing</booktitle>
         <isbn>9781071643624</isbn>
         <chapternumber>4</chapternumber>
         <chapterid>ch0004</chapterid>
         <chaptertitle>3. Presenting Problem, History of Presenting Problem, and Social History</chaptertitle>
         <authorgroup>
            <author>
               <personname>
                  <firstname>Daniel L.</firstname>
                  <surname>Segal</surname>
               </personname>
            </author>
         </authorgroup>
         <publisher>
            <publishername>Springer US</publishername>
         </publisher>
         <pubdate>2025</pubdate>
      </risinfo>
      <primaryauthor>
         <personname>
            <firstname>Daniel L.</firstname>
            <surname>Segal</surname>
         </personname>
      </primaryauthor>
   </sect1info>
   <title>Summary and Conclusions</title>
   <para role="Para">Before concluding the interview, the clinician may want to follow up on any missing information to clarify or narrow down diagnostic hypotheses (e. g., has the client endorsed all necessary symptoms to meet the criteria for a hypothesized disorder) and inquire about any information gaps. Clients may be hesitant to disclose information early in the interview process but may feel more comfortable after some rapport has been developed. Providing space for the client to share any additional information may allow them to provide information they left out earlier in the process (e. g., “Have we covered everything you wanted me to know today,” “Is there anything else you would like to tell me?”). The clinician may also use the closing stage of the interview for one final exploration of the client’s secret questions (e. g., “After our discussion today, what are your thoughts about your symptoms and presenting problems?”). Before closing the interview, the clinician should take a few minutes to summarize the process and prepare the client for feedback. This is done by naming the presenting problem and the client’s reasons for seeking assessment, summarizing notable themes and issues, providing an early case formulation as appropriate, and scheduling future sessions.</para>
   <para role="Para FirstParaInFormalPara">We have no known conflicts of interest to disclose.</para>
   <sidebar id="ch0004s0009ad01">
      <para/>
   </sidebar>
   <bibliography id="ch0004s0009bib0025">
      <bibliomixed id="ch0004s0009bib01">Aafjes-van Doorn, K., Spina, D. S., Horne, S. J., &amp; Békés, V. (2024). The association between quality of therapeutic alliance and treatment outcomes in teletherapy: A systematic review and meta-analysis. Clinical Psychology Review, 110, 1–13.</bibliomixed>
      <bibliomixed id="ch0004s0009bib02">Abramson, L., Uzefovsky, F., Toccaceli, V., &amp; Knafo-Noam, A. (2020). The genetic and environmental origins of emotional and cognitive empathy: Review and meta-analyses of twin studies. Neuroscience &amp; Biobehavioral Reviews, 114, 113–133.</bibliomixed>
      <bibliomixed id="ch0004s0009bib03">Benjet, C., Bromet, E., Karam, E. G., Kessler, R. C., McLaughlin, K. A., Ruscio, A. M., Shahly, V., Stein, D. J., Petukhova, M., Hill, E., Alonso, J., Atwoli, L., Bunting, B., Bruffaerts, R., Caldas-de-Almeida, J. M., de Girolamo, G., Florescu, S., Gureje, O., Huang, Y., Lepine, J. P., et al. (2016). The epidemiology of traumatic event exposure worldwide: Results from the world mental health survey consortium. Psychological Medicine, 46(2), 327–343. CrossrefPubMed</bibliomixed>
      <bibliomixed id="ch0004s0009bib04">Ahn, L. H., Yee, S. E., Dixon, K. M., Kase, C. A., Sharma, R., &amp; Hill, C. E. (2021). Feeling offended by clients: The experiences of doctoral student therapists. Journal of Counseling Psychology, 68(2), 125–138.PubMed</bibliomixed>
      <bibliomixed id="ch0004s0009bib05">Crosswell, A. D., &amp; Lockwood, K. G. (2020). Best practices for stress measurement: How to measure psychological stress in health research. Health Psychology Open, 7(2), 2055102920933072. CrossrefPubMedPubMedCentral</bibliomixed>
      <bibliomixed id="ch0004s0009bib06">Americans’ Social Media Usehttps://​www.​pewresearch.​org/​internet/​2024/​01/​31/​americans-social-media-use/​</bibliomixed>
      <bibliomixed id="ch0004s0009bib07">American Psychiatric Association. (2013). Diagnostic and statistical manual of mental disorders (5th ed.). American Psychiatric Association.</bibliomixed>
      <bibliomixed id="ch0004s0009bib08">International Electronic Journal of Elementary Education, 10https://​doi.​org/​10.​26822/​iejee.​2018336189 Crossref</bibliomixed>
      <bibliomixed id="ch0004s0009bib09">Anderson, K. N., Bautista, C. L., &amp; Hope, D. A. (2019). Therapeutic alliance, cultural competence and minority status in premature termination of psychotherapy. American Journal of Orthopsychiatry, 89(1), 104–114.PubMed</bibliomixed>
      <bibliomixed id="ch0004s0009bib10">Koenen, K. C., Ratanatharathorn, A., Ng, L., McLaughlin, K. A., Bromet, E. J., Stein, D. J., Karam, E. G., Meron Ruscio, A., Benjet, C., Scott, K., Atwoli, L., Petukhova, M., Lim, C. C. W., Aguilar-Gaxiola, S., Al-Hamzawi, A., Alonso, J., Bunting, B., Ciutan, M., de Girolamo, G., Degenhardt, L., et al. (2017). Posttraumatic stress disorder in the world mental health surveys. Psychological Medicine, 47(13), 2260–2274. CrossrefPubMedPubMedCentral</bibliomixed>
      <bibliomixed id="ch0004s0009bib11">Moreno, M. A., Dixon, L. B., Jankowski, S., Adler, D. A., Berlant, J., Brunette, M. F., Castillo, E. G., Edwards, M. L., Erlich, M. D., First, M. B., Kozloff, N., Oslin, D., Siris, S., &amp; Talley, R. M. (2024). The need to adapt the psychiatric clinical assessment to the digital age: A practical approach. Psychiatric Services, 75, 929. CrossrefPubMed</bibliomixed>
      <bibliomixed id="ch0004s0009bib12">Banissy, M. J., Kanai, R., Walsh, V., &amp; Rees, G. (2012). Inter-individual differences in empathy are reflected in human brain structure. NeuroImage, 62(3), 2034–2039.PubMed</bibliomixed>
      <bibliomixed id="ch0004s0009bib13">Barnett, G., &amp; Mann, R. E. (2013). Empathy deficits and sexual offending: A model of obstacles to empathy. Aggression and Violent Behavior, 18(2), 228–239.</bibliomixed>
      <bibliomixed id="ch0004s0009bib14">Bell, K., Fahmy, E., &amp; Gordon, D. (2016). Quantitative conversations: The importance of developing rapport in standardised interviewing. Quality &amp; Quantity, 50(1), 193–212.</bibliomixed>
      <bibliomixed id="ch0004s0009bib15">Benjet, C., Bromet, E., Karam, E. G., Kessler, R. C., McLaughlin, K. A., Ruscio, A. M., Shahly, V., Stein, D. J., Petukhova, M., Hill, E., Alonso, J., Atwoli, L., Bunting, B., Bruffaerts, R., Caldas-de-Almeida, J. M., De Girolamo, G., Florescu, S., Gureje, O., Huang, Y., et al. (2016). The epidemiology of traumatic event exposure worldwide: Results from the world mental health survey consortium. Psychological Medicine, 46(2), 327–343.PubMed</bibliomixed>
      <bibliomixed id="ch0004s0009bib16">Ben-Porath, Y. S., &amp; Tellegen, A. (2020a). The Minnesota multiphasic personality Inventory-3: Manual for administration, scoring, and interpretation. University of Minnesota Press.</bibliomixed>
      <bibliomixed id="ch0004s0009bib17">Rush, J., Ong, A. D., Piazza, J. R., Charles, S. T., &amp; Almeida, D. M. (2024). Too little, too much, and “just right”: Exploring the “goldilocks zone” of daily stress reactivity. Emotion, 24, 1249. CrossrefPubMed</bibliomixed>
      <bibliomixed id="ch0004s0009bib18">Bistre, M., Juven-Wetzler, A., Argo, D., Barash, I., Katz, G., Teplitz, R., Said, M.-M., Kohn, Y., Linkovski, O., &amp; Eitan, R. (2022). Comparable reliability and acceptability of telepsychiatry and face-to-face psychiatric assessments in the emergency room setting. International Journal of Psychiatry in Clinical Practice, 26(3), 228–233.PubMed</bibliomixed>
      <bibliomixed id="ch0004s0009bib19">Brown, T. A., &amp; Barlow, D. H. (2014). Anxiety and related disorders interview schedule for DSM-5, adult and lifetime version: Clinician manual. Oxford University Press.</bibliomixed>
      <bibliomixed id="ch0004s0009bib20">Brown, D., Walker, D., &amp; Godden, E. (2021). Tele-forensic interviewing to elicit children’s evidence—Benefits, risks, and practical considerations. Psychology, Public Policy, and Law, 27(1), 17–29.</bibliomixed>
      <bibliomixed id="ch0004s0009bib21">Simone, S., &amp; Fulero, S. M. (2005). Tarasoff and the duty to protect. In S. F. Bucky, J. E. Callan, &amp; G. Stricker (Eds.), Ethical and legal issues for mental health professionals: A comprehensive handbook of principles and standards (pp. 145–168). Haworth Maltreatment and Trauma Press/The Haworth Press.</bibliomixed>
      <bibliomixed id="ch0004s0009bib22">Improving cultural competence. Treatment improvement protocol (TIP) series no. 59. HHS publication no. (SMA) 14-4849https://​store.​samhsa.​gov/​sites/​default/​files/​sma 14-4849.​pdf</bibliomixed>
      <bibliomixed id="ch0004s0009bib23">Results from the 2022 National Survey on Drug Use and Health: A companion infographic (SAMHSA Publication No. PEP34–07–01-007)https://​www.​samhsa.​gov/​data/​report/​2022-nsduh-infographic</bibliomixed>
      <bibliomixed id="ch0004s0009bib24">Davis, K. A., Zhao, F., Janis, R. A., Castonguay, L. G., Hayes, J. A., &amp; Scofield, B. E. (2024). Therapeutic alliance and clinical outcomes in teletherapy and in-person psychotherapy: A noninferiority study during the COVID-19 pandemic. Psychotherapy Research, 34(5), 589–600.PubMed</bibliomixed>
   </bibliography>
</sect1>