<?xml version="1.0" encoding="UTF-8"?>
<sect1 id="ch0018s0008" role="Heading">
   <sect1info>
      <risinfo>
         <risprev>sect1.9781071643624.ch0018s0007</risprev>
         <riscurrent>sect1.9781071643624.ch0018s0008</riscurrent>
         <risnext>sect1.9781071643624.</risnext>
         <booktitle>Diagnostic Interviewing</booktitle>
         <isbn>9781071643624</isbn>
         <chapternumber>18</chapternumber>
         <chapterid>ch0018</chapterid>
         <chaptertitle>16. Personality Disorders</chaptertitle>
         <authorgroup>
            <author>
               <personname>
                  <firstname>Daniel L.</firstname>
                  <surname>Segal</surname>
               </personname>
            </author>
         </authorgroup>
         <publisher>
            <publishername>Springer US</publishername>
         </publisher>
         <pubdate>2025</pubdate>
      </risinfo>
      <primaryauthor>
         <personname>
            <firstname>Daniel L.</firstname>
            <surname>Segal</surname>
         </personname>
      </primaryauthor>
   </sect1info>
   <title>Summary</title>
   <para role="Para">Personality disorders impact the way an individual thinks, feels, and behaves and are currently classified into ten distinct categories. However, the field largely is moving toward a dimensional classification of PDs, through the use of the AMPD, ICD-11, and/or HiTOP. Personality pathology can be assessed using a number of semi-structured interviews or self-report questionnaires. The shift toward dimensional models of personality pathology is accompanied by the ongoing development of assessment tools<indexterm significance="normal">
         <primary>tools</primary>
      </indexterm> aimed at capturing dimensional personality. Moving forward, the focus for dimensional models may be on demonstrating the clinical utility of these instruments. When making a personality disorder diagnosis it is critical to gather from multiple sources of information, assess the onset, course, duration, and severity of each symptom, as well as the context in which the symptoms present, the cultural context in which the symptoms occur, and the client’s personal and family medical history. The impact of identity such as sexual orientation, sex and gender expression, race and ethnicity, cultural background, and age also should be carefully<indexterm significance="normal">
         <primary>carefully</primary>
      </indexterm>considered.</para>
   <sidebar id="ch0018s0008ad01">
      <para/>
   </sidebar>
   <bibliography id="ch0018s0008bib0058">
      <bibliomixed id="ch0018s0008bib01">Al-Dajani, N., Gralnick, T. M., &amp; Bagby, R. M. (2016). A psychometric review of the personality inventory for DSM–5 (PID–5): Current status and future directions. Journal of Personality Assessment, 98(1), 62–81.PubMed</bibliomixed>
      <bibliomixed id="ch0018s0008bib02">Diagnostic and statistical manual of mental disorders</bibliomixed>
      <bibliomixed id="ch0018s0008bib03">American Psychiatric Association (Ed.). (2013). Diagnostic and statistical manual of mental disorders (5th ed.). American Psychiatric Association.</bibliomixed>
      <bibliomixed id="ch0018s0008bib04">Bach, B., &amp; Mulder, R. (2022). Clinical implications of ICD-11 for diagnosing and treating personality disorders. Current Psychiatry Reports, 24(10), 553–563.PubMed</bibliomixed>
      <bibliomixed id="ch0018s0008bib05">Bagby, R. M., &amp; Widiger, T. A. (2018). Five factor model personality disorder scales: An introduction to a special section on assessment of maladaptive variants of the five factor model. Psychological Assessment, 30(1), 1–9.PubMed</bibliomixed>
      <bibliomixed id="ch0018s0008bib06">Balaratnasingam, S., &amp; Janca, A. (2017). Culture and personality disorder: A focus on indigenous Australians. Current Opinion in Psychiatry, 30(1), 31–35.PubMed</bibliomixed>
      <bibliomixed id="ch0018s0008bib07">Structured clinical interview for the DSM-5 alternative model for personality disorders (SCID-5-AMPD) module I level of personality functioning scale</bibliomixed>
      <bibliomixed id="ch0018s0008bib08">Bender, D. S., Skodol, A. E., First, M. B., &amp; Oldham, J. M. (2018). Structured clinical interview for the DSM-5 alternative model for personality disorders (SCID-5-AMPD) module I level of personality functioning scale. American Psychiatric Association Publishing.</bibliomixed>
      <bibliomixed id="ch0018s0008bib09">Buer Christensen, T., Eikenaes, I., Hummelen, B., Pedersen, G., Nysæter, T.-E., Bender, D. S., et al. (2020). Level of personality functioning as a predictor of psychosocial functioning—concurrent validity of Criterion A. Personality Disorders, Theory, Research, and Treatment, 11, 79–90.</bibliomixed>
      <bibliomixed id="ch0018s0008bib10">Busmann, M., Wrege, J., Meyer, A. H., Ritzler, F., Schmidlin, M., Lang, U. E., et al. (2019). Alternative model of personality disorders (DSM-5) predicts dropout in inpatient psychotherapy for patients with personality disorders. Frontiers in Psychology, 10, 952.PubMedPubMedCentral</bibliomixed>
      <bibliomixed id="ch0018s0008bib11">The structured interview for personality organization-revised (STIPO-R)www.​borderlinedisord​ers.​com</bibliomixed>
      <bibliomixed id="ch0018s0008bib12">Clarkin, J. F., Caligor, E., Stern, B., &amp; Kernberg, O. F. (2016). The structured interview for personality organization-revised (STIPO-R). Weill Cornell Medical College.</bibliomixed>
      <bibliomixed id="ch0018s0008bib13">Dupree, J., South, S. C., &amp; Oltmanns, T. F. (2023). Late onset personality disorders in mid-life and older adults. Journal of Personality Disorders, 37(3), 304–316.PubMed</bibliomixed>
      <bibliomixed id="ch0018s0008bib14">Eaton, N. R., &amp; Greene, A. L. (2018). Personality disorders: Community prevalence and socio-demographic correlates. Current Opinion in Psychology, 21, 28–32.PubMed</bibliomixed>
      <bibliomixed id="ch0018s0008bib15">Journal of Geriatric Psychiatry and Neurology, 30 PubMed</bibliomixed>
      <bibliomixed id="ch0018s0008bib16">Grant, B. F., Chou, S. P., Goldstein, R. B., Huang, B., Stinson, F. S., Saha, T. D., Smith, S. M., Dawson, D. A., Pulay, A. J., Pickering, R. P., &amp; Ruan, W. J. (2008). Prevalence, correlates, disability, and comorbidity of DSM-IV borderline personality disorder: Results from the Wave 2 National Epidemiologic Survey on Alcohol and Related Conditions. Journal of Clinical Psychiatry, 69, 533.PubMed</bibliomixed>
      <bibliomixed id="ch0018s0008bib17">Holzer, K. J., &amp; Vaughn, M. G. (2017). Antisocial personality disorder in older adults: A critical review. Journal of Geriatric Psychiatry and Neurology, 30(6), 291–302.PubMed</bibliomixed>
      <bibliomixed id="ch0018s0008bib18">Hossain, A., Malkov, M., Lee, T., &amp; Bhui, K. (2018). Ethnic variation in personality disorder: Evaluation of 6 years of hospital admissions. BJPsych Bulletin, 42(4), 157–161.PubMedPubMedCentral</bibliomixed>
      <bibliomixed id="ch0018s0008bib19">Huang, B., Grant, B. F., Dawson, D. A., Stinson, F. S., Chou, S. P., Saha, T. D., &amp; Pickering, R. P. (2006). Race-ethnicity and the prevalence and co-occurrence of Diagnostic and Statistical Manual of Mental Disorders, alcohol and drug use disorders and Axis I and II disorders: United States, 2001 to 2002. Comprehensive Psychiatry, 47(4), 252–257.PubMed</bibliomixed>
      <bibliomixed id="ch0018s0008bib20">Huprich, S. K., Bornstein, R. F., &amp; Schmitt, T. A. (2011). Self-report methodology is insufficient for improving the assessment and classification of Axis II personality disorders. Journal of Personality Disorders, 25(5), 557–570.PubMed</bibliomixed>
      <bibliomixed id="ch0018s0008bib21">Hyler, S. E. (1994). Personality diagnostic questionnaire-4. New York State Psychiatric Institute.</bibliomixed>
      <bibliomixed id="ch0018s0008bib22">Kotov, R., Krueger, R. F., Watson, D., Achenbach, T. M., Althoff, R. R., Bagby, R. M., Brown, T. A., Carpenter, W. T., Caspi, A., Clark, L. A., Eaton, N. R., Forbes, M. K., Forbush, K. T., Goldberg, D., Hasin, D., Hyman, S. E., Ivanova, M. Y., Lynam, D. R., Markon, K., &amp; Zimmerman, M. (2017). The hierarchical taxonomy of psychopathology (HiTOP): A dimensional alternative to traditional nosologies. Journal of Abnormal Psychology, 126(4), 454–477.PubMed</bibliomixed>
      <bibliomixed id="ch0018s0008bib23">Krueger, R. F., Derringer, J., Markon, K. E., Watson, D., &amp; Skodol, A. E. (2012). Initial construction of a maladaptive personality trait model and inventory for DSM-5. Psychological Medicine, 42(9), 1879–1890.PubMed</bibliomixed>
      <bibliomixed id="ch0018s0008bib24">Loranger, A. W. (1999). International personality disorder examination: IPDE; DSM-IV and ICD-10; interviews. PAR.</bibliomixed>
      <bibliomixed id="ch0018s0008bib25">Loranger, A. W. (2001). OMNI personality inventories: Professional manual: OMNI personality inventory OMNI-IV personality disorder inventory. Psychological Assessment Resources.</bibliomixed>
      <bibliomixed id="ch0018s0008bib26">McCrae, R. R., Stone, S. V., Fagan, P. J., &amp; Costa, P. T. (1998). Identifying causes of disagreement between self-reports and spouse ratings of personality. Journal of Personality, 66, 285–313.PubMed</bibliomixed>
      <bibliomixed id="ch0018s0008bib27">McGilloway, A., Hall, R. E., Lee, T., &amp; Bhui, K. S. (2010). A systematic review of personality disorder, race and ethnicity: Prevalence, aetiology and treatment. BMC Psychiatry, 10, 1–14.</bibliomixed>
      <bibliomixed id="ch0018s0008bib28">The use of psychological testing for treatment planning and outcomes assessment: Instruments for adults</bibliomixed>
      <bibliomixed id="ch0018s0008bib29">Miller, J. D., &amp; Lynam, D. R. (2015). Using self- and informant reports in the assessment of personality pathology in clinical settings—An easy and effective 1–2 combination: Science and practice. Clinical Psychology, 22(1), 20–24.</bibliomixed>
      <bibliomixed id="ch0018s0008bib30">Frontiers in Sociology, 7 PubMedPubMed Central</bibliomixed>
      <bibliomixed id="ch0018s0008bib31">Morey, L. C. (2004). The personality assessment inventory (PAI). In M. E. Maruish (Ed.), The use of psychological testing for treatment planning and outcomes assessment: Instruments for adults (3rd ed., pp. 509–551). Lawrence Erlbaum Associates Publishers.</bibliomixed>
      <bibliomixed id="ch0018s0008bib32">Morey, L. C., Bender, D. S., &amp; Skodol, A. E. (2013). Validating the proposed diagnostic and statistical manual of mental disorders, 5th edition, severity indicator for personality disorder. Journal of Nervous and Mental Disease, 201(9), 729–735.PubMed</bibliomixed>
      <bibliomixed id="ch0018s0008bib33">Munson, K. A., Janney, C. A., Goodwin, K., &amp; Nagalla, M. (2022). Cultural representations of borderline personality disorder. Frontiers in Sociology, 7, 832497.PubMedPubMedCentral</bibliomixed>
      <bibliomixed id="ch0018s0008bib34">Olajide, K., Munjiza, J., Moran, P., O’Connell, L., Newton-Howes, G., Bassett, P., &amp; Crawford, M. J. (2018). Development and psychometric properties of the standardized assessment of severity of personality disorder (SASPD). Journal of Personality Disorders, 32(1), 44–56.PubMed</bibliomixed>
      <bibliomixed id="ch0018s0008bib35">Oltmanns, J. R., &amp; Widiger, T. A. (2018). A self-report measure for the ICD-11 dimensional trait model proposal: The personality inventory for ICD-11. Psychological Assessment, 30(2), 154–169.PubMed</bibliomixed>
      <bibliomixed id="ch0018s0008bib36">Assessment, 30 PubMedPubMed Central</bibliomixed>
      <bibliomixed id="ch0018s0008bib37">Oltmanns, T. F., &amp; Turkheimer, E. (2006). Perceptions of self and others regarding pathological personality traits. In R. F. Krueger &amp; J. L. Tackett (Eds.), Personality and psychopathology (pp. 71–111). Guilford Press.</bibliomixed>
      <bibliomixed id="ch0018s0008bib38">Pan, B., &amp; Wang, W. (2024). Practical implications of ICD-11 personality disorder classifications. BMC Psychiatry, 24(1), 191.PubMedPubMedCentral</bibliomixed>
      <bibliomixed id="ch0018s0008bib39">Reichborn-Kjennerud, T. (2010). The genetic epidemiology of personality disorders. Dialogues in Clinical Neuroscience, 12(1), 103–114.PubMedPubMedCentral</bibliomixed>
      <bibliomixed id="ch0018s0008bib40">Ringwald, W. R., Emery, L., Khoo, S., Clark, L. A., Kotelnikova, Y., Scalco, M. D., Watson, D., Wright, A. G. C., &amp; Simms, L. J. (2023). Structure of pathological personality traits through the lens of the CAT-PD model. Assessment, 30(7), 2276–2295.PubMedPubMedCentral</bibliomixed>
      <bibliomixed id="ch0018s0008bib41">Rodriguez-Seijas, C., Morgan, T. A., &amp; Zimmerman, M. (2021). Is there a bias in the diagnosis of borderline personality disorder among lesbian, gay, and bisexual patients? Assessment, 28(3), 724–738.PubMed</bibliomixed>
      <bibliomixed id="ch0018s0008bib42">Samuel, D. B., &amp; Widiger, T. A. (2009). Comparative gender biases in models of personality disorder. Personality and Mental Health, 3(1), 12–25.</bibliomixed>
      <bibliomixed id="ch0018s0008bib43">Segal, D. L., Coolidge, F. L., &amp; Rosowsky, E. (2006). Personality disorders and older adults: Diagnosis, assessment, and treatment. Wiley.</bibliomixed>
      <bibliomixed id="ch0018s0008bib44">Structured clinical interview for the DSM-5 alternative model for personality disorders (SCID-5-AMPD) module II personality traits</bibliomixed>
      <bibliomixed id="ch0018s0008bib45">Sher, L., Rutter, S. B., New, A. S., Siever, L. J., &amp; Hazlett, E. A. (2019). Gender differences and similarities in aggression, suicidal behaviour, and psychiatric comorbidity in borderline personality disorder. Acta Psychiatrica Scandinavica, 139(2), 145–153.PubMed</bibliomixed>
      <bibliomixed id="ch0018s0008bib46">Sher, L., Siever, L. J., Goodman, M., McNamara, M., Hazlett, E. A., Koenigsberg, H. W., &amp; New, A. S. (2015). Gender differences in the clinical characteristics and psychiatric comorbidity in patients with antisocial personality disorder. Psychiatry Research, 229(3), 685–689.PubMed</bibliomixed>
      <bibliomixed id="ch0018s0008bib47">Journal of Personality Disorders, 28 PubMedPubMed Central</bibliomixed>
      <bibliomixed id="ch0018s0008bib48">Simms, L. J., Goldberg, L. R., Roberts, J. E., Watson, D., Welte, J., &amp; Rotterman, J. H. (2011). Computerized adaptive assessment of personality disorder: Introducing the CAT-PD project. Journal of Personality Assessment, 93(4), 380–389.PubMedPubMedCentral</bibliomixed>
      <bibliomixed id="ch0018s0008bib49">Skodol, A. E., First, M. B., Bender, D. S., &amp; Oldham, J. M. (2018). Structured clinical interview for the DSM-5 alternative model for personality disorders (SCID-5-AMPD) module II personality traits. American Psychiatric Association.</bibliomixed>
      <bibliomixed id="ch0018s0008bib50">Stone, L. E., Hurd, J. A., &amp; Segal, D. L. (2023). The alternative model of personality disorders, trauma, and aging: Relationships with post-traumatic stress symptoms and the effect of cumulative trauma exposure. Psychiatry Research Communications, 3, 100106.</bibliomixed>
      <bibliomixed id="ch0018s0008bib51">Swales, M. A. (2022). Personality disorder diagnoses in ICD-11: Transforming conceptualisations and practice. Clinical Psychology in Europe, 4, e9635.PubMedPubMedCentral</bibliomixed>
      <bibliomixed id="ch0018s0008bib52">Tomko, R. L., Trull, T. J., Wood, P. K., &amp; Sher, K. J. (2014). Characteristics of borderline personality disorder in a community sample: Comorbidity, treatment utilization, and general functioning. Journal of Personality Disorders, 28(5), 734–750.PubMedPubMedCentral</bibliomixed>
      <bibliomixed id="ch0018s0008bib53">Tragesser, S. L., Solhan, M., Brown, W. C., Tomko, R. L., Bagge, C., &amp; Trull, T. J. (2010). Longitudinal associations in borderline personality disorder features: Diagnostic interview for borderlines-revised (DIB-R) scores over time. Journal of Personality Disorders, 24(3), 377–391.PubMedPubMedCentral</bibliomixed>
      <bibliomixed id="ch0018s0008bib54">Tyrer, P., Reed, G. M., &amp; Crawford, M. J. (2015). Classification, assessment, prevalence, and effect of personality disorder. The Lancet, 385(9969), 717–726.</bibliomixed>
      <bibliomixed id="ch0018s0008bib55">Widiger, T. A., Livesley, W. J., &amp; Clark, L. A. (2009). An integrative dimensional classification of personality disorder. Psychological Assessment, 21(3), 243.PubMed</bibliomixed>
      <bibliomixed id="ch0018s0008bib56">Widiger, T. A., Lynam, D. R., Miller, J. D., &amp; Oltmanns, T. F. (2012). Measures to assess maladaptive variants of the five-factor model. Journal of Personality Assessment, 94, 450–455. CrossrefPubMed</bibliomixed>
      <bibliomixed id="ch0018s0008bib57">Widiger, T. A., &amp; Samuel, D. B. (2005). Evidence-based assessment of personality disorders. Psychological Assessment, 17(3), 278.PubMed</bibliomixed>
   </bibliography>
</sect1>