<?xml version="1.0" encoding="UTF-8"?>
<sect1 id="ch0017s0009">
   <sect1info>
      <risinfo>
         <risprev>sect1.9781071643624.</risprev>
         <riscurrent>sect1.9781071643624.ch0017s0009</riscurrent>
         <risnext>sect1.9781071643624.ch0017s0001</risnext>
         <booktitle>Diagnostic Interviewing</booktitle>
         <isbn>9781071643624</isbn>
         <chapternumber>17</chapternumber>
         <chapterid>ch0017</chapterid>
         <chaptertitle>15. Substance Use Disorders</chaptertitle>
         <authorgroup>
            <author>
               <personname>
                  <firstname>Daniel L.</firstname>
                  <surname>Segal</surname>
               </personname>
            </author>
         </authorgroup>
         <publisher>
            <publishername>Springer US</publishername>
         </publisher>
         <pubdate>2025</pubdate>
      </risinfo>
      <primaryauthor>
         <personname>
            <firstname>Daniel L.</firstname>
            <surname>Segal</surname>
         </personname>
      </primaryauthor>
   </sect1info>
   <title>15. Substance Use Disorders</title>
   <para>D. L. Segal<emphasis role="CollaboratorDesignation"> (ed.)</emphasis>
      <emphasis role="BookTitle">Diagnostic Interviewing</emphasis>
      <ulink url="https://doi.org/10.1007/978-1-0716-4362-4_15">https://doi. org/10.1007/978-1-0716-4362-4_15</ulink>
      <emphasis role="AuthorName">Louisa Kane</emphasis>
      <superscript>1</superscript>, <emphasis role="AuthorName">Catherine E. Paquette</emphasis>
      <superscript>2</superscript> and <emphasis role="AuthorName">Stacey B. Daughters</emphasis>
      <superscript>1 <emphasis>ContactOf Author 3</emphasis>
      </superscript>(1)(2)Stacey B. Daughters Email:</para>
   <keywordset>
      <keyword>Substance use disorder</keyword>
      <keyword>Alcohol</keyword>
      <keyword>Drug</keyword>
      <keyword>Assessment</keyword>
      <keyword>Interview</keyword>
      <keyword>Dimensional</keyword>
   </keywordset>
   <para role="Para">In this chapter,we<indexterm significance="normal">
         <primary>we</primary>
      </indexterm> present a framework for the assessment and diagnosis of substance use disorders (SUDs)<indexterm significance="normal">
         <primary>substance use disorders (SUDs)</primary>
      </indexterm> with an emphasis on integrating a dimensional approach into the categorical system that historically underlies established diagnostic interviewing tools. Supplementing categorical diagnoses with dimensional tools allows for a more nuanced clinical picture than simply determining whether an individual meets the criterion for an SUD, providing information on substance use frequency, degree, and function, associated impairment, and co-occurring symptomatology. The goal is to develop an individualized treatment plan that targets the functional underpinnings of substance use and associated psychological symptoms. This chapter can be used as a clinical tool for the assessment of substance use at multiple stages (screening, treatment referral, planning), encompassing a broad scope beyond traditional methods of categorical diagnosis.</para>
</sect1>