<?xml version="1.0" encoding="UTF-8"?>
<sect1 id="ch0014s0008" role="Heading">
   <sect1info>
      <risinfo>
         <risprev>sect1.9781071643624.ch0014s0007</risprev>
         <riscurrent>sect1.9781071643624.ch0014s0008</riscurrent>
         <risnext>sect1.9781071643624.</risnext>
         <booktitle>Diagnostic Interviewing</booktitle>
         <isbn>9781071643624</isbn>
         <chapternumber>14</chapternumber>
         <chapterid>ch0014</chapterid>
         <chaptertitle>12. Somatic Symptom and Related Disorders</chaptertitle>
         <authorgroup>
            <author>
               <personname>
                  <firstname>Daniel L.</firstname>
                  <surname>Segal</surname>
               </personname>
            </author>
         </authorgroup>
         <publisher>
            <publishername>Springer US</publishername>
         </publisher>
         <pubdate>2025</pubdate>
      </risinfo>
      <primaryauthor>
         <personname>
            <firstname>Daniel L.</firstname>
            <surname>Segal</surname>
         </personname>
      </primaryauthor>
   </sect1info>
   <title>Summary</title>
   <para role="Para">Somatic Symptoms and Related Disorders are a very heterogeneous group of mental disorders. They include disorders characterized by persistent somatic symptoms with associated distress and disability (SSD, FNSD), by a cognitive preoccupation of having or gaining a somatic condition (IAD), by psychological factors that impact the onset and perpetuation of somatic symptoms (PFAOMC), or by induced somatic or mental symptoms (FD). Compared to other mental disorders, it is important to consider that SSRD are phenomena in the intersection between medicine, psychology, and other healthcare disciplines. That makes the diagnostic process unique compared to other disorders, and in addition to the application of common diagnostic tools in mental health (e. g., structured interviews, self-report, and observational tools), it is important to establish a collaborative relationship with your patient’s other healthcare providers. If possible and if time is given, the diagnostician should involve also informants from the patient’s environment.</para>
   <sidebar id="ch0014s0008ad01">
      <para/>
   </sidebar>
   <bibliography id="ch0014s0008bib0068">
      <bibliomixed id="ch0014s0008bib01">American Psychiatric Association. (2000). Diagnostic and statistical manual for mental disorders, fourth edition, text revision. American Psychiatric Press.Crossref</bibliomixed>
      <bibliomixed id="ch0014s0008bib02">American Psychiatric Association. (2013). Diagnostic and statistical manual of mental disorders, fifth edition (DSM-5). American Psychiatric Association.Crossref</bibliomixed>
      <bibliomixed id="ch0014s0008bib03">American Psychiatric Association. (2022). Diagnostic and statistical manual of mental disorders, fifth edition, text revision (DSM-5-TR). American Psychiatric Association.Crossref</bibliomixed>
      <bibliomixed id="ch0014s0008bib04">Asmundson, G. J. G., Carleton, R. N., Bovell, C. V., &amp; Taylor, S. (2008). Comparison of unitary and multidimensional models of the Whiteley Index in a nonclinical sample: Implications for understanding and assessing health anxiety. Journal of Cognitive Psychotherapy, 22(2), 87–96. Crossref</bibliomixed>
      <bibliomixed id="ch0014s0008bib05">Beecham, J., Knapp, M., McGilloway, S., Donnelly, M., Kavanagh, S., Fenyo, A., &amp; Mays, N. (1997). The cost-effectiveness of community care for adults with learning disabilities leaving long-stay hospital in Northern Ireland. Journal of Intellectual Disability Research, 41, 30–41. CrossrefPubMed</bibliomixed>
      <bibliomixed id="ch0014s0008bib06">Bengtsson, M., Ohlsson, B., &amp; Ulander, K. (2007). Development and psychometric testing of the Visual Analogue Scale for Irritable Bowel Syndrome (VAS-IBS). BMC Gastroenterology, 7, 16. CrossrefPubMedPubMedCentral</bibliomixed>
      <bibliomixed id="ch0014s0008bib07">The GI symptom diary: How to tell if the patient is improving irritable bowel syndrome: Psychosocial assessment and treatmenthttps://​doi.​org/​10.​1037/​10393-004 Crossref</bibliomixed>
      <bibliomixed id="ch0014s0008bib08">Broadbent, E., Petrie, K. J., Main, J., &amp; Weinman, J. (2006). The Brief Illness Perception Questionnaire. Journal of Psychosomatic Research, 60(6), 631–637. CrossrefPubMed</bibliomixed>
      <bibliomixed id="ch0014s0008bib09">Brown, T. A., &amp; Barlow, D. H. (2014). Anxiety and Related Disorders Interview Schedule for DSM-5 (ADIS-5). Oxford University Press.</bibliomixed>
      <bibliomixed id="ch0014s0008bib10">Burkitt, C., Breau, L. M., Salsman, S., Sarsfield Turner, T., &amp; Mullan, R. (2009). Pilot study of the feasibility of the non-communicating children’s pain checklist—Revised for pain assessment in adults with intellectual disabilities. Journal of Pain Management, 2, 116–120.</bibliomixed>
      <bibliomixed id="ch0014s0008bib11">Chalder, T., Berelowitz, G., Pawlikowska, T., Watts, L., Wessely, S., Wright, D., &amp; Wallace, E. P. (1993). Development of a Fatigue Scale. Journal of Psychosomatic Research, 37(2), 147–153. CrossrefPubMed</bibliomixed>
      <bibliomixed id="ch0014s0008bib12">Committee on the Diagnostic Criteria for Myalgic Encephalomyelitis/Chronic Fatigue Syndrome. (2015). Beyond myalgic encephalomyelitis/chronic fatigue syndrome. Redefining and illness. The National Academies Press.</bibliomixed>
      <bibliomixed id="ch0014s0008bib13">Eccleston, C., Jordan, A., McCracken, L. M., Sleed, M., Connell, H., &amp; Clinch, J. (2005). The Bath Adolescent Pain Questionnaire (BAPQ): Development and preliminary psychometric evaluation of an instrument to assess the impact of chronic pain on adolescents. Pain, 118(1–2), 263–270. CrossrefPubMed</bibliomixed>
      <bibliomixed id="ch0014s0008bib14">Espay, A. J., Aybek, S., Carson, A., Edwards, M. J., Goldstein, L. H., Hallett, M., LaFaver, K., LaFrance, W. C., Jr., Lang, A. E., Nicholson, T., Nielsen, G., Reuber, M., Voon, V., Stone, J., &amp; Morgante, F. (2018). Current concepts in diagnosis and treatment of functional neurological disorders. JAMA Neurology, 75(9), 1132–1141. CrossrefPubMedPubMedCentral</bibliomixed>
      <bibliomixed id="ch0014s0008bib15">Farooq, S., Gahir, M. S., Okyere, E., Sheikh, A. J., &amp; Oyebode, F. (1995). Somatization: A transcultural study. Journal of Psychosomatic Research, 39(7), 883–888. CrossrefPubMed</bibliomixed>
      <bibliomixed id="ch0014s0008bib16">Feinstein, A. (2018). Conversion disorder. Continuum, 24(3, Behavioral Neurology and Psychiatry), 861–872.PubMed</bibliomixed>
      <bibliomixed id="ch0014s0008bib17">First, M. B., Williams, J. B. W., Karg, R. S., &amp; Spitzer, R. L. (2015). Structured Clinical Interview for DSM-5—Research Version (SCID-5-RV). American Psychiatric Association.</bibliomixed>
      <bibliomixed id="ch0014s0008bib18">First, M. B., Williams, J. B. W., Karg, R. S., &amp; Spitzer, R. L. (2016). Structured Clinical Interview for DSM-5 disorders. SCID-5-CV. Clinical Version User’s Guide. American Psychiatric Assocation.</bibliomixed>
      <bibliomixed id="ch0014s0008bib19">Galvin, H. K., Newton, A. W., &amp; Vandeven, A. M. (2005). Update on Munchausen syndrome by proxy. Current Opinion in Psychiatry, 17(2), 252–257. Crossref</bibliomixed>
      <bibliomixed id="ch0014s0008bib20">Graham, H. K., Harvey, A., Rodda, J., Nattrass, G. R., &amp; Pirpiris, M. (2004). The Functional Mobility Scale (FMS). Journal of Pediatric Orthopaedics, 24(5), 514–520. CrossrefPubMed</bibliomixed>
      <bibliomixed id="ch0014s0008bib21">Hausteiner-Wiehle, C., &amp; Hungerer, S. (2020). Factitious disorders in everyday clinical practice. Deutsches Ärzteblatt International, 117(26), 452. CrossrefPubMedPubMedCentral</bibliomixed>
      <bibliomixed id="ch0014s0008bib22">Henningsen, P., Zipfel, S., Sattel, H., &amp; Creed, F. (2018). Management of functional somatic syndromes and bodily distress. Psychotherapy and Psychosomatics, 87(1), 12–31. CrossrefPubMed</bibliomixed>
      <bibliomixed id="ch0014s0008bib23">Hester, N. K. (1979). The preoperational child’s reaction to immunization. Nursing Research, 28(4), 250–255. Retrieved from PubMed</bibliomixed>
      <bibliomixed id="ch0014s0008bib24">Hiller, W., Rief, W., &amp; Brähler, E. (2006). Somatization in the population: From mild bodily misperceptions to disabling symptoms. Social Psychiatry and Psychiatric Epidemiology, 41(9), 704–712. CrossrefPubMed</bibliomixed>
      <bibliomixed id="ch0014s0008bib25">Jacobi, F., Wittchen, H. U., Holting, C., Hofler, M., Pfister, H., Muller, N., &amp; Lieb, R. (2004). Prevalence, co-morbidity and correlates of mental disorders in the general population: Results from the German Health Interview and Examination Survey (GHS). Psychological Medicine, 34(4), 597–611. CrossrefPubMed</bibliomixed>
      <bibliomixed id="ch0014s0008bib26">Kellner, R. (1986). Somatization and hypochondriasis. Praeger-Greenwood Publishers.</bibliomixed>
      <bibliomixed id="ch0014s0008bib27">Kerns, R. D., Rosenberg, R., Jamison, R. N., Caudill, M. A., &amp; Haythornthwaite, J. (1997). Readiness to adopt a self-management approach to chronic pain: The pain stages of change questionnaire (PSOCQ). Pain, 72(1–2), 227–234. CrossrefPubMed</bibliomixed>
      <bibliomixed id="ch0014s0008bib28">Kleinstäuber, M., Garland, E., Bannon, B., Sanyer, M., Corfe-Tan, J., &amp; Barke, A. (2024). Endorsing a biopsychosocial perspective of pain in individuals with chronic pain: Development and validation of scale. The Clinical Journal of Pain, 40(1), 35–45. CrossrefPubMed</bibliomixed>
      <bibliomixed id="ch0014s0008bib29">Kori, S. H., Miller, R. P., &amp; Todd, D. D. (1990). Kinesiophobia: A new view of chronic pain behavior. Pain Management, 3, 35–43.</bibliomixed>
      <bibliomixed id="ch0014s0008bib30">Kroenke, K., Spitzer, R. L., &amp; Williams, J. B. W. (2002). The PHQ-15: Validity of a new measure for evaluating the severity of somatic symptoms. Psychosomatic Medicine, 64(2), 258–266. CrossrefPubMed</bibliomixed>
      <bibliomixed id="ch0014s0008bib31">Lacy, B. E., Mearin, F., Chang, L., Chey, W. D., Lembo, A. J., Simren, M., &amp; Spiller, R. (2016). Bowel disorders [Article]. Gastroenterology, 150(6), 1393–1407. Crossref</bibliomixed>
      <bibliomixed id="ch0014s0008bib32">Lalloo, C., &amp; Stinson, J. N. (2014). Assessment and treatment of pain in children and adolescents. Best Practice &amp; Research Clinical Rheumatology, 28(2), 315–330. Crossref</bibliomixed>
      <bibliomixed id="ch0014s0008bib33">Leiknes, K. A., Finset, A., Moum, T., &amp; Sandanger, I. (2007). Current somatoform disorders in Norway: Prevalence, risk factors and comorbidity with anxiety, depression and musculoskeletal disorders. Social Psychiatry and Psychiatric Epidemiology, 42(9), 698–710. CrossrefPubMed</bibliomixed>
      <bibliomixed id="ch0014s0008bib34">Lovibond, S. H., &amp; Lovibond, P. F. (1995). Manual for the Depression Anxiety Stress Scales (2nd ed.). Psychology Foundation.</bibliomixed>
      <bibliomixed id="ch0014s0008bib35">McGrath, P. J., Walco, G. A., Turk, D. C., Dworkin, R. H., Brown, M. T., Davidson, K., Eccleston, C., Finley, G. A., Goldschneider, K., Haverkos, L., Hertz, S. H., Ljungman, G., Palermo, T., Rappaport, B. A., Rhodes, T., Schechter, N., Scott, J., Sethna, N., Svensson, O. K., et al. (2008). Core outcome domains and measures for pediatric acute and chronic/recurrent pain clinical trials: PedIMMPACT recommendations. Journal of Pain, 9(9), 771–783. Retrieved from CrossrefPubMed</bibliomixed>
      <bibliomixed id="ch0014s0008bib36">Miller, W. R., &amp; Rollnick, S. (2023). Motivational interviewing. Helping people change and grow (4th ed.). The Guilford Press.</bibliomixed>
      <bibliomixed id="ch0014s0008bib37">Nicholas, M. K. (2007). The pain self-efficacy questionnaire: Taking pain into account. European Journal of Pain, 11(2), 153–163. CrossrefPubMed</bibliomixed>
      <bibliomixed id="ch0014s0008bib38">Nielsen, G., Ricciardi, L., Meppelink, A. M., Holt, K., Teodoro, T., &amp; Edwards, M. (2017). A simplified version of the Psychogenic Movement Disorders Rating Scale: The Simplified Functional Movement Disorders Rating Scale (S-FMDRS). Movement Disorders Clinical Practice, 4(5), 710–716. CrossrefPubMedPubMedCentral</bibliomixed>
      <bibliomixed id="ch0014s0008bib39">Oliveira, C. B., Franco, M. R., Demarchi, S. J., Smeets, R., Huijnen, I. P. J., Morelhao, P. K., Hisamatsu, T. M., &amp; Pinto, R. Z. (2018). Psychometric properties of the photograph series of daily activities-short electronic version (PHODA-SeV) in patients with chronic low back pain. Journal of Orthopaedic &amp; Sports Physical Therapy, 48(9), 719–727. Crossref</bibliomixed>
      <bibliomixed id="ch0014s0008bib40">Osorio, F. L., Loureiro, S. R., Hallak, J. E. C., Machado-de-Sousa, J. P., Ushirohira, J. M., Baes, C. V. W., Apolinario, T. D., Donadon, M. F., Bolsoni, L. M., Guimaraes, T., Fracon, V. S., Silva-Rodrigues, A. P. C., Pizeta, F. A., Souza, R. M., Sanches, R. F., Dos Santos, R. G., Martin-Santos, R., &amp; Crippa, J. A. S. (2019). Clinical validity and intrarater and test-retest reliability of the Structured Clinical Interview for DSM-5-Clinician Version (SCID-5-CV). Psychiatry and Clinical Neurosciences, 73(12), 754–760. CrossrefPubMed</bibliomixed>
      <bibliomixed id="ch0014s0008bib41">Piccinelli, M., &amp; Simon, G. (1997). Gender and cross-cultural differences in somatic symptoms associated with emotional distress. An international study in primary care. Psychological Medicine, 27(2), 433–444. CrossrefPubMed</bibliomixed>
      <bibliomixed id="ch0014s0008bib42">Porcelli, P., &amp; Sonino, N. (2007). Psychological factors affecting medical conditions: A new classification for DSM-5. Karger.Crossref</bibliomixed>
      <bibliomixed id="ch0014s0008bib43">Posner, K., Brown, G. K., Stanley, B., Brent, D. A., Yershova, K. V., Oquendo, M. A., Currier, G. W., Melvin, G. A., Greenhill, L., Shen, S., &amp; Mann, J. J. (2011). The Columbia-Suicide Severity Rating Scale: Initial validity and internal consistency findings from three multisite studies with adolescents and adults. American Journal of Psychiatry, 168(12), 1266–1277. CrossrefPubMed</bibliomixed>
      <bibliomixed id="ch0014s0008bib44">Richardson, M., Cathro, M., &amp; Kleinstäuber, M. (2023). Nocebo Hypothesis Cognitive Behavioural Therapy (NH-CBT) for non-epileptic seizures: A consecutive case series. Behavioral and Cognitive Psychotherapy, 52, 356. Crossref</bibliomixed>
      <bibliomixed id="ch0014s0008bib45">Rief, W., Ihle, D., &amp; Pilger, F. (2003). A new approach to assess illness behaviour. Journal of Psychosomatic Research, 54(5), 405–414. CrossrefPubMed</bibliomixed>
      <bibliomixed id="ch0014s0008bib46">Robins, L. N., &amp; Regier, D. A. (Eds.). (1991). Psychiatric disorders in America: The epidemiological catchment area study. The Free Press.</bibliomixed>
      <bibliomixed id="ch0014s0008bib47">Rossier, P., &amp; Wade, D. T. (2001). Validity and reliability comparison of 4 mobility measures in patients presenting with neurologic impairment. Archives of Physical Medicine and Rehabilitation, 82(1), 9–13. CrossrefPubMed</bibliomixed>
      <bibliomixed id="ch0014s0008bib48">Salkovskis, P. M., Rimes, K. A., Warwick, H. M. C., &amp; Clark, D. M. (2002). The Health Anxiety Inventory: Development and validation of scales for the measurement of health anxiety and hypochondriasis. Psychological Medicine, 32(5), 843–853. CrossrefPubMed</bibliomixed>
      <bibliomixed id="ch0014s0008bib49">Scarella, T. M., Boland, R. J., &amp; Barsky, A. J. (2019). Illness anxiety disorder: Psychopathology, epidemiology, clinical characteristics, and treatment. Psychosomatic Medicine, 81(5), 398–407. CrossrefPubMed</bibliomixed>
      <bibliomixed id="ch0014s0008bib50">Semino, E., Zakrzewska, J. M., &amp; Williams, A. (2017). Images and the dynamics of pain consultations. The Lancet, 389, 1186–1187. Crossref</bibliomixed>
      <bibliomixed id="ch0014s0008bib51">Sleed, M., Eccleston, C., Beecham, J., Knapp, M., &amp; Jordan, A. (2005). The economic impact of chronic pain in adolescence: Methodological considerations and a preliminary costs-of-illness study. Pain, 119(1–3), 183–190. CrossrefPubMed</bibliomixed>
      <bibliomixed id="ch0014s0008bib52">Sullivan, M. J., Bishop, S. R., &amp; Pivik, J. (1995). The Pain Catastrophizing Scale: Development and validation. Psychological Assessment, 7(4), 524–532.Crossref</bibliomixed>
      <bibliomixed id="ch0014s0008bib53">Tait, R. C., Chibnall, J. T., &amp; Krause, S. (1990). The Pain Disability Index—Psychometric properties. Pain, 40(2), 171–182. CrossrefPubMed</bibliomixed>
      <bibliomixed id="ch0014s0008bib54">Teti, M., Majee, W., Cheak-Zamora, N., &amp; Maurer-Batjer, A. (2019). Understanding health through a different lens: Photovoice method. In P. Liamputtong (Ed.), Handbook of research methods in health social sciences. Springer Nature. Crossref</bibliomixed>
      <bibliomixed id="ch0014s0008bib55">Tolin, D. F., Gilliam, C., Wootton, B. M., Bowe, W., Bragdon, L. B., Davis, E., Hannan, S. E., Steinman, S. A., Worden, B., &amp; Hallion, L. S. (2018). Psychometric properties of a structured diagnostic interview for DSM-5 anxiety, mood, and obsessive-compulsive and related disorders. Assessment, 25(1), 3–13. CrossrefPubMed</bibliomixed>
      <bibliomixed id="ch0014s0008bib56">Toussaint, A., Lowe, B., Brahler, E., &amp; Jordan, P. (2017). The Somatic Symptom Disorder-B Criteria Scale (SSD-12): Factorial structure, validity and population-based norms. Journal of Psychosomatic Research, 97, 9–17. CrossrefPubMed</bibliomixed>
      <bibliomixed id="ch0014s0008bib57">Mental illness in primary care: An international studyhttps://​books.​google.​de/​books?​id=​RgnFHUmpVckC&amp;​printsec=​frontcover&amp;​hl=​de#v=​onepage&amp;​q&amp;​f=​false</bibliomixed>
      <bibliomixed id="ch0014s0008bib58">van Dijk, M., Roofthooft, D. W. E., Anand, K. J. S., Guldemond, F., de Graaf, J., Simons, S., de Jager, Y., van Goudoever, J. B., &amp; Tibboel, D. (2009). Taking up the challenge of measuring prolonged pain in (premature) neonates the COMFORTneo scale seems promising. Clinical Journal of Pain, 25(7), 607–616. CrossrefPubMed</bibliomixed>
      <bibliomixed id="ch0014s0008bib59">Varni, J. W., Seid, M., &amp; Rode, C. A. (1999). The PedsQL (TM): Measurement model for the pediatric quality of life inventory. Medical Care, 37(2), 126–139. CrossrefPubMed</bibliomixed>
      <bibliomixed id="ch0014s0008bib60">Vlaeyen, J. W. S., Pernot, D. F. M., Kole-Snijders, A. M. J., Schuerman, J. A., Van Eek, H., &amp; Groenman, N. H. (1990). Assessment of the components of observed chronic pain behavior: The Checklist for Interpersonal Pain Behavior (CHIP). Pain, 43(3), 337–347. CrossrefPubMed</bibliomixed>
      <bibliomixed id="ch0014s0008bib61">Waddell, G., Newton, M., Henderson, I., Somerville, D., &amp; Main, C. J. (1993). A Fear-Avoidance Beliefs Questionnaire (FABQ) and the role of fear-avoidance beliefs in chronic low-back-pain and disability. Pain, 52(2), 157–168. &lt;Go to ISI&gt;://A1993KN75000005.CrossrefPubMed</bibliomixed>
      <bibliomixed id="ch0014s0008bib62">Wallston, K. A., Wallston, B. S., &amp; Devellis, R. (1978). Development of Multidimensional Health Locus of Control (MHLC) Scales [Article]. Health Education Monographs, 6(2), 160–170. CrossrefPubMed</bibliomixed>
      <bibliomixed id="ch0014s0008bib63">Ware, J., Kosinski, M., &amp; Keller, S. D. (1996). A 12-Item Short-Form Health Survey: Construction of scales and preliminary tests of reliability and validity. Medical Care, 34, 220–233.CrossrefPubMed</bibliomixed>
      <bibliomixed id="ch0014s0008bib64">Wolfe, F., Clauw, D. J., Fitzcharles, M. A., Goldenberg, D. L., Katz, R. S., Mease, P., Russell, A. S., Russell, I. J., Winfield, J. B., &amp; Yunus, M. B. (2010). The American College of Rheumatology preliminary diagnostic criteria for fibromyalgia and measurement of symptom severity. Arthritis Care &amp; Research, 62(5), 600–610. Crossref</bibliomixed>
      <bibliomixed id="ch0014s0008bib65">World Health Organization. (2018). International statistical classification of diseases and related health problems, 11th revision, Beta Draft.</bibliomixed>
      <bibliomixed id="ch0014s0008bib66">Yates, G., &amp; Bass, C. (2017). The perpetrators of medical child abuse (Munchausen Syndrome by Proxy)—A systematic review of 796 cases. Child Abuse &amp; Neglect, 72, 45–53. Crossref</bibliomixed>
      <bibliomixed id="ch0014s0008bib67">Yates, G. P., &amp; Feldman, M. D. (2016). Factitious disorder: A systematic review of 455 cases in the professional literature. General Hospital Psychiatry, 41, 20–28. CrossrefPubMed</bibliomixed>
   </bibliography>
</sect1>