<?xml version="1.0" encoding="UTF-8"?>
<sect1 id="ch0012s0008" role="Heading">
   <sect1info>
      <risinfo>
         <risprev>sect1.9781071643624.ch0012s0007</risprev>
         <riscurrent>sect1.9781071643624.ch0012s0008</riscurrent>
         <risnext>sect1.9781071643624.</risnext>
         <booktitle>Diagnostic Interviewing</booktitle>
         <isbn>9781071643624</isbn>
         <chapternumber>12</chapternumber>
         <chapterid>ch0012</chapterid>
         <chaptertitle>10. Trauma and Stressor-Related Disorders</chaptertitle>
         <authorgroup>
            <author>
               <personname>
                  <firstname>Daniel L.</firstname>
                  <surname>Segal</surname>
               </personname>
            </author>
         </authorgroup>
         <publisher>
            <publishername>Springer US</publishername>
         </publisher>
         <pubdate>2025</pubdate>
      </risinfo>
      <primaryauthor>
         <personname>
            <firstname>Daniel L.</firstname>
            <surname>Segal</surname>
         </personname>
      </primaryauthor>
   </sect1info>
   <title>Summary</title>
   <para role="Para">Moving the various trauma and stress-related disorders into a chapter of their own in the DSM-5 was a significant step indicating that the etiology of these disorders was stress rather than mood. Moreover, adding Prolonged Grief Disorder recently to the DSM-5-TR suggests that the Trauma and Stress-Related Disorders chapter on the DSM is still developing and evolving. The distress resulting from both traumatic experiences and other stressors reflects a way of processing the trauma, albeit in a dysfunctional way. Trauma and stress-related disorders are complex, multi-faceted, and often more challenging to diagnose than depression or anxiety. Different people can endorse completely different symptoms (e. g., hyperarousal versus avoidance, anger versus shame) and experience different comorbid disorders (e. g., depression versus substance use) and still meet DSM-5 criteria for a PTSD diagnosis. In the past two decades, we have witnessed a growing body of research on scientifically supported psychotherapies for PTSD, such as EMDR, PET, and CPT. These psychotherapies are now considered first-line treatments for PTSD. However, we are also seeing the emergence of a new, exciting, and promising body of research in the form of psychedelic-assisted therapy for PTSD (e. g., MDMA-assisted therapy). The diagnosis and treatment of such disorders require well-trained and skilled mental health clinicians who possess working knowledge about trauma disorders and use evidence-based practices.</para>
   <sidebar id="ch0012s0008ad01">
      <para/>
   </sidebar>
   <bibliography id="ch0012s0008bib0088">
      <bibliomixed id="ch0012s0008bib01">American Psychiatric Association. (2000). Diagnostic and statistical manual of mental disorders (4th ed., text revision ed.). Author.</bibliomixed>
      <bibliomixed id="ch0012s0008bib02">Kimble, M., Boxwala, M., Bean, W., Maletsky, K., Halper, J., Spollen, K., &amp; Fleming, K. (2014). The impact of hypervigilance: Evidence for a forward feedback loop. Journal of anxiety disorders, 28(2), 241–245.</bibliomixed>
      <bibliomixed id="ch0012s0008bib03">Rothman, E. F., Exner, D., &amp; Baughman, A. L. (2011). The prevalence of sexual assault against people who identify as gay, lesbian, or bisexual in the United States: A systematic review. Trauma, Violence, &amp; Abuse, 12(2), 55–66.</bibliomixed>
      <bibliomixed id="ch0012s0008bib04">Benjet, C., Bromet, E., Karam, E. G., Kessler, R. C., McLaughlin, K. A., Ruscio, A. M., Shahly, V., Stein, D. J., Petukhova, M., Hill, E., Alonso, J., Atwoli, L., Bunting, B., Bruffaerts, R., Caldas-de-Almeida, J. M., de Girolamo, G., Florescu, S., Gureje, O., Huang, Y., et al. (2016). The epidemiology of traumatic event exposure worldwide: Results from the World Mental Health Survey Consortium. Psychological Medicine, 46(2), 327–343.PubMed</bibliomixed>
      <bibliomixed id="ch0012s0008bib05">Blake, D. D., Weathers, F. W., Nagy, L. M., Kaloupek, D. G., Gusman, F. D., Charney, D. S., &amp; Keane, T. M. (1995). The development of a clinician-administered PTSD scale. Journal of Traumatic Stress, 8(1), 75–90.PubMed</bibliomixed>
      <bibliomixed id="ch0012s0008bib06">Blevins, C. A., Weathers, F. W., Davis, M. T., Witte, T. K., &amp; Domino, J. L. (2015). The posttraumatic stress disorder checklist for DSM-5 (PCL-5): Development and initial psychometric evaluation. Journal of Traumatic Stress, 28(6), 489–498.PubMed</bibliomixed>
      <bibliomixed id="ch0012s0008bib07">Boscarino, J. A. (2006). Posttraumatic stress disorder and mortality among US Army veterans 30 years after military service. Annals of Epidemiology, 16(4), 248–256.PubMed</bibliomixed>
      <bibliomixed id="ch0012s0008bib08">Boscarino, J. A. (2008). A prospective study of PTSD and early-age heart disease mortality among Vietnam veterans: Implications for surveillance and prevention. Psychosomatic Medicine, 70(6), 668.PubMedPubMedCentral</bibliomixed>
      <bibliomixed id="ch0012s0008bib09">Bovin, M. J., Marx, B. P., Weathers, F. W., Gallagher, M. W., Rodriguez, P., Schnurr, P. P., &amp; Keane, T. M. (2016). Psychometric properties of the PTSD checklist for diagnostic and statistical manual of mental disorders–fifth edition (PCL-5) in veterans. Psychological Assessment, 28(11), 1379.PubMed</bibliomixed>
      <bibliomixed id="ch0012s0008bib10">Brady, K. T., Killeen, T. K., Brewerton, T., &amp; Lucerini, S. (2000). Comorbidity of psychiatric disorders and posttraumatic stress disorder. Journal of Clinical Psychiatry, 61, 22–32.PubMed</bibliomixed>
      <bibliomixed id="ch0012s0008bib11">Breslau, N., Davis, G. C., Andreski, P., &amp; Peterson, E. (1991). Traumatic events and posttraumatic stress disorder in an urban population of young adults. Archives of General Psychiatry, 48(3), 216–222.PubMed</bibliomixed>
      <bibliomixed id="ch0012s0008bib12">Brewin, C. R., Andrews, B., &amp; Valentine, J. D. (2000). Meta-analysis of risk factors for posttraumatic stress disorder in trauma-exposed adults. Journal of Consulting and Clinical Psychology, 68(5), 748.PubMed</bibliomixed>
      <bibliomixed id="ch0012s0008bib13">Bryant, R. A. (2017). Acute stress disorder. Current Opinion in Psychology, 14, 127–131.PubMed</bibliomixed>
      <bibliomixed id="ch0012s0008bib14">The Counseling Psychologist, 35</bibliomixed>
      <bibliomixed id="ch0012s0008bib15">Carter, R. T. (2007). Racism and psychological and emotional injury: Recognizing and assessing race-based traumatic stress. The Counseling Psychologist, 35(1), 13–105.</bibliomixed>
      <bibliomixed id="ch0012s0008bib16">Carter, R. T., Kirkinis, K., &amp; Johnson, V. E. (2020). Relationships between trauma symptoms and race-based traumatic stress. Traumatology, 26(1), 11.</bibliomixed>
      <bibliomixed id="ch0012s0008bib17">Clement, S., Schauman, O., Graham, T., Maggioni, F., Evans-Lacko, S., Bezborodovs, N., Morgan, C., Rusch, N., Brown, J. S. L., &amp; Thornicroft, G. (2015). What is the impact of mental health-related stigma on help-seeking? A systematic review of quantitative and qualitative studies. Psychological Medicine, 45(1), 11–27.PubMed</bibliomixed>
      <bibliomixed id="ch0012s0008bib18">Cloitre, M., Courtois, C. A., Charuvastra, A., Carapezza, R., Stolbach, B. C., &amp; Green, B. L. (2011). Treatment of complex PTSD: Results of the ISTSS expert clinician survey on best practices. Journal of Traumatic Stress, 24(6), 615–627.PubMed</bibliomixed>
      <bibliomixed id="ch0012s0008bib19">Conner, K. O., Copeland, V. C., Grote, N. K., Koeske, G., Rosen, D., Reynolds, C. F., III, &amp; Brown, C. (2010). Mental health treatment seeking among older adults with depression: The impact of stigma and race. The American Journal of Geriatric Psychiatry, 18(6), 531–543.PubMedPubMedCentral</bibliomixed>
      <bibliomixed id="ch0012s0008bib20">Courtois, C. A., &amp; Gold, S. N. (2009). The need for inclusion of psychological trauma in the professional curriculum: A call to action. Psychological Trauma: Theory, Research, Practice, and Policy, 1(1), 3.</bibliomixed>
      <bibliomixed id="ch0012s0008bib21">Ditlevsen, D. N., &amp; Elklit, A. (2010). The combined effect of gender and age on posttraumatic stress disorder: Do men and women show differences in the lifespan distribution of the disorder? Annals of General Psychiatry, 9(1), 32.PubMedPubMedCentral</bibliomixed>
      <bibliomixed id="ch0012s0008bib22">Ellis, J., &amp; Zaretsky, A. (2018). Assessment and management of posttraumatic stress disorder. Behavioral Neurology and Psychiatry, 24(3), 873–892.</bibliomixed>
      <bibliomixed id="ch0012s0008bib23">First, M. B., &amp; Williams, J. B. (2016). SCID-5-CV: Structured clinical interview for DSM-5 disorders: Clinician version. American Psychiatric Association Publishing.</bibliomixed>
      <bibliomixed id="ch0012s0008bib24">Foa, E. B., Riggs, D. S., Dancu, C. V., &amp; Rothbaum, B. O. (1993). Reliability and validity of a brief instrument for assessing posttraumatic stress disorder. Journal of Traumatic Stress, 6(4), 459–473.</bibliomixed>
      <bibliomixed id="ch0012s0008bib25">Foa, E. B., McLean, C. P., Zang, Y., Zhong, J., Rauch, S., Porter, K., et al. (2016). Psychometric properties of the Posttraumatic Stress Disorder Symptom Scale Interview for DSM-5 (PSSI-5). Psychological Assessment, 28(10), 1159–1165.PubMed</bibliomixed>
      <bibliomixed id="ch0012s0008bib26">Fortuna, L. R., Porche, M. V., &amp; Alegría, M. (2009). A qualitative study of clinicians’ use of the cultural formulation model in assessing posttraumatic stress disorder. Transcultural Psychiatry, 46(3), 429–450.PubMedPubMedCentral</bibliomixed>
      <bibliomixed id="ch0012s0008bib27">Freeman, T., Powell, M., &amp; Kimbrell, T. (2008). Measuring symptom exaggeration in veterans with chronic posttraumatic stress disorder. Psychiatry Research, 158(3), 374–380.PubMed</bibliomixed>
      <bibliomixed id="ch0012s0008bib28">Friedman, M. J. (2013). Finalizing PTSD in DSM-5: Getting here from there and where to go next. Journal of Traumatic Stress, 26(5), 548–556.PubMed</bibliomixed>
      <bibliomixed id="ch0012s0008bib29">American Journal of Public Health, 91 PubMedPubMed Central</bibliomixed>
      <bibliomixed id="ch0012s0008bib30">Gang, J., Falzarano, F., She, W. J., Winoker, H., &amp; Prigerson, H. G. (2022). Are deaths from COVID-19 associated with higher rates of prolonged grief disorder (PGD) than deaths from other causes? Death Studies, 46(6), 1287–1296.PubMedPubMedCentral</bibliomixed>
      <bibliomixed id="ch0012s0008bib31">Gilman, S. E., Cochran, S. D., Mays, V. M., Hughes, M., Ostrow, D., &amp; Kessler, R. C. (2001). Risk of psychiatric disorders among individuals reporting same-sex sexual partners in the National Comorbidity Survey. American Journal of Public Health, 91(6), 933.PubMedPubMedCentral</bibliomixed>
      <bibliomixed id="ch0012s0008bib32">Journal of Interpersonal Violence, 24 PubMed</bibliomixed>
      <bibliomixed id="ch0012s0008bib33">Gray, M. J., Litz, B. T., Hsu, J. L., &amp; Lombardo, T. W. (2004). Psychometric properties of the Life Events Checklist. Assessment, 11, 330–341.PubMed</bibliomixed>
      <bibliomixed id="ch0012s0008bib34">Haeffel, G. J., &amp; Howard, G. S. (2010). Self-report: Psychology’s four-letter word. American Journal of Psychology, 123(2), 181–188.PubMed</bibliomixed>
      <bibliomixed id="ch0012s0008bib35">Herek, G. M. (2009). Hate crimes and stigma-related experiences among sexual minority adults in the United States: Prevalence estimates from a national probability sample. Journal of Interpersonal Violence, 24(1), 54–74.PubMed</bibliomixed>
      <bibliomixed id="ch0012s0008bib36">Herek, G. M., Gillis, J. R., &amp; Cogan, J. C. (1999). Psychological sequelae of hate-crime victimization among lesbian, gay, and bisexual adults. Journal of Consulting and Clinical Psychology, 67(6), 945.PubMed</bibliomixed>
      <bibliomixed id="ch0012s0008bib37">Hoge, C. W., Auchterlonie, J. L., &amp; Milliken, C. S. (2006). Mental health problems, use of mental health services, and attrition from military service after returning from deployment to Iraq or Afghanistan. Journal of the American Medical Association, 295(9), 1023–1032.PubMed</bibliomixed>
      <bibliomixed id="ch0012s0008bib38">Hoge, C. W., Riviere, L. A., Wilk, J. E., Herrell, R. K., &amp; Weathers, F. W. (2014). The prevalence of post-traumatic stress disorder (PTSD) in US combat soldiers: A head-to-head comparison of DSM-5 versus DSM-IV-TR symptom criteria with the PTSD checklist. The Lancet Psychiatry, 1(4), 269–277.PubMed</bibliomixed>
      <bibliomixed id="ch0012s0008bib39">Keen, S. M., Kutter, C. J., Niles, B. L., &amp; Krinsley, K. E. (2008). Psychometric properties of PTSD Checklist in sample of male veterans. Journal of Rehabilitation Research &amp; Development, 45(3), 465–474.</bibliomixed>
      <bibliomixed id="ch0012s0008bib40">Kessler, R. C., Sonnega, A., Bromet, E., Hughes, M., &amp; Nelson, C. B. (1995). Posttraumatic stress disorder in the National Comorbidity Survey. Archives of General Psychiatry, 52(12), 1048–1060.PubMed</bibliomixed>
      <bibliomixed id="ch0012s0008bib41">Kilpatrick, D. G., Resnick, H. S., &amp; Friedman, M. J. (2013). National stressful events survey ASD short scale (NSESSS-ASD). American Psychiatric Association.</bibliomixed>
      <bibliomixed id="ch0012s0008bib42">Kroll, J., Habenicht, T. M., Yang, M., Chan, S., Vang, T., Nguyen, T., Ly, M., Phommasouvanh, B., &amp; Cabugao, R. (1989). Depression and posttraumatic stress disorder in Southeast Asian refugees. American Journal of Psychiatry, 146(12), 1592–1597.PubMed</bibliomixed>
      <bibliomixed id="ch0012s0008bib43">Perspectives in Psychiatric Care, 42 PubMed</bibliomixed>
      <bibliomixed id="ch0012s0008bib44">Larson, G. E., Highfill-McRoy, R. M., &amp; Booth-Kewley, S. (2008). Psychiatric diagnoses in historic and contemporary military cohorts: Combat deployment and the healthy warrior effect. American Journal of Epidemiology, 167(11), 1269–1276.PubMed</bibliomixed>
      <bibliomixed id="ch0012s0008bib45">Lasiuk, G. C., &amp; Hegadoren, K. M. (2006). Posttraumatic stress disorder part I: Historical development of the concept. Perspectives in Psychiatric Care, 42(1), 13–20.PubMed</bibliomixed>
      <bibliomixed id="ch0012s0008bib46">Lewis, A. J., Bertino, M. D., Bailey, C. M., Skewes, J., Lubman, D. I., &amp; Toumbourou, J. W. (2014). Depression and suicidal behavior in adolescents: A multi-informant and multi-methods approach to diagnostic classification. Frontiers in Psychology, 5, 766.PubMedPubMedCentral</bibliomixed>
      <bibliomixed id="ch0012s0008bib47">Lewis-Fernández, R., Aggarwal, N. K., Bäärnhielm, S., Rohlof, H., Kirmayer, L. J., Weiss, M. G., Jadhav, S., Hinton, L., Alarcon, R. D., Bhugra, D., Groen, S., van Dijk, R., Qureshi, A., Collazos, F., Rousseau, C., Caballero, L., Ramos, M., &amp; Lu, F. (2014). Culture and psychiatric evaluation: Operationalizing cultural formulation for DSM-5. Psychiatry, 77(2), 130.PubMed</bibliomixed>
      <bibliomixed id="ch0012s0008bib48">Lilienfeld, S. O., Lynn, S. J., &amp; Lohr, J. M. (Eds.). (2012). Science and pseudoscience in clinical psychology. Guilford Press.</bibliomixed>
      <bibliomixed id="ch0012s0008bib49">Litz, B. T., Stein, N., Delaney, E., Lebowitz, L., Nash, W. P., Silva, C., &amp; Maguen, S. (2009). Moral injury and moral repair in war veterans: A preliminary model and intervention strategy. Clinical Psychology Review, 29(8), 695–706.PubMed</bibliomixed>
      <bibliomixed id="ch0012s0008bib50">Lundorff, M., Holmgren, H., Zachariae, R., Farver-Vestergaard, I., &amp; O’Connor, M. (2017). Prevalence of prolonged grief disorder in adult bereavement: A systematic review and meta-analysis. Journal of Affective Disorders, 212, 138–149.PubMed</bibliomixed>
      <bibliomixed id="ch0012s0008bib51">Maercker, A., &amp; Horn, A. B. (2013). A socio-interpersonal perspective on PTSD: The case for environments and interpersonal processes. Clinical Psychology &amp; Psychotherapy, 20(6), 465–481.</bibliomixed>
      <bibliomixed id="ch0012s0008bib52">McLaughlin, K. A., Alvarez, K., Fillbrunn, M., Green, J. G., Jackson, J. S., Kessler, R. C., Sadikova, E., Sampson, N. A., Vilsaint, C., Williams, D. R., &amp; Alegría, M. (2019). Racial/ethnic variation in trauma-related psychopathology in the United States: A population-based study. Psychological Medicine, 49(13), 2215–2226.PubMed</bibliomixed>
      <bibliomixed id="ch0012s0008bib53">Milliken, C. S., Auchterlonie, J. L., &amp; Hoge, C. W. (2007). Longitudinal assessment of mental health problems among active and reserve component soldiers returning from the Iraq war. Journal of the American Medical Association, 298(18), 2141–2148.PubMed</bibliomixed>
      <bibliomixed id="ch0012s0008bib54">Mongodi, S., Salve, G., Tavazzi, G., Politi, P., Mojoli, F., &amp; COVID-19 Post-ICU Team. (2021). High prevalence of acute stress disorder and persisting symptoms in ICU survivors after COVID-19. Intensive Care Medicine, 47, 616–618.PubMedPubMedCentral</bibliomixed>
      <bibliomixed id="ch0012s0008bib55">Montano, S. A., Lewey, J. H., O’Toole, S. K., &amp; Graves, D. (2016). Reliability generalization of the Texas revised inventory of grief (TRIG). Death Studies, 40(4), 256–262.PubMed</bibliomixed>
      <bibliomixed id="ch0012s0008bib56">Norcross, J. C., &amp; Wampold, B. E. (2011). Evidence-based therapy relationships: Research conclusions and clinical practices. Psychotherapy, 48(1), 98.PubMed</bibliomixed>
      <bibliomixed id="ch0012s0008bib57">Osório, F. L., Loureiro, S. R., Hallak, J. E. C., Machado-de-Sousa, J. P., Ushirohira, J. M., Baes, C. V., Apolinario, T. D., Donadon, M. F., Bolsoni, L. M., Guimaraes, T., Fracon, V. S., Silva-Rodrigues, A. P. C., Aguiar Pizeta, F., Mascarenhas Souza, R., Sanches, R. F., Dos Santos, R. G., Martin-Santos, R., &amp; Crippa, J. A. S. (2019). Clinical validity and intrarater and test–retest reliability of the Structured Clinical Interview for DSM-5–Clinician Version (SCID-5-CV). Psychiatry and Clinical Neurosciences, 73(12), 754–760.PubMed</bibliomixed>
      <bibliomixed id="ch0012s0008bib58">Peace, K. A., &amp; Masliuk, K. A. (2011). Do motivations for malingering matter? Symptoms of malingered PTSD as a function of motivation and trauma type. Psychological Injury and Law, 4(1), 44–55.</bibliomixed>
      <bibliomixed id="ch0012s0008bib59">Perkonigg, A., Kessler, R. C., Storz, S., &amp; Wittchen, H. U. (2000). Traumatic events and posttraumatic stress disorder in the community: Prevalence, risk factors and comorbidity. Acta Psychiatrica Scandinavica, 101(1), 46–59.PubMed</bibliomixed>
      <bibliomixed id="ch0012s0008bib60">Prigerson, H. G., Maciejewski, P. K., Reynolds, C. F., III, Bierhals, A. J., Newsom, J. T., Fasiczka, A., Frank, E., Doman, J., &amp; Miller, M. (1995). Inventory of complicated grief: A scale to measure maladaptive symptoms of loss. Psychiatry Research, 59(1–2), 65–79.PubMed</bibliomixed>
      <bibliomixed id="ch0012s0008bib61">Prigerson, H. G., Maciejewski, P. K., &amp; Rosenheck, R. A. (2002). Population attributable fractions of psychiatric disorders and behavioral outcomes associated with combat exposure among US men. American Journal of Public Health, 92(1), 59–63.PubMedPubMedCentral</bibliomixed>
      <bibliomixed id="ch0012s0008bib62">Prigerson, H. G., Kakarala, S., Gang, J., &amp; Maciejewski, P. K. (2021). History and status of prolonged grief disorder as a psychiatric diagnosis. Annual Review of Clinical Psychology, 17, 109–126.PubMed</bibliomixed>
      <bibliomixed id="ch0012s0008bib63">Ramchand, R., Karney, B. R., Osilla, K. C., Burns, R. M., &amp; Caldarone, L. B. (2008). Prevalence of PTSD, depression, and TBI among returning service members. In T. L. Tanielian &amp; L. H. Jaycox (Eds.), Invisible wounds of war: Psychological and cognitive injuries, their consequences, and services to assist recovery (pp. 35–85). RAND Corporation.</bibliomixed>
      <bibliomixed id="ch0012s0008bib64">Ramchand, R., Schell, T. L., Karney, B. R., Osilla, K. C., Burns, R. M., &amp; Caldarone, L. B. (2010). Disparate prevalence estimates of PTSD among service members who served in Iraq and Afghanistan: Possible explanations. Journal of Traumatic Stress, 23(1), 59–68.PubMed</bibliomixed>
      <bibliomixed id="ch0012s0008bib65">Reynolds, K., Pietrzak, R. H., El-Gabalawy, R., Mackenzie, C. S., &amp; Sareen, J. (2015). Prevalence of psychiatric disorders in US older adults: Findings from a nationally representative survey. World Psychiatry, 14(1), 74–81.PubMedPubMedCentral</bibliomixed>
      <bibliomixed id="ch0012s0008bib66">Richardson, L. K., Frueh, B. C., &amp; Acierno, R. (2010). Prevalence estimates of combat-related post-traumatic stress disorder: Critical review. Australian and New Zealand Journal of Psychiatry, 44(1), 4–19.PubMed</bibliomixed>
      <bibliomixed id="ch0012s0008bib67">Roberts, A. L., Austin, S. B., Corliss, H. L., Vandermorris, A. K., &amp; Koenen, K. C. (2010). Pervasive trauma exposure among US sexual orientation minority adults and risk of posttraumatic stress disorder. American Journal of Public Health, 100(12), 2433–2441.PubMedPubMedCentral</bibliomixed>
      <bibliomixed id="ch0012s0008bib68">Roberts, A. L., Gilman, S. E., Breslau, J., Breslau, N., &amp; Koenen, K. C. (2011). Race/ethnic differences in exposure to traumatic events, development of post-traumatic stress disorder, and treatment-seeking for post-traumatic stress disorder in the United States. Psychological Medicine, 41(1), 71–83.PubMed</bibliomixed>
      <bibliomixed id="ch0012s0008bib69">Rush, A., Jr., First, M. B., &amp; Blacker, D. E. (2008). Handbook of psychiatric measures. American Psychiatric Publishing.</bibliomixed>
      <bibliomixed id="ch0012s0008bib70">Samnaliev, M., McGovern, M. P., &amp; Clark, R. E. (2009). Racial/ethnic disparities in mental health treatment in six Medicaid programs. Journal of Health Care for the Poor and Underserved, 20(1), 165–176.PubMed</bibliomixed>
      <bibliomixed id="ch0012s0008bib71">Sareen, J., Cox, B. J., Stein, M. B., Afifi, T. O., Fleet, C., &amp; Asmundson, G. J. (2007). Physical and mental comorbidity, disability, and suicidal behavior associated with posttraumatic stress disorder in a large community sample. Psychosomatic Medicine, 69(3), 242–248.PubMed</bibliomixed>
      <bibliomixed id="ch0012s0008bib72">Schein, J., Houle, C., Urganus, A., Cloutier, M., Patterson-Lomba, O., Wang, Y., Wang, Y., King, S., Levinson, W., Guerin, A., Lefebvre, P., &amp; Davis, L. L. (2021). Prevalence of post-traumatic stress disorder in the United States: A systematic literature review. Current Medical Research and Opinion, 37(12), 2151–2161.PubMed</bibliomixed>
      <bibliomixed id="ch0012s0008bib73">Schuster, M. A., Stein, B. D., Jaycox, L. H., Collins, R. L., Marshall, G. N., Elliott, M. N., Kanouse, D. E., Morrison, J. L., &amp; Berry, S. H. (2001). A national survey of stress reactions after the September 11, 2001, terrorist attacks. New England Journal of Medicine, 345(20), 1507–1512.PubMed</bibliomixed>
      <bibliomixed id="ch0012s0008bib74">Scott, C. F., Marcu, G., Anderson, R. E., Newman, M. W., &amp; Schoenebeck, S. (2023, April). Trauma-informed social media: Towards solutions for reducing and healing online harm. In Proceedings of the 2023 CHI Conference on Human Factors in Computing Systems (pp. 1–20).</bibliomixed>
      <bibliomixed id="ch0012s0008bib75">Shay, J. (2014). Moral injury. Psychoanalytic Psychology, 31(2), 182.</bibliomixed>
      <bibliomixed id="ch0012s0008bib76">Sheehan, D. V., Lecrubier, Y., Sheehan, K. H., Amorim, P., Janavs, J., Weiller, E., Hergueta, T., Baker, R., &amp; Dunbar, G. C. (1998). The Mini-International Neuropsychiatric Interview (MINI): The development and validation of a structured diagnostic psychiatric interview for DSM-IV and ICD-10. Journal of Clinical Psychiatry, 59, 22–33.PubMed</bibliomixed>
      <bibliomixed id="ch0012s0008bib77">Silver, R. C., Holman, E. A., McIntosh, D. N., Poulin, M., &amp; Gil-Rivas, V. (2002). Nationwide longitudinal study of psychological responses to September 11. Journal of the American Medical Association, 288(10), 1235–1244.PubMed</bibliomixed>
      <bibliomixed id="ch0012s0008bib78">Simpson, T. L., Balsam, K. F., Cochran, B. N., Lehavot, K., &amp; Gold, S. D. (2013). Veterans administration health care utilization among sexual minority veterans. Psychological Services, 10(2), 223.PubMed</bibliomixed>
      <bibliomixed id="ch0012s0008bib79">Skeffington, P. M., Rees, C. S., Mazzucchelli, T. G., &amp; Kane, R. T. (2016). The primary prevention of PTSD in firefighters: Preliminary results of an RCT with 12-month follow-up. PLoS One, 11(7), e0155873.PubMedPubMedCentral</bibliomixed>
      <bibliomixed id="ch0012s0008bib80">Spottswood, M., Davydow, D. S., &amp; Huang, H. (2017). The prevalence of posttraumatic stress disorder in primary care: A systematic review. Harvard Review of Psychiatry, 25(4), 159–169.PubMedPubMedCentral</bibliomixed>
      <bibliomixed id="ch0012s0008bib81">Stecker, T., Fortney, J. C., Hamilton, F., &amp; Ajzen, I. (2007). An assessment of beliefs about mental health care among veterans who served in Iraq. Psychiatric Services, 58(10), 1358–1361.PubMed</bibliomixed>
      <bibliomixed id="ch0012s0008bib82">Tang, S., &amp; Xiang, Z. (2021). Who suffered most after deaths due to COVID-19? Prevalence and correlates of prolonged grief disorder in COVID-19 related bereaved adults. Globalization and Health, 17, 1–9.</bibliomixed>
      <bibliomixed id="ch0012s0008bib83">Van Beek, F. E., Wijnhoven, L. M. A., Custers, J. A. E., Holtmaat, K., De Rooij, B. H., Horevoorts, N. J. E., Aukema, E. J., Verheul, S., Eerenstein, S. E. J., Strobbe, L., Van Oort, I. M., Vergeer, M. R., Prins, J. B., Verdonck-de Leeuw, I. M., &amp; Jansen, F. (2022). Adjustment disorder in cancer patients after treatment: Prevalence and acceptance of psychological treatment. Supportive Care in Cancer, 30(2), 1797–1806.PubMed</bibliomixed>
      <bibliomixed id="ch0012s0008bib84">Voigt, T., Williams, J., Bennett, C. M., Dew, A., &amp; Balandin, S. (2022). Post traumatic growth amongst Australian Bravery Award recipients. Heroism Science, 7(1), 2.</bibliomixed>
      <bibliomixed id="ch0012s0008bib85">Wallace, D., Moss, A. S., &amp; Hodges, S. (2020). Sub-syndromal PTSD: What is important to know in military personnel and veterans? Australasian Psychiatry, 28(3), 254–256.PubMed</bibliomixed>
      <bibliomixed id="ch0012s0008bib86">Weathers, F. W., Litz, B. T., Keane, T. M., Palmieri, P. A., Marx, B. P., &amp; Schnurr, P. P. (2013). The PTSD Checklist for DSM-5 (PCL-5). Scale available from the National Center for PTSD at .</bibliomixed>
      <bibliomixed id="ch0012s0008bib87">Wilson, J. P., &amp; Keane, T. M. (Eds.). (2004). Assessing psychological trauma and PTSD. Guilford Press.</bibliomixed>
   </bibliography>
</sect1>