<?xml version="1.0" encoding="UTF-8"?>
<sect1 id="ch0021s0001" role="Heading">
   <sect1info>
      <risinfo>
         <risprev>sect1.9781071643624.ch0021s0010</risprev>
         <riscurrent>sect1.9781071643624.ch0021s0001</riscurrent>
         <risnext>sect1.9781071643624.ch0021s0002</risnext>
         <booktitle>Diagnostic Interviewing</booktitle>
         <isbn>9781071643624</isbn>
         <chapternumber>21</chapternumber>
         <chapterid>ch0021</chapterid>
         <chaptertitle>18. Interviewing Children</chaptertitle>
         <authorgroup>
            <author>
               <personname>
                  <firstname>Daniel L.</firstname>
                  <surname>Segal</surname>
               </personname>
            </author>
         </authorgroup>
         <publisher>
            <publishername>Springer US</publishername>
         </publisher>
         <pubdate>2025</pubdate>
      </risinfo>
      <primaryauthor>
         <personname>
            <firstname>Daniel L.</firstname>
            <surname>Segal</surname>
         </personname>
      </primaryauthor>
   </sect1info>
   <title>Description of the Population</title>
   <para role="Para">A diagnostic<indexterm significance="normal">
         <primary>diagnostic</primary>
      </indexterm> interview is a useful first step in the assessment and treatment of a child with potential mental health concerns. There are several factors particular to youth and families that may impact the process of diagnostic interviewing. Like diagnostic interviewing with other populations, it is of utmost importance to approach the process with children with genuine warmth, sensitivity, and cultural humility to build and maintain rapport throughout the interview process. This chapter presents information relevant to the diagnostic interviewing process with children (and their caregivers), including developmental considerations, guidelines for gathering information, a case study to illustrate the process, and strategies for engaging diverse youth populations.</para>
</sect1>