<?xml version="1.0" encoding="UTF-8"?>
<preface id="pr0002">
   <prefaceinfo>
      <risinfo>
         <booktitle>Diagnostic Interviewing</booktitle>
         <isbn>9781071643624</isbn>
         <authorgroup>
            <author>
               <personname>
                  <firstname>Daniel L.</firstname>
                  <surname>Segal</surname>
               </personname>
            </author>
         </authorgroup>
         <publisher>
            <publishername>Springer US</publishername>
         </publisher>
         <pubdate>2025</pubdate>
      </risinfo>
      <primaryauthor>
         <personname>
            <firstname>Daniel L.</firstname>
            <surname>Segal</surname>
         </personname>
      </primaryauthor>
   </prefaceinfo>
   <title>Diagnostic Interviewing</title>
   <para>Editor <emphasis role="EditorName">Daniel L. Segal</emphasis>Sixth Edition 2025 Editor Daniel L. Segal ISBN 978-1-0716-4361-7e-ISBN 978-1-0716-4362-4</para>
   <figure float="0" id="pr0002s0001fg01" role="Figure">
      <title/>
      <mediaobject>
         <imageobject>
            <imagedata fileref="Prefacef01.jpg" scalefit="1" width="100%"/>
         </imageobject>
      </mediaobject>
   </figure>
   <para>https://doi. org/10.1007/978-1-0716-4362-4</para>
   <para role="SimplePara">This Springer imprint is published by the registered company Springer Science+Business Media, LLC, part of Springer Nature.</para>
   <para role="SimplePara">The registered company address is: 1 New York Plaza, New York, NY 10004, U. S. A.</para>
   <para role="SimplePara">Daniel L. Segal: This book is dedicated to Michel Hersen PhD, my friend and mentor. This book is also dedicated to my past and current students at the University of Colorado at Colorado Springs, who inspire me to learn more, to teach better, and to keep on writing.</para>
   <para role="Para">I’m delighted to invite you to read and learn from this new 6th edition of <emphasis>Diagnostic Interviewing</emphasis>. Having a 6th edition of a book suggests that its value has withstood the test of time, that it continues to serve a useful purpose, namely to help emerging and seasoned clinicians interview, assess, and understand their clients more effectively, and for that I’m very grateful. Of course, this new edition did not occur in a vacuum. Indeed, I owe a substantial debt of gratitude to the prior editors, Michel Hersen and Samuel M. Turner, who co-led the first three editions of this book. After Sam’s untimely death, Michel invited me to join the team and we co-edited the 4th edition together, which was published in 2010. After Michel’s retirement in 2011, I served as the sole editor for the 5th edition (published in 2019), a role I continue to serve for this new edition. Michel was a great mentor and friend to me since we first met in 1992, and I remain greatly appreciative of all that he has taught me about writing, publishing, supervising, mentoring, and teaching.</para>
   <para role="Para">The vision of this book has not changed since its inception many years ago. Indeed, one of the most difficult milestones in a new clinician’s career is the completion of the first interview with a real live client (as opposed to role-playing with volunteers or peers). Such endeavor is generally fraught with significant apprehension. However, if the interview goes well, there is much rejoicing. However, if the interview falls flat, there will be considerable consternation on the part of the clinician and usually heavy doses of constructive feedback from the supervisor. Regardless of the amount of preparation that has taken place before the interview, emerging clinicians will justifiably remain apprehensive about this endeavor. Thus, this new edition of <emphasis>Diagnostic Interviewing</emphasis>, like the prior editions, remains devoted to providing clear guidance and structure for new and seasoned clinicians in successfully engaging with a large variety of clients and presenting problems in diverse interviewing settings. I sincerely hope that readers of this book find many “pearls of wisdom” in these pages, and that this book helps them become more prepared, confident, and effective clinicians.</para>
   <para role="Para">In consideration of the positive response to prior editions of this book, my long time editor at Springer, Sharon Panulla, and I decided that it was time to update the material to include the most recent trends in evidence-based assessment and interviewing for a wide range of disorders and issues. However, the basic premise that a book of this nature needs to encompass a theoretical rationale, clinical description, and the pragmatics of “how to” once again has been dutifully followed. Thus, the reader will find consistencies between this new 6th edition and the prior ones that have been published. We still believe that students definitely need to read the material covered herein with consummate care. We are particularly concerned that in the clinical education of our graduate students, interviewing unfortunately continues to be given insufficient attention. Considering that good interviewing leads to appropriate clinical and research targets, we continue to underscore the critical importance of this area of training.</para>
   <itemizedlist mark="none" role="none">
      <listitem role="ListItem">
         <para role="Para">Description of the Disorder, Problem, or Special Population</para>
      </listitem>
      <listitem role="ListItem">
         <para role="Para">Procedures for Gathering Information</para>
      </listitem>
      <listitem role="ListItem">
         <para role="Para">Recommendations for Formal Assessment</para>
      </listitem>
      <listitem role="ListItem">
         <para role="Para">Case Illustrations</para>
      </listitem>
      <listitem role="ListItem">
         <para role="Para">Impact of Sex/Gender, Culture, Race, Age, and Other Aspects of Diversity</para>
      </listitem>
      <listitem role="ListItem">
         <para role="Para">Information Critical to Making a Diagnosis</para>
      </listitem>
      <listitem role="ListItem">
         <para role="Para">Dos and Don’ts</para>
      </listitem>
      <listitem role="ListItem">
         <para role="Para">Summary</para>
      </listitem>
      <listitem role="ListItem">
         <para role="Para">References</para>
      </listitem>
   </itemizedlist>
   <para role="Para">Many individuals have contributed to the development and production of this new edition. First, I wish to thank our eminent contributors for sharing with us their clinical and research experience and expertise. Second, I would like to thank Aravajy Meenahkumary for their technical assistance and for their excellent work in shepherding this book through production. Third, I wish to thank my departmental colleagues and friends at the University of Colorado at Colorado Springs (UCCS) for their support, and likewise I am grateful to my students at UCCS from whom I have learned so much. Finally, I once again thank my friend and editor at Springer, Sharon Panulla, for her appreciation of the need for this new edition of our text and for her ongoing enthusiasm and support for this endeavor. Daniel L. Segal Colorado Springs, CO, USAPart I General Issues<emphasis role="ExternalRef">
         <ulink url="ch0002.xml#ch0002">
            <emphasis role="RefSource">1 An Introduction to Clinical and Diagnostic Interviewing:​ Fundamental Skills and Key Issues</emphasis>
         </ulink>
      </emphasis>3 <emphasis role="AuthorName">Daniel L. Segal</emphasis> and <emphasis role="AuthorName">Megan Armstrong</emphasis>
      <emphasis role="ExternalRef">
         <ulink url="ch0003.xml#ch0003">
            <emphasis role="RefSource">2 Interviewing Strategies, Empathy, and Rapport</emphasis>
         </ulink>
      </emphasis>33 <emphasis role="AuthorName">Zara Kenigsberg</emphasis>, <emphasis role="AuthorName">Steven L. Bistricky</emphasis> and <emphasis role="AuthorName">Ryan J. Marek</emphasis>
      <emphasis role="ExternalRef">
         <ulink url="ch0004.xml#ch0004">
            <emphasis role="RefSource">3 Presenting Problem, History of Presenting Problem, and Social History</emphasis>
         </ulink>
      </emphasis>59 <emphasis role="AuthorName">Jennifer R. Roberts</emphasis>, <emphasis role="AuthorName">Candice M. Daniel</emphasis> and <emphasis role="AuthorName">John C. Hecker</emphasis>
      <emphasis role="ExternalRef">
         <ulink url="ch0005.xml#ch0005">
            <emphasis role="RefSource">4 Mental Status Examination</emphasis>
         </ulink>
      </emphasis>95 <emphasis role="AuthorName">Rakshitha Mohankumar</emphasis>, <emphasis role="AuthorName">Katie T. Singsank</emphasis>, <emphasis role="AuthorName">Brenna N. Renn</emphasis> and <emphasis role="AuthorName">Samantha E. John</emphasis>
      <emphasis role="ExternalRef">
         <ulink url="ch0006.xml#ch0006">
            <emphasis role="RefSource">5 Consideration of Neuropsychologic​al Factors in Interviewing</emphasis>
         </ulink>
      </emphasis>121 <emphasis role="AuthorName">Brian Yochim</emphasis> and <emphasis role="AuthorName">Stephanie Potts</emphasis>Part II Specific Disorders<emphasis role="ExternalRef">
         <ulink url="ch0008.xml#ch0008">
            <emphasis role="RefSource">6 Depressive Disorders</emphasis>
         </ulink>
      </emphasis>149 <emphasis role="AuthorName">Leilani Feliciano</emphasis> and <emphasis role="AuthorName">Tiana Broen</emphasis>
      <emphasis role="ExternalRef">
         <ulink url="ch0009.xml#ch0009">
            <emphasis role="RefSource">7 Bipolar Disorders</emphasis>
         </ulink>
      </emphasis>179 <emphasis role="AuthorName">Julianne E. Brady</emphasis>, <emphasis role="AuthorName">Christopher J. Miller</emphasis> and <emphasis role="AuthorName">Samantha L. Connolly</emphasis>
      <emphasis role="ExternalRef">
         <ulink url="ch0010.xml#ch0010">
            <emphasis role="RefSource">8 Anxiety Disorders</emphasis>
         </ulink>
      </emphasis>207 <emphasis role="AuthorName">David P. Valentiner</emphasis> and <emphasis role="AuthorName">Dominoe Jones</emphasis>
      <emphasis role="ExternalRef">
         <ulink url="ch0011.xml#ch0011">
            <emphasis role="RefSource">9 Obsessive-Compulsive and Related Disorders</emphasis>
         </ulink>
      </emphasis>235 <emphasis role="AuthorName">Jordan T. Stiede</emphasis>, <emphasis role="AuthorName">Erika S. Trent</emphasis>, <emphasis role="AuthorName">Gwendolyn H. Mc Innes</emphasis> and <emphasis role="AuthorName">Eric A. Storch</emphasis>
      <emphasis role="ExternalRef">
         <ulink url="ch0012.xml#ch0012">
            <emphasis role="RefSource">10 Trauma and Stressor-Related Disorders</emphasis>
         </ulink>
      </emphasis>265 <emphasis role="AuthorName">Osnat Lupesko-Persky</emphasis> and <emphasis role="AuthorName">Lisa M. Brown</emphasis>
      <emphasis role="ExternalRef">
         <ulink url="ch0013.xml#ch0013">
            <emphasis role="RefSource">11 Dissociative Disorders</emphasis>
         </ulink>
      </emphasis>299 <emphasis role="AuthorName">Tyson D. Bailey</emphasis>, <emphasis role="AuthorName">Stacey M. Boyer</emphasis> and <emphasis role="AuthorName">Bethany L. Brand</emphasis>
      <emphasis role="ExternalRef">
         <ulink url="ch0014.xml#ch0014">
            <emphasis role="RefSource">12 Somatic Symptom and Related Disorders</emphasis>
         </ulink>
      </emphasis>327 <emphasis role="AuthorName">Maria Kleinstäuber</emphasis>
      <emphasis role="ExternalRef">
         <ulink url="ch0015.xml#ch0015">
            <emphasis role="RefSource">13 Eating Disorders</emphasis>
         </ulink>
      </emphasis>353 <emphasis role="AuthorName">Kelsie T. Forbush</emphasis>, <emphasis role="AuthorName">Brittany K. Bohrer</emphasis>, <emphasis role="AuthorName">Marianna Thomeczek</emphasis>, <emphasis role="AuthorName">Sonakshi Negi</emphasis>, <emphasis role="AuthorName">Danielle A. N. Chapa</emphasis>, <emphasis role="AuthorName">Kara A. Christensen Pacella</emphasis>, <emphasis role="AuthorName">Anjali R. Sharma</emphasis>, <emphasis role="AuthorName">Alexis Exum</emphasis>, <emphasis role="AuthorName">Brianne Richson</emphasis> and <emphasis role="AuthorName">Michaela M. Voss</emphasis>
      <emphasis role="ExternalRef">
         <ulink url="ch0016.xml#ch0016">
            <emphasis role="RefSource">14 Sexual Dysfunctions, Gender Dysphoria, and Paraphilic Disorders</emphasis>
         </ulink>
      </emphasis>381 <emphasis role="AuthorName">Caroline F. Pukall</emphasis> and <emphasis role="AuthorName">Katherine Sutton</emphasis>
      <emphasis role="ExternalRef">
         <ulink url="ch0017.xml#ch0017">
            <emphasis role="RefSource">15 Substance Use Disorders</emphasis>
         </ulink>
      </emphasis>407 <emphasis role="AuthorName">Louisa Kane</emphasis>, <emphasis role="AuthorName">Catherine E. Paquette</emphasis> and <emphasis role="AuthorName">Stacey B. Daughters</emphasis>
      <emphasis role="ExternalRef">
         <ulink url="ch0018.xml#ch0018">
            <emphasis role="RefSource">16 Personality Disorders</emphasis>
         </ulink>
      </emphasis>429 <emphasis role="AuthorName">Katherine E. Hein</emphasis>, <emphasis role="AuthorName">Logan F. Folger</emphasis>, <emphasis role="AuthorName">Shakur J. Dennis</emphasis> and <emphasis role="AuthorName">Stephanie N. Mullins-Sweatt</emphasis>
      <emphasis role="ExternalRef">
         <ulink url="ch0019.xml#ch0019">
            <emphasis role="RefSource">17 Schizophrenia and Other Psychotic Disorders</emphasis>
         </ulink>
      </emphasis>455 <emphasis role="AuthorName">Jason E. Peer</emphasis>, <emphasis role="AuthorName">Samantha I. Fradkin</emphasis> and <emphasis role="AuthorName">Mary Katherine Howell</emphasis>Part III Special Populations<emphasis role="ExternalRef">
         <ulink url="ch0021.xml#ch0021">
            <emphasis role="RefSource">18 Interviewing Children</emphasis>
         </ulink>
      </emphasis>487 <emphasis role="AuthorName">Jennifer M. Canovas</emphasis>, <emphasis role="AuthorName">Rebecca A. Grossman</emphasis>, <emphasis role="AuthorName">Niza A. Tonarely-Busto</emphasis> and <emphasis role="AuthorName">Jill Ehrenreich-May</emphasis>
      <emphasis role="ExternalRef">
         <ulink url="ch0022.xml#ch0022">
            <emphasis role="RefSource">19 Interviewing Older Adults</emphasis>
         </ulink>
      </emphasis>517 <emphasis role="AuthorName">Kailey E. Roberts</emphasis>, <emphasis role="AuthorName">Lindsey Pappalardo</emphasis>, <emphasis role="AuthorName">Vicki Soogrim</emphasis> and <emphasis role="AuthorName">Richard A. Zweig</emphasis>
      <emphasis role="ExternalRef">
         <ulink url="ch0023.xml#ch0023">
            <emphasis role="RefSource">20 Interviewing in Health, Medical, and Integrated Care Settings</emphasis>
         </ulink>
      </emphasis>547 <emphasis role="AuthorName">Katie C. Mendoza</emphasis> and <emphasis role="AuthorName">Katie M. Connor</emphasis>
      <emphasis role="ExternalRef">
         <ulink url="ch0024.xml#ch0024">
            <emphasis role="RefSource">21 Interviewing Individuals at Risk for Suicide</emphasis>
         </ulink>
      </emphasis>575 <emphasis role="AuthorName">Francesca Fernandez</emphasis>, <emphasis role="AuthorName">Jessica L. Gerner</emphasis> and <emphasis role="AuthorName">David A. Jobes</emphasis>
      <emphasis role="ExternalRef">
         <phrase>
            <emphasis role="RefSource">Index</emphasis>
         </phrase>
      </emphasis>597</para>
</preface>