<?xml version="1.0" encoding="UTF-8"?>
<sect1 id="ch0011s0008" role="Heading">
   <sect1info>
      <risinfo>
         <risprev>sect1.9781071643624.ch0011s0007</risprev>
         <riscurrent>sect1.9781071643624.ch0011s0008</riscurrent>
         <risnext>sect1.9781071643624.</risnext>
         <booktitle>Diagnostic Interviewing</booktitle>
         <isbn>9781071643624</isbn>
         <chapternumber>11</chapternumber>
         <chapterid>ch0011</chapterid>
         <chaptertitle>9. Obsessive-Compulsive and Related Disorders</chaptertitle>
         <authorgroup>
            <author>
               <personname>
                  <firstname>Daniel L.</firstname>
                  <surname>Segal</surname>
               </personname>
            </author>
         </authorgroup>
         <publisher>
            <publishername>Springer US</publishername>
         </publisher>
         <pubdate>2025</pubdate>
      </risinfo>
      <primaryauthor>
         <personname>
            <firstname>Daniel L.</firstname>
            <surname>Segal</surname>
         </personname>
      </primaryauthor>
   </sect1info>
   <title>Summary</title>
   <para role="Para">OCD and OC-related disorders are psychiatric conditions that lead to significant distress and functional impairment in multiple domains. In clinical practice and healthcare settings, it is important that providers accurately diagnose these conditions to ensure that patients receive adequate care. There are several challenges associated with diagnosing these conditions, including diverse presentation of symptoms, symptom overlap, comorbid conditions, and low patient insight. It is critical that providers use evidence-based assessment tools when conducting diagnostic interviews with these patients. This chapter provides information on common clinician-administered interviews, as well as other assessment measures that can assist clinicians with gathering clinical information. Further, a case illustration demonstrates how an unstructured clinical interview can be guided by structured assessment tools to help diagnose OCD. We also highlight important diversity factors to consider, along with dos and don’ts when interviewing and assessing for OCD and related disorders. Overall, this chapter can be used as a resource for providers across different settings to help them obtain an accurate and informed diagnosis of OCD and related disorders.</para>
   <sidebar id="ch0011s0008ad01">
      <para/>
   </sidebar>
   <bibliography id="ch0011s0008bib0074">
      <bibliomixed id="ch0011s0008bib01">Journal of Anxiety Disorders, 78 PubMed</bibliomixed>
      <bibliomixed id="ch0011s0008bib02">Psychiatry Research, 298 PubMed</bibliomixed>
      <bibliomixed id="ch0011s0008bib03">Journal of Anxiety Disorders, 86 PubMedPubMed Central</bibliomixed>
      <bibliomixed id="ch0011s0008bib04">Journal of Affective Disorders, 312 PubMedPubMed Central</bibliomixed>
      <bibliomixed id="ch0011s0008bib05">Psychological Assessment, 22https://​doi.​org/​10.​1037/​a 0018260 CrossrefPubMed</bibliomixed>
      <bibliomixed id="ch0011s0008bib06">https://​doi.​org/​10.​1176/​appi.​books.​9780890425787</bibliomixed>
      <bibliomixed id="ch0011s0008bib07">Clinical Psychology Review, 49https://​doi.​org/​10.​1016/​j.​cpr.​2016.​08.​002 CrossrefPubMed</bibliomixed>
      <bibliomixed id="ch0011s0008bib08">Journal of Clinical Psychopharmacology, 19https://​doi.​org/​10.​1097/​00004714-199902000-00005 CrossrefPubMed</bibliomixed>
      <bibliomixed id="ch0011s0008bib09">The American Journal of Psychiatry, 150 PubMed</bibliomixed>
      <bibliomixed id="ch0011s0008bib10">Comprehensive Psychiatry, 76 PubMed</bibliomixed>
      <bibliomixed id="ch0011s0008bib11">Anxiety and related disorders interview schedule for DSM-5 (ADIS-5)-adult and lifetime version: Clinician manual</bibliomixed>
      <bibliomixed id="ch0011s0008bib12">The Journal of Nervous and Mental Disease, 187 PubMed</bibliomixed>
      <bibliomixed id="ch0011s0008bib13">Body Image, 1https://​doi.​org/​10.​1016/​j.​bodyim.​2004.​10.​001 Crossref</bibliomixed>
      <bibliomixed id="ch0011s0008bib14">Journal of the American Academy of Child &amp; Adolescent Psychiatry, 53</bibliomixed>
      <bibliomixed id="ch0011s0008bib15">Journal of Anxiety Disorders, 23https://​doi.​org/​10.​1016/​j.​janxdis.​2009.​07.​015 CrossrefPubMed</bibliomixed>
      <bibliomixed id="ch0011s0008bib16">American Journal of Psychiatry, 155 PubMed</bibliomixed>
      <bibliomixed id="ch0011s0008bib17">Journal of Anxiety Disorders, 24https://​doi.​org/​10.​1016/​j.​janxdis.​2009.​11.​001 CrossrefPubMed</bibliomixed>
      <bibliomixed id="ch0011s0008bib18">Structured clinical interview for DSM-5 disorders: SCID-5-CV clinician version</bibliomixed>
      <bibliomixed id="ch0011s0008bib19">Journal of Psychopathology and Behavioral Assessment, 30https://​doi.​org/​10.​1007/​s 10862-007-9073-x Crossref</bibliomixed>
      <bibliomixed id="ch0011s0008bib20">Journal of Psychopathology and Behavioral Assessment, 33</bibliomixed>
      <bibliomixed id="ch0011s0008bib21">Psychological Assessment, 14</bibliomixed>
      <bibliomixed id="ch0011s0008bib22">Behavior Therapy, 41 PubMed</bibliomixed>
      <bibliomixed id="ch0011s0008bib23">Behavior Therapy, 33</bibliomixed>
      <bibliomixed id="ch0011s0008bib24">Behaviour Research and Therapy, 42 PubMed</bibliomixed>
      <bibliomixed id="ch0011s0008bib25">Journal of Psychopathology and Behavioral Assessment, 30</bibliomixed>
      <bibliomixed id="ch0011s0008bib26">Journal of Psychopathology and Behavioral Assessment, 31https://​doi.​org/​10.​1007/​s 10862-008-9094-0 CrossrefPubMedPubMed Central</bibliomixed>
      <bibliomixed id="ch0011s0008bib27">Archives of General Psychiatry, 46https://​doi.​org/​10.​1001/​archpsyc.​1989.​01810110048007 CrossrefPubMed</bibliomixed>
      <bibliomixed id="ch0011s0008bib28">Journal of Clinical Psychiatry, 68 PubMed</bibliomixed>
      <bibliomixed id="ch0011s0008bib29">Journal of Anxiety Disorders, 23 PubMed</bibliomixed>
      <bibliomixed id="ch0011s0008bib30">Clinical Psychology Review, 48https://​doi.​org/​10.​1016/​j.​cpr.​2016.​05.​007 CrossrefPubMed</bibliomixed>
      <bibliomixed id="ch0011s0008bib31">The Psychiatric Clinics of North America, 46https://​doi.​org/​10.​1016/​j.​psc.​2022.​10.​005 CrossrefPubMed</bibliomixed>
      <bibliomixed id="ch0011s0008bib32">Journal of the American Academy of Child and Adolescent Psychiatry, 36https://​doi.​org/​10.​1097/​00004583-199707000-00021 CrossrefPubMed</bibliomixed>
      <bibliomixed id="ch0011s0008bib33">Psychotherapy and Psychosomatics, 64https://​doi.​org/​10.​1017/​CBO9781107415324​.​004 CrossrefPubMed</bibliomixed>
      <bibliomixed id="ch0011s0008bib34">Psychosomatics, 42 PubMed</bibliomixed>
      <bibliomixed id="ch0011s0008bib35">Journal of Obsessive-Compulsive and Related Disorders, 2</bibliomixed>
      <bibliomixed id="ch0011s0008bib36">Clinical Psychology Review, 30https://​doi.​org/​10.​1016/​j.​cpr.​2009.​09.​005 CrossrefPubMed</bibliomixed>
      <bibliomixed id="ch0011s0008bib37">Current Psychiatry Reports, 21https://​doi.​org/​10.​1007/​s 11920-019-1015-2 CrossrefPubMed</bibliomixed>
      <bibliomixed id="ch0011s0008bib38">Brazilian Journal of Psychiatry, 33 PubMed</bibliomixed>
      <bibliomixed id="ch0011s0008bib39">Comprehensive Psychiatry, 44https://​doi.​org/​10.​1053/​comp.​2003.​50005 CrossrefPubMed</bibliomixed>
      <bibliomixed id="ch0011s0008bib40">Journal of Obsessive-Compulsive and Related Disorders, 2</bibliomixed>
      <bibliomixed id="ch0011s0008bib41">Handbook on obsessive-compulsive and related disorders</bibliomixed>
      <bibliomixed id="ch0011s0008bib42">Psychopharmacology Bulletin, 33 PubMed</bibliomixed>
      <bibliomixed id="ch0011s0008bib43">Journal of Clinical Child and Adolescent Psychology, 36 PubMed</bibliomixed>
      <bibliomixed id="ch0011s0008bib44">Journal of Obsessive-Compulsive and Related Disorders, 2 PubMed</bibliomixed>
      <bibliomixed id="ch0011s0008bib45">Journal of Central Nervous System Disease, 8</bibliomixed>
      <bibliomixed id="ch0011s0008bib46">Molecular Psychiatry, 11 PubMed</bibliomixed>
      <bibliomixed id="ch0011s0008bib47">Behaviour Research and Therapy, 32https://​doi.​org/​10.​1016/​0005-7967(94)90022-1 CrossrefPubMed</bibliomixed>
      <bibliomixed id="ch0011s0008bib48">Molecular Psychiatry, 15 PubMed</bibliomixed>
      <bibliomixed id="ch0011s0008bib49">Journal of Affective Disorders, 175 PubMedPubMed Central</bibliomixed>
      <bibliomixed id="ch0011s0008bib50">Journal of the American Academy of Child and Adolescent Psychiatry, 36https://​doi.​org/​10.​1097/​00004583-199706000-00023 CrossrefPubMed</bibliomixed>
      <bibliomixed id="ch0011s0008bib51">Comprehensive Psychiatry, 81 PubMed</bibliomixed>
      <bibliomixed id="ch0011s0008bib52">The MINI International Neuropsychiatric Interview for Children and Adolescents, English Version 7.0.1 for DSM-5</bibliomixed>
      <bibliomixed id="ch0011s0008bib53">Journal of Clinical Psychiatry, 59 PubMed</bibliomixed>
      <bibliomixed id="ch0011s0008bib54">Anxiety and Related Disorders Interview Schedule for DSM-5, child and parent version: Clinician manual</bibliomixed>
      <bibliomixed id="ch0011s0008bib55">Journal of Anxiety Disorders, 20 PubMed</bibliomixed>
      <bibliomixed id="ch0011s0008bib56">Journal of Clinical Psychology, 63 PubMed</bibliomixed>
      <bibliomixed id="ch0011s0008bib57">Child Psychiatry and Human Development, 40 PubMed</bibliomixed>
      <bibliomixed id="ch0011s0008bib58">Psychological Assessment, 22 PubMed</bibliomixed>
      <bibliomixed id="ch0011s0008bib59">Comprehensive Psychiatry, 73 PubMed</bibliomixed>
      <bibliomixed id="ch0011s0008bib60">Journal of the American Academy of Child &amp; Adolescent Psychiatry, 58</bibliomixed>
      <bibliomixed id="ch0011s0008bib61">New England Journal of Medicine, 321https://​doi.​org/​10.​1056/​nejm 198908243210​803 CrossrefPubMed</bibliomixed>
      <bibliomixed id="ch0011s0008bib62">Clinical Psychology Review, 15</bibliomixed>
      <bibliomixed id="ch0011s0008bib63">Psychiatry Research, 178 PubMedPubMed Central</bibliomixed>
      <bibliomixed id="ch0011s0008bib64">Assessment, 25https://​doi.​org/​10.​1177/​1073191116638410​CrossrefPubMed</bibliomixed>
      <bibliomixed id="ch0011s0008bib65">Assessment, 30https://​doi.​org/​10.​1177/​1073191122114399​4 CrossrefPubMed</bibliomixed>
      <bibliomixed id="ch0011s0008bib66">Behavioural and Cognitive Psychotherapy, 42https://​doi.​org/​10.​1017/​S135246581300055​6 CrossrefPubMed</bibliomixed>
      <bibliomixed id="ch0011s0008bib67">Journal of Clinical Medicine, 10https://​doi.​org/​10.​3390/​jcm 10020274 CrossrefPubMedPubMed Central</bibliomixed>
      <bibliomixed id="ch0011s0008bib68">American Journal of Orthopsychiatry, 90https://​doi.​org/​10.​1037/​ort 0000447 CrossrefPubMed</bibliomixed>
      <bibliomixed id="ch0011s0008bib69">Journal of Behavior Therapy and Experimental Psychiatry, 40 PubMed</bibliomixed>
      <bibliomixed id="ch0011s0008bib70">Journal of Obsessive-Compulsive and Related Disorders, 1https://​doi.​org/​10.​1016/​j.​jocrd.​2011.​12.​001 CrossrefPubMedPubMed Central</bibliomixed>
      <bibliomixed id="ch0011s0008bib71">The Cognitive Behaviour Therapist, 13</bibliomixed>
      <bibliomixed id="ch0011s0008bib72">Journal of Clinical Psychiatry, 67https://​doi.​org/​10.​4088/​JCP.​v 67n 1207 CrossrefPubMed</bibliomixed>
      <bibliomixed id="ch0011s0008bib73">Psychological Assessment, 28 PubMed</bibliomixed>
   </bibliography>
</sect1>