<?xml version="1.0" encoding="UTF-8"?>
<sect1 id="ch0016s0008" role="Heading">
   <sect1info>
      <risinfo>
         <risprev>sect1.9781071643624.ch0016s0007</risprev>
         <riscurrent>sect1.9781071643624.ch0016s0008</riscurrent>
         <risnext>sect1.9781071643624.</risnext>
         <booktitle>Diagnostic Interviewing</booktitle>
         <isbn>9781071643624</isbn>
         <chapternumber>16</chapternumber>
         <chapterid>ch0016</chapterid>
         <chaptertitle>14. Sexual Dysfunctions, Gender Dysphoria, and Paraphilic Disorders</chaptertitle>
         <authorgroup>
            <author>
               <personname>
                  <firstname>Daniel L.</firstname>
                  <surname>Segal</surname>
               </personname>
            </author>
         </authorgroup>
         <publisher>
            <publishername>Springer US</publishername>
         </publisher>
         <pubdate>2025</pubdate>
      </risinfo>
      <primaryauthor>
         <personname>
            <firstname>Daniel L.</firstname>
            <surname>Segal</surname>
         </personname>
      </primaryauthor>
   </sect1info>
   <title>Summary</title>
   <para role="Para">There are a number of disorders related to sexuality, gender, and paraphilias, and each must be carefully assessed and characterized. At a minimum, a single question about any sexual concern is necessary to potentially raise an issue that the patient may want to address but feels too embarrassed to spontaneously report.</para>
   <sidebar id="ch0016s0008ad01">
      <para/>
   </sidebar>
   <bibliography id="ch0016s0008bib0078">
      <bibliomixed id="ch0016s0008bib01">Sexual Abuse: A Journal of Research and Treatment, 10https://​doi.​org/​10.​1177/​1079063298010002​02 Crossref</bibliomixed>
      <bibliomixed id="ch0016s0008bib02">Psychiatry, Psychology and Law, 19https://​doi.​org/​10.​1080/​13218719.​2010.​547161 Crossref</bibliomixed>
      <bibliomixed id="ch0016s0008bib03">Counseling LGBTI clients</bibliomixed>
      <bibliomixed id="ch0016s0008bib04">Archives of Sexual Behavior, 53https://​doi.​org/​10.​1007/​s 10508-023-02662-y CrossrefPubMed</bibliomixed>
      <bibliomixed id="ch0016s0008bib05">Diagnostic and statistical manual of mental disorders Crossref</bibliomixed>
      <bibliomixed id="ch0016s0008bib06">The criminal sentiments scale</bibliomixed>
      <bibliomixed id="ch0016s0008bib07">ATSA practice guidelines for assessment, treatment interventions, and management strategies for male adult sexual abusers</bibliomixed>
      <bibliomixed id="ch0016s0008bib08">Trans youth CAN! Gender distress scale (TYC-GDS)</bibliomixed>
      <bibliomixed id="ch0016s0008bib09">BMC Public Health, 15https://​doi.​org/​10.​1186/​s 12889-015-1867-2 CrossrefPubMedPubMed Central</bibliomixed>
      <bibliomixed id="ch0016s0008bib10">Archives of Clinical Neuropsychology, 27https://​doi.​org/​10.​1093/​arclin/​acs 083 CrossrefPubMed</bibliomixed>
      <bibliomixed id="ch0016s0008bib11">MMPI-3 manual for administration, scoring, and interpretation</bibliomixed>
      <bibliomixed id="ch0016s0008bib12">Journal of Women’s Health, 21https://​doi.​org/​10.​1089/​jwh.​2011.​307 CrossrefPubMedPubMed Central</bibliomixed>
      <bibliomixed id="ch0016s0008bib13">The psychology of criminal conduct</bibliomixed>
      <bibliomixed id="ch0016s0008bib14">Sexual Abuse, 33https://​doi.​org/​10.​1177/​1079063219871572​CrossrefPubMed</bibliomixed>
      <bibliomixed id="ch0016s0008bib15">Archives of Sexual Behavior, 43https://​doi.​org/​10.​1007/​s 10508-014-0323-1 CrossrefPubMed</bibliomixed>
      <bibliomixed id="ch0016s0008bib16">Transgender Health, 3https://​doi.​org/​10.​1089/​trgh.​2017.​0053 CrossrefPubMedPubMed Central</bibliomixed>
      <bibliomixed id="ch0016s0008bib17">International Journal of Transgender Health, 23https://​doi.​org/​10.​1080/​26895269.​2022.​2100644 CrossrefPubMedPubMed Central</bibliomixed>
      <bibliomixed id="ch0016s0008bib18">Women who sexually abuse: Assessment, treatment &amp; management</bibliomixed>
      <bibliomixed id="ch0016s0008bib19">The Journal of Sexual Medicine, 7https://​doi.​org/​10.​1111/​j.​1743-6109.​2009.​01579.​x CrossrefPubMed</bibliomixed>
      <bibliomixed id="ch0016s0008bib20">Pain, 157https://​doi.​org/​10.​1097/​j.​pain.​0000000000000682​CrossrefPubMed</bibliomixed>
      <bibliomixed id="ch0016s0008bib21">Sexual Abuse: A Journal of Research and Treatment, 28https://​doi.​org/​10.​1177/​1079063214525645​CrossrefPubMed</bibliomixed>
      <bibliomixed id="ch0016s0008bib22">Journal of Sex &amp; Marital Therapy, 28https://​doi.​org/​10.​1080/​0092623029000144​8 Crossref</bibliomixed>
      <bibliomixed id="ch0016s0008bib23">Criminal Justice Policy Review, 30https://​doi.​org/​10.​1177/​0887403417718608​Crossref</bibliomixed>
      <bibliomixed id="ch0016s0008bib24">Predicting risk of recidivism for incarcerated sex offenders: Updated development on the Sex Offender Screening Tool (SOST)</bibliomixed>
      <bibliomixed id="ch0016s0008bib25">Archives of Sexual Behavior, 33https://​doi.​org/​10.​1023/​B:​ASEB.​0000044737.​62561.​fd CrossrefPubMed</bibliomixed>
      <bibliomixed id="ch0016s0008bib26">Journal of Threat Assessment and Management, 3https://​doi.​org/​10.​1037/​tam 0000067 Crossref</bibliomixed>
      <bibliomixed id="ch0016s0008bib27">The cultural context of sexual pleasure and problems: Psychotherapy with diverse clients</bibliomixed>
      <bibliomixed id="ch0016s0008bib28">Psychology, Public Policy, and Law, 24https://​doi.​org/​10.​1037/​law 0000135 Crossref</bibliomixed>
      <bibliomixed id="ch0016s0008bib29">Assessing the risk of sexual offenders on community supervision: The dynamic supervision project (user report, corrections research)http://​www.​publicsafety.​gc.​ca/​cnt/​rsrcs/​pblctns/​ssssng-rsk-sxl-ffndrs/​index-eng.​aspx</bibliomixed>
      <bibliomixed id="ch0016s0008bib30">Law and Human Behavior, 24https://​doi.​org/​10.​1023/​A:​1005482921333 CrossrefPubMed</bibliomixed>
      <bibliomixed id="ch0016s0008bib31">Clinical handbook of couple therapy</bibliomixed>
      <bibliomixed id="ch0016s0008bib32">Manual for the revised psychopathy checklist</bibliomixed>
      <bibliomixed id="ch0016s0008bib33">Journal of Sexual Aggression, 16https://​doi.​org/​10.​1080/​13552600.​2010.​494772 Crossref</bibliomixed>
      <bibliomixed id="ch0016s0008bib34">International Journal of Risk &amp; Safety in Medicine, 33https://​doi.​org/​10.​3233/​JRS-210023 Crossref</bibliomixed>
      <bibliomixed id="ch0016s0008bib35">Psychology, Public Policy, and Law, 28https://​doi.​org/​10.​1037/​law 0000351 Crossref</bibliomixed>
      <bibliomixed id="ch0016s0008bib36">Sexual Addiction &amp; Compulsivity, 23https://​doi.​org/​10.​1080/​10720162.​2015.​1095137 Crossref</bibliomixed>
      <bibliomixed id="ch0016s0008bib37">Archives of Sexual Behavior, 37https://​doi.​org/​10.​1007/​s 10508-007-9245-5 CrossrefPubMed</bibliomixed>
      <bibliomixed id="ch0016s0008bib38">Journal of Sex Research, 54https://​doi.​org/​10.​1080/​00224499.​2016.​1139034 CrossrefPubMed</bibliomixed>
      <bibliomixed id="ch0016s0008bib39">Clarke sexual history questionnaire for males-revised. Technical manual</bibliomixed>
      <bibliomixed id="ch0016s0008bib40">Journal of Interpersonal Violence, 15https://​doi.​org/​10.​1177/​0886260000150120​04 Crossref</bibliomixed>
      <bibliomixed id="ch0016s0008bib41">Handbook of clinical sexuality for mental health professionals Crossref</bibliomixed>
      <bibliomixed id="ch0016s0008bib42"/>
      <bibliomixed id="ch0016s0008bib43">Annals of Plastic Surgery, 86https://​doi.​org/​10.​1097/​SAP.​0000000000002351​CrossrefPubMed</bibliomixed>
      <bibliomixed id="ch0016s0008bib44">Human sexual response</bibliomixed>
      <bibliomixed id="ch0016s0008bib45">The Journal of Sexual Medicine, 13https://​doi.​org/​10.​1016/​j.​jsxm.​2015.​12.​034 CrossrefPubMed</bibliomixed>
      <bibliomixed id="ch0016s0008bib46">International Journal of Transgender Health, 21https://​doi.​org/​10.​1080/​26895269.​2020.​1723460 CrossrefPubMedPubMed Central</bibliomixed>
      <bibliomixed id="ch0016s0008bib47">Assessment, 26https://​doi.​org/​10.​1177/​1073191117706139​CrossrefPubMed</bibliomixed>
      <bibliomixed id="ch0016s0008bib48">The handbook of sexuality related measures</bibliomixed>
      <bibliomixed id="ch0016s0008bib49">MIDSA clinical manual</bibliomixed>
      <bibliomixed id="ch0016s0008bib50">Psychological Assessment, 24https://​doi.​org/​10.​1037/​a 0026015 CrossrefPubMed</bibliomixed>
      <bibliomixed id="ch0016s0008bib51">Multiphasic sex inventory II</bibliomixed>
      <bibliomixed id="ch0016s0008bib52">Multiphasic sex inventory manual</bibliomixed>
      <bibliomixed id="ch0016s0008bib53">Psychological Assessment, 30https://​doi.​org/​10.​1037/​pas 0000538 CrossrefPubMed</bibliomixed>
      <bibliomixed id="ch0016s0008bib54">Psychological Assessment, 19https://​doi.​org/​10.​1037/​1040-3590.​19.​3.​318 CrossrefPubMed</bibliomixed>
      <bibliomixed id="ch0016s0008bib55">Paulhus deception scales</bibliomixed>
      <bibliomixed id="ch0016s0008bib56">Static-99R coding rules: Revised 2016www.​static 99.​org</bibliomixed>
      <bibliomixed id="ch0016s0008bib57">Psychopathology: From science to clinical practice</bibliomixed>
      <bibliomixed id="ch0016s0008bib58">Violent offenders: Appraising and managing risk Crossref</bibliomixed>
      <bibliomixed id="ch0016s0008bib59">Psychological Assessment, 25https://​doi.​org/​10.​1037/​a 0032878 CrossrefPubMed</bibliomixed>
      <bibliomixed id="ch0016s0008bib60">Journal of Sex &amp; Marital Therapy, 26https://​doi.​org/​10.​1080/​009262300278597 Crossref</bibliomixed>
      <bibliomixed id="ch0016s0008bib61">Urology, 49https://​doi.​org/​10.​1016/​s 0090-4295(97)00238-0 CrossrefPubMed</bibliomixed>
      <bibliomixed id="ch0016s0008bib62">Archives of Sexual Behavior, 47https://​doi.​org/​10.​1007/​s 10508-018-1146-2 CrossrefPubMed</bibliomixed>
      <bibliomixed id="ch0016s0008bib63">Archives of Sexual Behavior, 46https://​doi.​org/​10.​1007/​s 10508-016-0806-3 CrossrefPubMed</bibliomixed>
      <bibliomixed id="ch0016s0008bib64">Pedophilia and sexual offending against children: Theory, assessment, and intervention</bibliomixed>
      <bibliomixed id="ch0016s0008bib65">The Psychiatric Clinics of North America, 37https://​doi.​org/​10.​1016/​j.​psc.​2014.​03.​001 CrossrefPubMed</bibliomixed>
      <bibliomixed id="ch0016s0008bib66">The Journal of Sexual Medicine, 2https://​doi.​org/​10.​1111/​j.​1743-6109.​2005.​00146.​x CrossrefPubMed</bibliomixed>
      <bibliomixed id="ch0016s0008bib67">Criminal Justice and Behavior, 24https://​psycnet.​apa.​org/​doi/​10.​1177/​0093854897024001​004 Crossref</bibliomixed>
      <bibliomixed id="ch0016s0008bib68">Journal of Marriage and Family, 38https://​doi.​org/​10.​2307/​350547 Crossref</bibliomixed>
      <bibliomixed id="ch0016s0008bib69">Journal of Clinical Child &amp; Adolescent Psychology, 47https://​doi.​org/​10.​1080/​15374416.​2016.​1228462 Crossref</bibliomixed>
      <bibliomixed id="ch0016s0008bib70">European Urology, 52https://​doi.​org/​10.​1016/​j.​eururo.​2007.​01.​028 CrossrefPubMed</bibliomixed>
      <bibliomixed id="ch0016s0008bib71">JAMA Network Open, 5https://​doi.​org/​10.​1001/​jamanetworkopen.​2022.​0978 CrossrefPubMedPubMed Central</bibliomixed>
      <bibliomixed id="ch0016s0008bib72">Archives of Sexual Behavior, 44https://​doi.​org/​10.​1007/​s 10508-015-0490-8 CrossrefPubMed</bibliomixed>
      <bibliomixed id="ch0016s0008bib73">Profile patterns of sex offenders using the Minnesota multiphasic personality inventory–restructured form (MMPI-2-RF)https://​repository.​fit.​edu/​cgi/​viewcontent.​cgi?​article=​1374&amp;​context=​etd</bibliomixed>
      <bibliomixed id="ch0016s0008bib74">Working with sex offenders: A guide for practitioners Crossref</bibliomixed>
      <bibliomixed id="ch0016s0008bib75">Treatment of sex offenders Crossref</bibliomixed>
      <bibliomixed id="ch0016s0008bib76">Sexual dysfunction: A guide for assessment and treatment</bibliomixed>
      <bibliomixed id="ch0016s0008bib77">Sexual Abuse: A Journal of Research and Treatment, 18https://​doi.​org/​10.​1177/​1079063206018003​03 CrossrefPubMed</bibliomixed>
   </bibliography>
</sect1>