<?xml version="1.0" encoding="UTF-8"?>
<sect1 id="ch0012s0009">
   <sect1info>
      <risinfo>
         <risprev>sect1.9781071643624.</risprev>
         <riscurrent>sect1.9781071643624.ch0012s0009</riscurrent>
         <risnext>sect1.9781071643624.ch0012s0001</risnext>
         <booktitle>Diagnostic Interviewing</booktitle>
         <isbn>9781071643624</isbn>
         <chapternumber>12</chapternumber>
         <chapterid>ch0012</chapterid>
         <chaptertitle>10. Trauma and Stressor-Related Disorders</chaptertitle>
         <authorgroup>
            <author>
               <personname>
                  <firstname>Daniel L.</firstname>
                  <surname>Segal</surname>
               </personname>
            </author>
         </authorgroup>
         <publisher>
            <publishername>Springer US</publishername>
         </publisher>
         <pubdate>2025</pubdate>
      </risinfo>
      <primaryauthor>
         <personname>
            <firstname>Daniel L.</firstname>
            <surname>Segal</surname>
         </personname>
      </primaryauthor>
   </sect1info>
   <title>10. Trauma and Stressor-Related Disorders</title>
   <para>D. L. Segal<emphasis role="CollaboratorDesignation"> (ed.)</emphasis>
      <emphasis role="BookTitle">Diagnostic Interviewing</emphasis>
      <ulink url="https://doi.org/10.1007/978-1-0716-4362-4_10">https://doi. org/10.1007/978-1-0716-4362-4_10</ulink>
      <emphasis role="AuthorName">Osnat Lupesko-Persky</emphasis>
      <superscript>1</superscript> and <emphasis role="AuthorName">Lisa M. Brown</emphasis>
      <superscript>2 <emphasis>ContactOf Author 2</emphasis>
      </superscript>(1)(2)Lisa M. Brown Email:</para>
   <para>lbrown@paloaltou. edu Trauma Posttraumatic stress Acute stress Adjustment Prolonged grief Assessment</para>
</sect1>