<?xml version="1.0" encoding="UTF-8"?>
<sect1 id="ch0013s0007" role="Heading">
   <sect1info>
      <risinfo>
         <risprev>sect1.9781071643624.ch0013s0006</risprev>
         <riscurrent>sect1.9781071643624.ch0013s0007</riscurrent>
         <risnext>sect1.9781071643624.</risnext>
         <booktitle>Diagnostic Interviewing</booktitle>
         <isbn>9781071643624</isbn>
         <chapternumber>13</chapternumber>
         <chapterid>ch0013</chapterid>
         <chaptertitle>11. Dissociative Disorders</chaptertitle>
         <authorgroup>
            <author>
               <personname>
                  <firstname>Daniel L.</firstname>
                  <surname>Segal</surname>
               </personname>
            </author>
         </authorgroup>
         <publisher>
            <publishername>Springer US</publishername>
         </publisher>
         <pubdate>2025</pubdate>
      </risinfo>
      <primaryauthor>
         <personname>
            <firstname>Daniel L.</firstname>
            <surname>Segal</surname>
         </personname>
      </primaryauthor>
   </sect1info>
   <title>Summary</title>
   <para role="Para">Dissociative symptoms are conceptualized on a continuum, from those that are not considered pathological (e. g., highway hypnosis) to those that significantly impair functioning (e. g., identity fragmentation). Although generally thought of as rare, dissociative symptoms are common across many disorders, including PTSD and DDs. Given the potential impacts on treatment, it is imperative dissociation is routinely assessed for, particularly when there is a reported history of trauma. However, individuals with DDs may be less likely to discuss these experiences at first because of concerns about how they will be perceived or whether the clinician can be trusted. As an alliance is formed, it is important to continue to evaluating whether or not dissociation is present, using multi-measure/source corroboration whenever possible. It is also important to obtain training, regardless of whether you are going to treat dissociation, as DDs are frequently misdiagnosed by those who have not learned how to effectively assess dissociative symptoms.</para>
   <sidebar id="ch0013s0007ad01">
      <para/>
   </sidebar>
   <bibliography id="ch0013s0007bib0063">
      <bibliomixed id="ch0013s0007bib01">Psychological Trauma: Theory, Research, Practice &amp; Policy. https://​doi.​org/​10.​1037/​tra 0001611</bibliomixed>
      <bibliomixed id="ch0013s0007bib02">Diagnostic and statistical manual of mental disorders DSM-5-text revision Crossref</bibliomixed>
      <bibliomixed id="ch0013s0007bib03">Psychological Trauma: Theory, Research, Practice &amp; Policy, 15https://​doi.​org/​10.​1037/​tra 0001413 Crossref</bibliomixed>
      <bibliomixed id="ch0013s0007bib04">Journal of Nervous and Mental Disease, 174 CrossrefPubMed</bibliomixed>
      <bibliomixed id="ch0013s0007bib05">Delaware Journal of Public Health, 8https://​doi.​org/​10.​32481/​djph.​2022.​05.​010 CrossrefPubMedPubMed Central</bibliomixed>
      <bibliomixed id="ch0013s0007bib06">Journal of Anxiety and Depression, 5https://​doi.​org/​10.​4172/​2167-1044.​1000251 Crossref</bibliomixed>
      <bibliomixed id="ch0013s0007bib07">The concise guide to the assessment and treatment of trauma-related dissociation</bibliomixed>
      <bibliomixed id="ch0013s0007bib08">Psychological Trauma: Theory, Research, Practice, and Policy, 7https://​doi.​org/​10.​1037/​a 0035181 CrossrefPubMed</bibliomixed>
      <bibliomixed id="ch0013s0007bib09">Journal of Trauma &amp; Dissociation, 15 Crossref</bibliomixed>
      <bibliomixed id="ch0013s0007bib10">The Psychiatric Clinics of North America, 29 CrossrefPubMed</bibliomixed>
      <bibliomixed id="ch0013s0007bib11">Psychological Trauma: Theory, Research, Practice, and Policy, 1 Crossref</bibliomixed>
      <bibliomixed id="ch0013s0007bib12">Psychological Trauma: Theory, Research, Practice, and Policy, 6 Crossref</bibliomixed>
      <bibliomixed id="ch0013s0007bib13">The Journal of the American Academy of Psychiatry and the Law, 44 PubMed</bibliomixed>
      <bibliomixed id="ch0013s0007bib14">Psychological Trauma: Theory, Research, Practice &amp; Policy, 11 Crossref</bibliomixed>
      <bibliomixed id="ch0013s0007bib15">Detailed assessment of posttraumatic stress</bibliomixed>
      <bibliomixed id="ch0013s0007bib16">The multiscale dissociation inventory (MDI) professional manual</bibliomixed>
      <bibliomixed id="ch0013s0007bib17">Trauma symptom inventory-2 (TSI-2): Professional manual</bibliomixed>
      <bibliomixed id="ch0013s0007bib18">Psycholical Trauma: Theory, Research, Practice, and Policy, 8https://​doi.​org/​10.​1037/​tra 0000126 Crossref</bibliomixed>
      <bibliomixed id="ch0013s0007bib19">Cultural competence in trauma therapy: Beyond the flashback Crossref</bibliomixed>
      <bibliomixed id="ch0013s0007bib20">Manual for the administration and scoring of the MMPI-2</bibliomixed>
      <bibliomixed id="ch0013s0007bib21">Intersectionality</bibliomixed>
      <bibliomixed id="ch0013s0007bib22">European Journal of Psychotraumatology, 5</bibliomixed>
      <bibliomixed id="ch0013s0007bib23">Psychological Bulletin, 138https://​doi.​org/​10.​1037/​a 0027447 CrossrefPubMed</bibliomixed>
      <bibliomixed id="ch0013s0007bib24">Psychological Bulletin, 140 CrossrefPubMed</bibliomixed>
      <bibliomixed id="ch0013s0007bib25">The Journal of Nervous and Mental Disease, 190 CrossrefPubMed</bibliomixed>
      <bibliomixed id="ch0013s0007bib26">Psychiatric Clinics of North America, 29 CrossrefPubMed</bibliomixed>
      <bibliomixed id="ch0013s0007bib27">Journal of Trauma &amp; Dissociation, 7 Crossref</bibliomixed>
      <bibliomixed id="ch0013s0007bib28">Journal of Trauma &amp; Dissociation, 6https://​doi.​org/​10.​1300/​J229v 06n 04_​03 Crossref</bibliomixed>
      <bibliomixed id="ch0013s0007bib29">The Journal of Nervous and Mental Disease, 197https://​doi.​org/​10.​1097/​NMD.​0b 013e 3181c 299ea​CrossrefPubMed</bibliomixed>
      <bibliomixed id="ch0013s0007bib30">Australian and New Zealand Journal of Psychiatry, 48 CrossrefPubMed</bibliomixed>
      <bibliomixed id="ch0013s0007bib31">The Rorschach: A comprehensive system</bibliomixed>
      <bibliomixed id="ch0013s0007bib32">Psychological Trauma: Theory, Research, Practice, and Policy.</bibliomixed>
      <bibliomixed id="ch0013s0007bib33">Journal of Nervous and Mental Disease, 196 CrossrefPubMed</bibliomixed>
      <bibliomixed id="ch0013s0007bib34">Healing the traumatized self: Consciousness, neuroscience, treatment</bibliomixed>
      <bibliomixed id="ch0013s0007bib35">Journal of Trauma and Dissociation, 12https://​doi.​org/​10.​1080/​15299732.​2011.​537247 Crossref</bibliomixed>
      <bibliomixed id="ch0013s0007bib36">Depression and Anxiety, 29https://​doi.​org/​10.​1002/​da.​21889 CrossrefPubMed</bibliomixed>
      <bibliomixed id="ch0013s0007bib37">Australasian Psychiatry, 24https://​doi.​org/​10.​1177/​1039856215604481​CrossrefPubMed</bibliomixed>
      <bibliomixed id="ch0013s0007bib38">Psychiatric Clinics of North America, 14 CrossrefPubMed</bibliomixed>
      <bibliomixed id="ch0013s0007bib39">Psychological Bulletin, 138https://​doi.​org/​10.​1037/​a 0025995 CrossrefPubMed</bibliomixed>
      <bibliomixed id="ch0013s0007bib40">American Journal of Psychiatry, 175 CrossrefPubMed</bibliomixed>
      <bibliomixed id="ch0013s0007bib41">Ciencias de la Conducta, 15</bibliomixed>
      <bibliomixed id="ch0013s0007bib42">Thematic apperception test</bibliomixed>
      <bibliomixed id="ch0013s0007bib43">Journal of Trauma &amp; Dissociation, 22https://​doi.​org/​10.​1080/​15299732.​2020.​1760169 Crossref</bibliomixed>
      <bibliomixed id="ch0013s0007bib44">Journal of Nervous and Mental Disease, 184https://​doi.​org/​10.​1097/​00005053-199611000-00006 CrossrefPubMed</bibliomixed>
      <bibliomixed id="ch0013s0007bib45">Psychological Trauma: Theory, Research, Practice, &amp; Policy, 11https://​doi.​org/​10.​1037/​tra 0000382 Crossref</bibliomixed>
      <bibliomixed id="ch0013s0007bib46">The influence of skepticism and clinical experience on the detection of dissociative identity disorder by mental health clinicianshttp://​proxy-tu.​researchport.​umd.​edu/​login?​ins=​tu&amp;​url=​http://​search.​ebscohost.​com/​login.​aspx?​direct=​true&amp;​db=​psyh&amp;​AN=​2015-99080-169&amp;​site=​ehost-live</bibliomixed>
      <bibliomixed id="ch0013s0007bib47">Journal of Clinical Psychology, 57 CrossrefPubMed</bibliomixed>
      <bibliomixed id="ch0013s0007bib48">Journal of Aggression, Maltreatment &amp; Trauma, 26https://​doi.​org/​10.​1080/​10926771.​2016.​1228020 Crossref</bibliomixed>
      <bibliomixed id="ch0013s0007bib49">Family process, 59https://​doi.​org/​10.​1111/​famp.​12471</bibliomixed>
      <bibliomixed id="ch0013s0007bib50">Structured innterview of reported symptoms-2 (SIRS-2) and professional manual</bibliomixed>
      <bibliomixed id="ch0013s0007bib51">The dissociative disorders interview schedule—DSM-5 versionhttp://​www.​rossinst.​com/​downloads/​DDIS-DSM-5.​pdf</bibliomixed>
      <bibliomixed id="ch0013s0007bib52">Comprehensive Psychiatry, 31 CrossrefPubMed</bibliomixed>
      <bibliomixed id="ch0013s0007bib53">Epidemiology Research Internationalhttps://​doi.​org/​10.​1155/​2011/​404538</bibliomixed>
      <bibliomixed id="ch0013s0007bib54">Dissociation and the dissociative disorders: DSM-V and beyond</bibliomixed>
      <bibliomixed id="ch0013s0007bib55">Psychiatry Research, 93 CrossrefPubMed</bibliomixed>
      <bibliomixed id="ch0013s0007bib56">Journal of Trauma &amp; Dissociation, 14https://​doi.​org/​10.​1080/​15299732.​2013.​792310 Crossref</bibliomixed>
      <bibliomixed id="ch0013s0007bib57">Treating trauma-rleated dissociation: A practical, integrated approach</bibliomixed>
      <bibliomixed id="ch0013s0007bib58">The SCID-D interview: Dissociation assessment in therapy, forensic, and research</bibliomixed>
      <bibliomixed id="ch0013s0007bib59">Child Abuse Review, 24https://​doi.​org/​10.​1002/​car.​2353 Crossref</bibliomixed>
      <bibliomixed id="ch0013s0007bib60">Journal of Forensic Neuropsychology, 2https://​doi.​org/​10.​1300/​J151v 02n 03_​04 Crossref</bibliomixed>
      <bibliomixed id="ch0013s0007bib61">Psychological Medicine, 52https://​doi.​org/​10.​1017/​S003329172200164​7</bibliomixed>
      <bibliomixed id="ch0013s0007bib62">Psychological Trauma: Theory, Research, Practice, and Policy, 1 Crossref</bibliomixed>
   </bibliography>
</sect1>