<?xml version="1.0" encoding="UTF-8"?>
<sect1 id="ch0023s0009" role="Heading">
   <sect1info>
      <risinfo>
         <risprev>sect1.9781071643624.ch0023s0008</risprev>
         <riscurrent>sect1.9781071643624.ch0023s0009</riscurrent>
         <risnext>sect1.9781071643624.</risnext>
         <booktitle>Diagnostic Interviewing</booktitle>
         <isbn>9781071643624</isbn>
         <chapternumber>23</chapternumber>
         <chapterid>ch0023</chapterid>
         <chaptertitle>20. Interviewing in Health, Medical, and Integrated Care Settings</chaptertitle>
         <authorgroup>
            <author>
               <personname>
                  <firstname>Daniel L.</firstname>
                  <surname>Segal</surname>
               </personname>
            </author>
         </authorgroup>
         <publisher>
            <publishername>Springer US</publishername>
         </publisher>
         <pubdate>2025</pubdate>
      </risinfo>
      <primaryauthor>
         <personname>
            <firstname>Daniel L.</firstname>
            <surname>Segal</surname>
         </personname>
      </primaryauthor>
   </sect1info>
   <title>Summary</title>
   <para role="Para">In summary, psychologists play pivotal roles within the healthcare system not just by providing care to individuals and their families and consulting, but also via the opportunity to be someone’s first experience with a mental health clinician. These interactions can open doors and reduce stigmas for the individual and other disciplines through interdisciplinary and multidisciplinary collaboration. Though being a psychologist within a setting that once viewed the mind and body as separate can be a challenge with various unique complexities, it is also an opportunity to facilitate holistic, equitable, and culturally responsive care through a biopsychosocial lens. It is also an opportunity to learn a breadth of medical knowledge and develop impactful relationships while navigating a fast-paced environment with a myriad of presentations.</para>
   <sidebar id="ch0023s0009ad01">
      <para/>
   </sidebar>
   <bibliography id="ch0023s0009bib0017">
      <bibliomixed id="ch0023s0009bib01">Diagnostic and statistical manual of mental disordershttps://​doi.​org/​10.​1176/​appi.​books.​9780890425787</bibliomixed>
      <bibliomixed id="ch0023s0009bib02">Policy statement on evidence-based practice in psychologyhttps://​www.​apa.​org/​practice/​guidelines/​evidence-based-statement</bibliomixed>
      <bibliomixed id="ch0023s0009bib03">American Psychologist, 68https://​doi.​org/​10.​1037/​a 0029890 Crossref</bibliomixed>
      <bibliomixed id="ch0023s0009bib04">Ethical principles of psychologists and code of conduct</bibliomixed>
      <bibliomixed id="ch0023s0009bib05">CPT and diagnostic codeshttp://​www.​apaservices.​org/​practice/​reimbursement/​health-codes</bibliomixed>
      <bibliomixed id="ch0023s0009bib06">Social determinants of health for men who have sex with men and transgender women in San Salvador</bibliomixed>
      <bibliomixed id="ch0023s0009bib07">Providing home care for older adults: A professional guide for mental health practitioners</bibliomixed>
      <bibliomixed id="ch0023s0009bib08">Health &amp; Social Care in the Community, 28https://​doi.​org/​10.​1111/​hsc.​12941 Crossref</bibliomixed>
      <bibliomixed id="ch0023s0009bib09">Academic Emergency Medicine: Official Journal of the Society for Academic Emergency Medicine, 8https://​doi.​org/​10.​1111/​j.​1553-2712.​2001.​tb 01116.​x CrossrefPubMed</bibliomixed>
      <bibliomixed id="ch0023s0009bib10">Psychotherapy, 59https://​doi.​org/​10.​1037/​pst 0000381 CrossrefPubMed</bibliomixed>
      <bibliomixed id="ch0023s0009bib11">Journal of Counseling &amp; Development, 74https://​doi.​org/​10.​1002/​j.​15566676.​1996.​tb 01876.​x Crossref</bibliomixed>
      <bibliomixed id="ch0023s0009bib12">American Psychological Associationhttps://​doi.​org/​10.​1037/​14801-000</bibliomixed>
      <bibliomixed id="ch0023s0009bib13">The future of the public’s health in the 21stcenturyhttps://​doi.​org/​10.​17226/​10548.</bibliomixed>
      <bibliomixed id="ch0023s0009bib14">Professional Psychology: Research and Practice, 52https://​doi.​org/​10.​1037/​pro 0000298 CrossrefPubMed</bibliomixed>
      <bibliomixed id="ch0023s0009bib15">Frontiers in Psychology, 11https://​doi.​org/​10.​3389/​fpsyg.​2020.​01303</bibliomixed>
      <bibliomixed id="ch0023s0009bib16">Psychotherapy, 55https://​doi.​org/​10.​1037/​pst 0000193 CrossrefPubMed</bibliomixed>
   </bibliography>
</sect1>