<?xml version="1.0" encoding="UTF-8"?>
<sect1 id="ch0024s0007" role="Heading">
   <sect1info>
      <risinfo>
         <risprev>sect1.9781071643624.ch0024s0006</risprev>
         <riscurrent>sect1.9781071643624.ch0024s0007</riscurrent>
         <risnext>sect1.9781071643624.</risnext>
         <booktitle>Diagnostic Interviewing</booktitle>
         <isbn>9781071643624</isbn>
         <chapternumber>24</chapternumber>
         <chapterid>ch0024</chapterid>
         <chaptertitle>21. Interviewing Individuals at Risk for Suicide</chaptertitle>
         <authorgroup>
            <author>
               <personname>
                  <firstname>Daniel L.</firstname>
                  <surname>Segal</surname>
               </personname>
            </author>
         </authorgroup>
         <publisher>
            <publishername>Springer US</publishername>
         </publisher>
         <pubdate>2025</pubdate>
      </risinfo>
      <primaryauthor>
         <personname>
            <firstname>Daniel L.</firstname>
            <surname>Segal</surname>
         </personname>
      </primaryauthor>
   </sect1info>
   <title>Summary</title>
   <para role="Para">Given the significant rise in suicide rates in recent decades, evidence-based, suicide-focused assessments and interventions are crucial for reducing suffering and mitigating suicidal behavior. The process of gathering information during assessment can follow structured or semi-structured approaches—though, we advocate for an integrated approach utilizing actuarial assessments and open-ended questions examining evidence-based suicide risk factor domains. Numerous actuarial assessment measures have been developed, but those demonstrating the most robust evidence include the ASQ, C-SSRS, BSSI, PHQ-9, and SITBI, all of which are mentioned and discussed earlier in this chapter. Regardless of validated tools, suicide risk assessments are anxiety-inducing. Clinicians across all practice settings should prioritize leading with a balanced, empathetic, and patient-centered approach to ensure an accurate formulation—thereafter management—of their patients’ suicide risk. Likewise, special attention is needed when caring for vulnerable populations, such as youths and those from culturally and racially diverse backgrounds, given their well-documented rising suicide rates. Some key elements in assessing for suicide risk are to gather where an individual falls on the ideation-to-action pathway, taking into consideration lifetime history of SITBs, stressors specific to their age, and the influence of sociocultural factors. Most suicide risk assessments are a single snapshot of an individual’s suicide risk at a given time. Rather than prioritizing rigid classifications and measurement tools, clinicians are recommended to take a flexible yet consistent approach to accurately capture an individual’s suicidality and its dynamic nature.</para>
   <sidebar id="ch0024s0007ad02">
      <para/>
   </sidebar>
   <bibliography id="ch0024s0007bib0072">
      <bibliomixed id="ch0024s0007bib01">Trends in Psychiatry and Psychotherapy, 42https://​doi.​org/​10.​1590/​2237-6089-2019-0092 CrossrefPubMedPubMed Central</bibliomixed>
      <bibliomixed id="ch0024s0007bib02">PLoS One, 16https://​doi.​org/​10.​1371/​journal.​pone.​0252028 CrossrefPubMedPubMed Central</bibliomixed>
      <bibliomixed id="ch0024s0007bib03">The Sociological Quarterly, 57https://​doi.​org/​10.​1111/​tsq.​12110 Crossref</bibliomixed>
      <bibliomixed id="ch0024s0007bib04">Emergency Medicine, 14https://​doi.​org/​10.​1046/​j.​1442-2026.​2002.​00283.​x CrossrefPubMed</bibliomixed>
      <bibliomixed id="ch0024s0007bib05">Journal of Consulting and Clinical Psychology, 47https://​doi.​org/​10.​1037/​0022-006X.​47.​2.​343 CrossrefPubMed</bibliomixed>
      <bibliomixed id="ch0024s0007bib06">Journal of Clinical Psychology, 44https://​doi.​org/​10.​1002/​1097-4679(198807)44:​4&lt;499:​:​AID-JCLP2270440404&gt;3​.​0.​CO;2-6 CrossrefPubMed</bibliomixed>
      <bibliomixed id="ch0024s0007bib07">Suicide and Life-threatening Behavior, 44https://​doi.​org/​10.​1111/​sltb.​12067 CrossrefPubMed</bibliomixed>
      <bibliomixed id="ch0024s0007bib08">Academic Psychiatry, 38https://​doi.​org/​10.​1007/​s 40596-014-0180-1 CrossrefPubMedPubMed Central</bibliomixed>
      <bibliomixed id="ch0024s0007bib09">Journal of Immigrant and Minority Health, 22https://​doi.​org/​10.​1007/​s 10903-020-00993-9 CrossrefPubMed</bibliomixed>
      <bibliomixed id="ch0024s0007bib10">Journal of Affective Disorders, 311https://​doi.​org/​10.​1016/​j.​jad.​2022.​05.​096 CrossrefPubMed</bibliomixed>
      <bibliomixed id="ch0024s0007bib11">JAMA Pediatrics, 172https://​doi.​org/​10.​1001/​jamapediatrics.​2018.​0399 CrossrefPubMedPubMed Central</bibliomixed>
      <bibliomixed id="ch0024s0007bib12">Journal of Clinical Psychology, 62https://​doi.​org/​10.​1002/​jclp.​20222 CrossrefPubMed</bibliomixed>
      <bibliomixed id="ch0024s0007bib13">Suicide and Life-threatening Behavior, 28https://​doi.​org/​10.​1111/​j.​1943-278X.​1998.​tb 00622.​x CrossrefPubMed</bibliomixed>
      <bibliomixed id="ch0024s0007bib14">Leading causes of death and injuryhttps://​www.​cdc.​gov/​injury/​wisqars/​Leading Causes.​html</bibliomixed>
      <bibliomixed id="ch0024s0007bib15">Death Studies, 47https://​doi.​org/​10.​1080/​07481187.​2022.​2135046 CrossrefPubMed</bibliomixed>
      <bibliomixed id="ch0024s0007bib16">Journal of Clinical Psychology, 71https://​doi.​org/​10.​1002/​jclp.​22210 CrossrefPubMed</bibliomixed>
      <bibliomixed id="ch0024s0007bib17">Journal of Affective Disorders, 136https://​doi.​org/​10.​1016/​j.​jad.​2011.​08.​032 CrossrefPubMed</bibliomixed>
      <bibliomixed id="ch0024s0007bib18">Community Mental Health Journal, 60https://​doi.​org/​10.​1007/​s 10597-023-01190-2 CrossrefPubMed</bibliomixed>
      <bibliomixed id="ch0024s0007bib19">Social Psychiatry and Psychiatric Epidemiology, 57https://​doi.​org/​10.​1007/​s 00127-021-02115-8 CrossrefPubMed</bibliomixed>
      <bibliomixed id="ch0024s0007bib20">Suicide rates for females and males by race and ethnicity: United States, 1999 and 2017 (NCHS health E-stats 2019)https://​www.​cdc.​gov/​nchs/​data/​hestat/​suicide/​rates_​1999_​2017.​pdf</bibliomixed>
      <bibliomixed id="ch0024s0007bib21">Suicide and homicide death rates among youth and young adults aged 10–24: United States, 2001–2021https://​doi.​org/​10.​15620/​cdc:​128423 Crossref</bibliomixed>
      <bibliomixed id="ch0024s0007bib22">Provisional estimates of suicide by demographic characteristics: United Stateshttps://​doi.​org/​10.​15620/​cdc:​133702</bibliomixed>
      <bibliomixed id="ch0024s0007bib23">The International Journal of Aging and Human Development, 88https://​doi.​org/​10.​1177/​0091415018757214​CrossrefPubMed</bibliomixed>
      <bibliomixed id="ch0024s0007bib24">Psychotherapy, 49https://​doi.​org/​10.​1037/​a 0026148 CrossrefPubMed</bibliomixed>
      <bibliomixed id="ch0024s0007bib25">Research on Child and Adolescent Psychopathology, 50https://​doi.​org/​10.​1007/​s 10802-021-00878-x CrossrefPubMed</bibliomixed>
      <bibliomixed id="ch0024s0007bib26">Clinical Psychology Review, 101https://​doi.​org/​10.​1016/​j.​cpr.​2023.​102272 CrossrefPubMed</bibliomixed>
      <bibliomixed id="ch0024s0007bib27">Archives of Pediatrics &amp; Adolescent Medicine, 166https://​doi.​org/​10.​1001/​archpediatrics.​2012.​1276 Crossref</bibliomixed>
      <bibliomixed id="ch0024s0007bib28">Psychosomatics, 61https://​doi.​org/​10.​1016/​j.​psym.​2020.​04.​008 CrossrefPubMedPubMed Central</bibliomixed>
      <bibliomixed id="ch0024s0007bib29">Journal of Clinical Child &amp; Adolescent Psychology, 44https://​doi.​org/​10.​1080/​15374416.​2014.​910789 Crossref</bibliomixed>
      <bibliomixed id="ch0024s0007bib30">Cultural Diversity and Ethnic Minority Psychology, 6https://​doi.​org/​10.​1037/​1099-9809.​6.​2.​134 CrossrefPubMed</bibliomixed>
      <bibliomixed id="ch0024s0007bib31">MMWR Supplements, 69https://​doi.​org/​10.​15585/​mmwr.​su 6901a 6 CrossrefPubMedPubMed Central</bibliomixed>
      <bibliomixed id="ch0024s0007bib32">The American Journal of Psychiatry, 160</bibliomixed>
      <bibliomixed id="ch0024s0007bib33">Journal of Health Service Psychology, 46https://​doi.​org/​10.​1007/​s 42843-020-00020-3 Crossref</bibliomixed>
      <bibliomixed id="ch0024s0007bib34">Managing suicidal risk: a collaborative approach</bibliomixed>
      <bibliomixed id="ch0024s0007bib35">American Psychologisthttps://​doi.​org/​10.​1037/​amp 0001325</bibliomixed>
      <bibliomixed id="ch0024s0007bib36">Journal of Community Health, 47https://​doi.​org/​10.​1007/​s 10900-022-01123-2 CrossrefPubMedPubMed Central</bibliomixed>
      <bibliomixed id="ch0024s0007bib37">Journal of Abnormal Psychology, 126https://​doi.​org/​10.​1037/​abn 0000273 CrossrefPubMed</bibliomixed>
      <bibliomixed id="ch0024s0007bib38">Suicide prevention: An ethically and scientifically informed approachhttps://​doi.​org/​10.​1037/​0000145-000 Crossref</bibliomixed>
      <bibliomixed id="ch0024s0007bib39">Journal of General Internal Medicine, 16https://​doi.​org/​10.​1046/​j.​1525-1497.​2001.​016009606.​x CrossrefPubMedPubMed Central</bibliomixed>
      <bibliomixed id="ch0024s0007bib40">Aggression and Violent Behavior, 14https://​doi.​org/​10.​1016/​j.​avb.​2009.​06.​010 Crossref</bibliomixed>
      <bibliomixed id="ch0024s0007bib41">JAMA294https://​doi.​org/​10.​1001/​jama.​294.​16.​2064</bibliomixed>
      <bibliomixed id="ch0024s0007bib42">International Journal of Environmental Research and Public Health, 15https://​doi.​org/​10.​3390/​ijerph 15050943 CrossrefPubMedPubMed Central</bibliomixed>
      <bibliomixed id="ch0024s0007bib43">Journal of the American Academy of Child &amp; Adolescent Psychiatry, 60https://​doi.​org/​10.​1016/​j.​jaac.​2020.​09.​019 Crossref</bibliomixed>
      <bibliomixed id="ch0024s0007bib44">Building a therapeutic alliance with the suicidal patienthttps://​doi.​org/​10.​1037/​12303-000 Crossref</bibliomixed>
      <bibliomixed id="ch0024s0007bib45">American Psychologist, 78https://​doi.​org/​10.​1037/​amp 0001140 CrossrefPubMed</bibliomixed>
      <bibliomixed id="ch0024s0007bib46">Cultural Diversity and Ethnic Minority Psychology, 6https://​doi.​org/​10.​1037/​1099-9809.​6.​4.​374 CrossrefPubMed</bibliomixed>
      <bibliomixed id="ch0024s0007bib47">Journal of the Academy of Consultation-Liaison Psychiatry, 62https://​doi.​org/​10.​1016/​j.​jaclp.​2021.​02.​002 CrossrefPubMedPubMed Central</bibliomixed>
      <bibliomixed id="ch0024s0007bib48">Suicidehttps://​www.​nimh.​nih.​gov/​health/​statistics/​suicide#part_​2585</bibliomixed>
      <bibliomixed id="ch0024s0007bib49">Psychological Assessment, 19https://​doi.​org/​10.​1037/​1040-3590.​19.​3.​309 CrossrefPubMed</bibliomixed>
      <bibliomixed id="ch0024s0007bib50">Assessment, 27https://​doi.​org/​10.​1177/​1073191119845495​CrossrefPubMed</bibliomixed>
      <bibliomixed id="ch0024s0007bib51">American Journal of Psychiatry, 168https://​doi.​org/​10.​1176/​appi.​ajp.​2011.​10111704 CrossrefPubMed</bibliomixed>
      <bibliomixed id="ch0024s0007bib52">Crisis, 39https://​doi.​org/​10.​1027/​0227-5910/​a 000478 CrossrefPubMed</bibliomixed>
      <bibliomixed id="ch0024s0007bib53">Archives of Suicide Research, 26https://​doi.​org/​10.​1080/​13811118.​2021.​1938321 CrossrefPubMed</bibliomixed>
      <bibliomixed id="ch0024s0007bib54">Journal of Affective Disorders, 138https://​doi.​org/​10.​1016/​j.​jad.​2011.​03.​050 CrossrefPubMed</bibliomixed>
      <bibliomixed id="ch0024s0007bib55">https://​www.​psychiatrictimes​.​com/​view/​suicide-assessment-part-1-uncovering-suicidal-intent-sophisticated-art</bibliomixed>
      <bibliomixed id="ch0024s0007bib56">Social Science &amp; Medicine, 223https://​doi.​org/​10.​1016/​j.​socscimed.​2019.​01.​023 Crossref</bibliomixed>
      <bibliomixed id="ch0024s0007bib57">Suicide and Life-threatening Behavior, sltb.13026https://​doi.​org/​10.​1111/​sltb.​13026</bibliomixed>
      <bibliomixed id="ch0024s0007bib58">Clinical videoconferencing in telehealthhttps://​doi.​org/​10.​1007/​978-3-319-08765-8_​8 Crossref</bibliomixed>
      <bibliomixed id="ch0024s0007bib59">Archives of Suicide Research, 27https://​doi.​org/​10.​1080/​13811118.​2022.​2029784 CrossrefPubMed</bibliomixed>
      <bibliomixed id="ch0024s0007bib60">Suicide and Life-threatening Behavior, 44https://​doi.​org/​10.​1111/​sltb.​12065 CrossrefPubMed</bibliomixed>
      <bibliomixed id="ch0024s0007bib61">The Journal of Clinical Psychiatry, 77https://​doi.​org/​10.​4088/​JCP.​15m 09776 CrossrefPubMedPubMed Central</bibliomixed>
      <bibliomixed id="ch0024s0007bib62">Professional Psychology: Research and Practice, 26https://​doi.​org/​10.​1037/​0735-7028.​26.​1.​41 Crossref</bibliomixed>
      <bibliomixed id="ch0024s0007bib63">MMWR. Morbidity and Mortality Weekly Report, 72https://​doi.​org/​10.​15585/​mmwr.​mm 7206a 4 CrossrefPubMedPubMed Central</bibliomixed>
      <bibliomixed id="ch0024s0007bib64">Key substance use and mental health indicators in the United States: Results from the 2022 National Survey on Drug Use and Healthhttps://​www.​samhsa.​gov/​data/​sites/​default/​files/​reports/​rpt 42731/​2022-nsduh-nnr.​pdf</bibliomixed>
      <bibliomixed id="ch0024s0007bib65">European Child &amp; Adolescent Psychiatry, 30https://​doi.​org/​10.​1007/​s 00787-020-01508-5 Crossref</bibliomixed>
      <bibliomixed id="ch0024s0007bib66">U. S. national survey on the mental health of LGBTQ young people. https://​www.​thetrevorproject​.​org/​survey-2023/​</bibliomixed>
      <bibliomixed id="ch0024s0007bib67">Suicide and Life-threatening Behavior, 45https://​doi.​org/​10.​1111/​sltb.​12161 CrossrefPubMed</bibliomixed>
      <bibliomixed id="ch0024s0007bib68">National strategy for suicide preventionhttps://​www.​hhs.​gov/​programs/​prevention-and-wellness/​mental-health-substance-abuse/​national-strategy-suicide-prevention/​index.​html</bibliomixed>
      <bibliomixed id="ch0024s0007bib69">SAGE Open Medicine, 8https://​doi.​org/​10.​1177/​2050312120933152​Crossref</bibliomixed>
      <bibliomixed id="ch0024s0007bib70">Behavioral Sciences &amp; the Law, 22https://​doi.​org/​10.​1002/​bsl.​612 Crossref</bibliomixed>
      <bibliomixed id="ch0024s0007bib71">Psychiatric Rehabilitation Journal, 45https://​doi.​org/​10.​1037/​prj 0000507 CrossrefPubMed</bibliomixed>
   </bibliography>
</sect1>