<?xml version="1.0" encoding="UTF-8"?>
<sect1 id="ch0018s0008" role="Heading">
   <sect1info>
      <risinfo>
         <risprev>sect1.9781071643624.ch0018s0007</risprev>
         <riscurrent>sect1.9781071643624.ch0018s0008</riscurrent>
         <risnext>sect1.9781071643624.</risnext>
         <booktitle>Diagnostic Interviewing</booktitle>
         <isbn>9781071643624</isbn>
         <chapternumber>18</chapternumber>
         <chapterid>ch0018</chapterid>
         <chaptertitle>16. Personality Disorders</chaptertitle>
         <authorgroup>
            <author>
               <personname>
                  <firstname>Daniel L.</firstname>
                  <surname>Segal</surname>
               </personname>
            </author>
         </authorgroup>
         <publisher>
            <publishername>Springer US</publishername>
         </publisher>
         <pubdate>2025</pubdate>
      </risinfo>
      <primaryauthor>
         <personname>
            <firstname>Daniel L.</firstname>
            <surname>Segal</surname>
         </personname>
      </primaryauthor>
   </sect1info>
   <title>Summary</title>
   <para role="Para">Personality disorders impact the way an individual thinks, feels, and behaves and are currently classified into ten distinct categories. However, the field largely is moving toward a dimensional classification of PDs, through the use of the AMPD, ICD-11, and/or HiTOP. Personality pathology can be assessed using a number of semi-structured interviews or self-report questionnaires. The shift toward dimensional models of personality pathology is accompanied by the ongoing development of assessment tools<indexterm significance="normal">
         <primary>tools</primary>
      </indexterm> aimed at capturing dimensional personality. Moving forward, the focus for dimensional models may be on demonstrating the clinical utility of these instruments. When making a personality disorder diagnosis it is critical to gather from multiple sources of information, assess the onset, course, duration, and severity of each symptom, as well as the context in which the symptoms present, the cultural context in which the symptoms occur, and the client’s personal and family medical history. The impact of identity such as sexual orientation, sex and gender expression, race and ethnicity, cultural background, and age also should be carefully<indexterm significance="normal">
         <primary>carefully</primary>
      </indexterm>considered.</para>
   <sidebar id="ch0018s0008ad01">
      <para/>
   </sidebar>
   <bibliography id="ch0018s0008bib0058">
      <bibliomixed id="ch0018s0008bib01">Journal of Personality Assessment, 98 PubMed</bibliomixed>
      <bibliomixed id="ch0018s0008bib02">Diagnostic and statistical manual of mental disorders</bibliomixed>
      <bibliomixed id="ch0018s0008bib03">Current Psychiatry Reports, 24 PubMed</bibliomixed>
      <bibliomixed id="ch0018s0008bib04">Psychological Assessment, 30 PubMed</bibliomixed>
      <bibliomixed id="ch0018s0008bib05">Current Opinion in Psychiatry, 30 PubMed</bibliomixed>
      <bibliomixed id="ch0018s0008bib06">Journal of Personality Disorders, 27 PubMed</bibliomixed>
      <bibliomixed id="ch0018s0008bib07">Structured clinical interview for the DSM-5 alternative model for personality disorders (SCID-5-AMPD) module I level of personality functioning scale</bibliomixed>
      <bibliomixed id="ch0018s0008bib08">Personality Disorders, Theory, Research, and Treatment, 11</bibliomixed>
      <bibliomixed id="ch0018s0008bib09">Frontiers in Psychology, 10 PubMedPubMed Central</bibliomixed>
      <bibliomixed id="ch0018s0008bib10">Manual for the schedule for nonadaptive and adaptive personality</bibliomixed>
      <bibliomixed id="ch0018s0008bib11">The structured interview for personality organization-revised (STIPO-R)www.​borderlinedisord​ers.​com</bibliomixed>
      <bibliomixed id="ch0018s0008bib12">Journal of Personality Disorders, 37 PubMed</bibliomixed>
      <bibliomixed id="ch0018s0008bib13">Current Opinion in Psychology, 21 PubMed</bibliomixed>
      <bibliomixed id="ch0018s0008bib14">Journal of Clinical Psychiatry, 69 PubMed</bibliomixed>
      <bibliomixed id="ch0018s0008bib15">Journal of Geriatric Psychiatry and Neurology, 30 PubMed</bibliomixed>
      <bibliomixed id="ch0018s0008bib16">BJPsych Bulletin, 42 PubMedPubMed Central</bibliomixed>
      <bibliomixed id="ch0018s0008bib17">Comprehensive Psychiatry, 47 PubMed</bibliomixed>
      <bibliomixed id="ch0018s0008bib18">Journal of Personality Disorders, 25 PubMed</bibliomixed>
      <bibliomixed id="ch0018s0008bib19">Personality diagnostic questionnaire-4</bibliomixed>
      <bibliomixed id="ch0018s0008bib20">Journal of Abnormal Psychology, 126 PubMed</bibliomixed>
      <bibliomixed id="ch0018s0008bib21">Psychological Medicine, 42 PubMed</bibliomixed>
      <bibliomixed id="ch0018s0008bib22">International personality disorder examination: IPDE; DSM-IV and ICD-10; interviews</bibliomixed>
      <bibliomixed id="ch0018s0008bib23">OMNI personality inventories: Professional manual: OMNI personality inventory OMNI-IV personality disorder inventory</bibliomixed>
      <bibliomixed id="ch0018s0008bib24">Journal of Personality, 66 PubMed</bibliomixed>
      <bibliomixed id="ch0018s0008bib25">BMC Psychiatry, 10</bibliomixed>
      <bibliomixed id="ch0018s0008bib26">Clinical Psychology, 22</bibliomixed>
      <bibliomixed id="ch0018s0008bib27">MCMI-IV</bibliomixed>
      <bibliomixed id="ch0018s0008bib28">The use of psychological testing for treatment planning and outcomes assessment: Instruments for adults</bibliomixed>
      <bibliomixed id="ch0018s0008bib29">Journal of Nervous and Mental Disease, 201 PubMed</bibliomixed>
      <bibliomixed id="ch0018s0008bib30">Frontiers in Sociology, 7 PubMedPubMed Central</bibliomixed>
      <bibliomixed id="ch0018s0008bib31">Journal of Personality Disorders, 32 PubMed</bibliomixed>
      <bibliomixed id="ch0018s0008bib32">Psychological Assessment, 30 PubMed</bibliomixed>
      <bibliomixed id="ch0018s0008bib33">Personality and psychopathology</bibliomixed>
      <bibliomixed id="ch0018s0008bib34">BMC Psychiatry, 24 PubMedPubMed Central</bibliomixed>
      <bibliomixed id="ch0018s0008bib35">Dialogues in Clinical Neuroscience, 12 PubMedPubMed Central</bibliomixed>
      <bibliomixed id="ch0018s0008bib36">Assessment, 30 PubMedPubMed Central</bibliomixed>
      <bibliomixed id="ch0018s0008bib37">Assessment, 28 PubMed</bibliomixed>
      <bibliomixed id="ch0018s0008bib38">Personality and Mental Health, 3</bibliomixed>
      <bibliomixed id="ch0018s0008bib39">Personality disorders and older adults: Diagnosis, assessment, and treatment</bibliomixed>
      <bibliomixed id="ch0018s0008bib40">Current Psychiatry Reports, 18</bibliomixed>
      <bibliomixed id="ch0018s0008bib41">Acta Psychiatrica Scandinavica, 139 PubMed</bibliomixed>
      <bibliomixed id="ch0018s0008bib42">Psychiatry Research, 229 PubMed</bibliomixed>
      <bibliomixed id="ch0018s0008bib43">Journal of Personality Assessment, 93 PubMedPubMed Central</bibliomixed>
      <bibliomixed id="ch0018s0008bib44">Structured clinical interview for the DSM-5 alternative model for personality disorders (SCID-5-AMPD) module II personality traits</bibliomixed>
      <bibliomixed id="ch0018s0008bib45">Psychiatry Research Communications, 3</bibliomixed>
      <bibliomixed id="ch0018s0008bib46">Clinical Psychology in Europe, 4 PubMedPubMed Central</bibliomixed>
      <bibliomixed id="ch0018s0008bib47">Journal of Personality Disorders, 28 PubMedPubMed Central</bibliomixed>
      <bibliomixed id="ch0018s0008bib48">Journal of Personality Disorders, 24 PubMedPubMed Central</bibliomixed>
      <bibliomixed id="ch0018s0008bib49">The Lancet, 385</bibliomixed>
      <bibliomixed id="ch0018s0008bib50">Psychological Assessment, 21 PubMed</bibliomixed>
      <bibliomixed id="ch0018s0008bib51">Journal of Personality Assessment, 94https://​doi.​org/​10.​1080/​00223891.​2012.​677887 CrossrefPubMed</bibliomixed>
      <bibliomixed id="ch0018s0008bib52">Psychological Assessment, 17 PubMed</bibliomixed>
      <bibliomixed id="ch0018s0008bib53">Clinical Psychological Science, 7</bibliomixed>
      <bibliomixed id="ch0018s0008bib54">Personality and Individual Differences, 48</bibliomixed>
      <bibliomixed id="ch0018s0008bib55">British Journal of Psychiatry, 216</bibliomixed>
      <bibliomixed id="ch0018s0008bib56">International statistical classification of diseases and related health problems</bibliomixed>
      <bibliomixed id="ch0018s0008bib57">Journal of Personality Disorders, 3https://​doi.​org/​10.​1521/​pedi.​1989.​3.​1.​10 Crossref</bibliomixed>
   </bibliography>
</sect1>