<?xml version="1.0" encoding="UTF-8"?>
<sect1 id="ch0004s0010">
   <sect1info>
      <risinfo>
         <risprev>sect1.9781071643624.</risprev>
         <riscurrent>sect1.9781071643624.ch0004s0010</riscurrent>
         <risnext>sect1.9781071643624.ch0004s0001</risnext>
         <booktitle>Diagnostic Interviewing</booktitle>
         <isbn>9781071643624</isbn>
         <chapternumber>4</chapternumber>
         <chapterid>ch0004</chapterid>
         <chaptertitle>3. Presenting Problem, History of Presenting Problem, and Social History</chaptertitle>
         <authorgroup>
            <author>
               <personname>
                  <firstname>Daniel L.</firstname>
                  <surname>Segal</surname>
               </personname>
            </author>
         </authorgroup>
         <publisher>
            <publishername>Springer US</publishername>
         </publisher>
         <pubdate>2025</pubdate>
      </risinfo>
      <primaryauthor>
         <personname>
            <firstname>Daniel L.</firstname>
            <surname>Segal</surname>
         </personname>
      </primaryauthor>
   </sect1info>
   <title>3. Presenting Problem, History of Presenting Problem, and Social History</title>
   <para>D. L. Segal<emphasis role="CollaboratorDesignation"> (ed.)</emphasis>
      <emphasis role="BookTitle">Diagnostic Interviewing</emphasis>
      <ulink url="https://doi.org/10.1007/978-1-0716-4362-4_3">https://doi. org/10.1007/978-1-0716-4362-4_3</ulink>
      <emphasis role="AuthorName">Jennifer R. Roberts</emphasis>
      <superscript>1 <emphasis>ContactOf Author 1</emphasis>
      </superscript>, <emphasis role="AuthorName">Candice M. Daniel</emphasis>
      <superscript>2</superscript> and <emphasis role="AuthorName">John C. Hecker</emphasis>
      <superscript>2</superscript>(1)(2)Jennifer R. Roberts Email:</para>
   <para>jrober 22@uccs. edu Presenting problem Psychosocial history Chief complaint Interviewing Assessment</para>
   <para role="Para">The initial interview is a collaboration between a client and clinician. It establishes the assessment<indexterm significance="normal">
         <primary>assessment</primary>
      </indexterm> context and defines the problem from a biopsychosocial framework by evaluating factors related to the presenting problem, including the history and functional effects of the presenting problem, social history, coping style, and personal strengths and weaknesses (American Psychological Association, <emphasis role="CitationRef">
         <phrase>2020</phrase>
      </emphasis>). During the clinical interview, clinicians develop diagnostic hypotheses and determine an assessment plan. Information obtained during the interview informs case conceptualization, recommendations, and treatment planning. Because clients vary widely in their presenting concerns and in their socialization to mental health treatment, the types of questions used in an interview will also vary. When considering the information contained<indexterm significance="normal">
         <primary>contained</primary>
      </indexterm> in this chapter<indexterm significance="normal">
         <primary>chapter</primary>
      </indexterm>, clinicians should keep in mind that the relevance of the content will depend on the client’s life stage (e. g., child versus older adult) and type of interview (e. g., psychodiagnostic, psychoeducational, neuropsychological, forensic). A broad scope of information is provided here, though the clinician should take care to individualize the approach<indexterm significance="normal">
         <primary>approach</primary>
      </indexterm> in a manner relevant to the client’s primary concerns. Sample interview questions are provided throughout this chapter.</para>
</sect1>