<?xml version="1.0" encoding="UTF-8"?>
<sect1 id="ch0003s0008" role="Heading">
   <sect1info>
      <risinfo>
         <risprev>sect1.9781071643624.ch0003s0007</risprev>
         <riscurrent>sect1.9781071643624.ch0003s0008</riscurrent>
         <risnext>sect1.9781071643624.</risnext>
         <booktitle>Diagnostic Interviewing</booktitle>
         <isbn>9781071643624</isbn>
         <chapternumber>3</chapternumber>
         <chapterid>ch0003</chapterid>
         <chaptertitle>2. Interviewing Strategies, Empathy, and Rapport</chaptertitle>
         <authorgroup>
            <author>
               <personname>
                  <firstname>Daniel L.</firstname>
                  <surname>Segal</surname>
               </personname>
            </author>
         </authorgroup>
         <publisher>
            <publishername>Springer US</publishername>
         </publisher>
         <pubdate>2025</pubdate>
      </risinfo>
      <primaryauthor>
         <personname>
            <firstname>Daniel L.</firstname>
            <surname>Segal</surname>
         </personname>
      </primaryauthor>
   </sect1info>
   <title>Conclusion</title>
   <para role="Para">Mastering the clinical interview requires interpersonal and technical skills. An effective interviewer finds a synergy between cultivating a collaborative, empathetic therapeutic relationship and gathering information. To do this, empathy and rapport are foundational to a safe, trusting environment for clients to divulge personal information. Cultural humility and cultural empathy are critical to building rapport and trust. In terms of methods to collect personal information, unstructured, semi-structured, and structured interviews are used to assess symptoms, inform diagnosis, and case conceptualization. Choosing one of these strategies can be a complex decision and can depend on the purpose of the interview, the setting in which the interview will take place, and the amount of time available to administer the interview. Each type of interview has potential benefits and drawbacks to consider. As reviewed, structured interviews maximize validity and reliability, while unstructured interviews encourage open, free communication, rich data collection, and rapport-building.</para>
   <para role="Para">The evolution of the clinical interview will continue to occur in tandem with innovation and advancement in psychology. For example, additional research is necessary to learn more about the degree of acceptability and validity of different types of interviews when administered across a diverse multicultural population. Several of the semi-structured and structured interviews described earlier are consistent with the diagnostic taxonomy of the DSM-5; however, the DSM is not the only classification system used in the field of psychology. Standardized interviews, such as the ones described in this chapter, will continue to be revised in concurrence with our understanding and conceptualization of mental health disorders. Although artificial intelligence continues to evolve in domains of information aggregation and use, clinical interviewing remains a fundamental skillset based in a human-to-human connection. As psychology continues to progress, the clinical interview continues to be a central and foundational practice.</para>
   <sidebar id="ch0003s0008ad01">
      <para/>
   </sidebar>
   <bibliography id="ch0003s0008bib0098">
      <bibliomixed id="ch0003s0008bib01">Clinical Psychology Review, 110</bibliomixed>
      <bibliomixed id="ch0003s0008bib02">Neuroscience &amp; Biobehavioral Reviews, 114</bibliomixed>
      <bibliomixed id="ch0003s0008bib03">Focus, 18 PubMedPubMed Central</bibliomixed>
      <bibliomixed id="ch0003s0008bib04">Journal of Counseling Psychology, 68 PubMed</bibliomixed>
      <bibliomixed id="ch0003s0008bib05">American Psychologist, 72 PubMed</bibliomixed>
      <bibliomixed id="ch0003s0008bib06">Diagnostic and statistical manual of mental disorders</bibliomixed>
      <bibliomixed id="ch0003s0008bib07">Diagnostic and statistical manual of mental disorders</bibliomixed>
      <bibliomixed id="ch0003s0008bib08">Diagnostic and statistical manual of mental disorders</bibliomixed>
      <bibliomixed id="ch0003s0008bib09">American Journal of Orthopsychiatry, 89 PubMed</bibliomixed>
      <bibliomixed id="ch0003s0008bib10">Observerhttps://​www.​psychologicalsci​ence.​org/​observer/​neuroscience-empathy</bibliomixed>
      <bibliomixed id="ch0003s0008bib11">Training and Education in Professional Psychology, 15</bibliomixed>
      <bibliomixed id="ch0003s0008bib12">Neuro Image, 62 PubMed</bibliomixed>
      <bibliomixed id="ch0003s0008bib13">Aggression and Violent Behavior, 18</bibliomixed>
      <bibliomixed id="ch0003s0008bib14">Quality &amp; Quantity, 50</bibliomixed>
      <bibliomixed id="ch0003s0008bib15">Psychological Medicine, 46 PubMed</bibliomixed>
      <bibliomixed id="ch0003s0008bib16">The Minnesota multiphasic personality Inventory-3: Manual for administration, scoring, and interpretation</bibliomixed>
      <bibliomixed id="ch0003s0008bib17">The Minnesota multiphasic personality Inventory-3: Technical manual</bibliomixed>
      <bibliomixed id="ch0003s0008bib18">International Journal of Psychiatry in Clinical Practice, 26 PubMed</bibliomixed>
      <bibliomixed id="ch0003s0008bib19">Anxiety and related disorders interview schedule for DSM-5, adult and lifetime version: Clinician manual</bibliomixed>
      <bibliomixed id="ch0003s0008bib20">Psychology, Public Policy, and Law, 27</bibliomixed>
      <bibliomixed id="ch0003s0008bib21">Psychotherapy Research, 26 PubMed</bibliomixed>
      <bibliomixed id="ch0003s0008bib22">Psychology Bulletin, 52</bibliomixed>
      <bibliomixed id="ch0003s0008bib23">Emotion Review, 8</bibliomixed>
      <bibliomixed id="ch0003s0008bib24">Psychotherapy Research, 34 PubMed</bibliomixed>
      <bibliomixed id="ch0003s0008bib25">BMC Psychiatry, 18 PubMedPubMed Central</bibliomixed>
      <bibliomixed id="ch0003s0008bib26">In our clients’ shoes: Theory and techniques of therapeutic assessment</bibliomixed>
      <bibliomixed id="ch0003s0008bib27">Collaborative/therapeutic assessment: A casebook and guide</bibliomixed>
      <bibliomixed id="ch0003s0008bib28">The encyclopedia of clinical psychology</bibliomixed>
      <bibliomixed id="ch0003s0008bib29">QuickSCID-5: Quick structured clinical interview for DSM-5 disorders</bibliomixed>
      <bibliomixed id="ch0003s0008bib30">User’s guide for the SCID-5-PD (structured clinical interview for DSM-5 personality disorder)</bibliomixed>
      <bibliomixed id="ch0003s0008bib31">Structured clinical interview for DSM-5 disorders, research version</bibliomixed>
      <bibliomixed id="ch0003s0008bib32">SCID-5-CV: Structured clinical interview for DSM-5 disorders: Clinician version</bibliomixed>
      <bibliomixed id="ch0003s0008bib33">User’s guide for the SCID-5-AMPD: Structured clinical interview for the DSM-5 alternative model for personality disorders</bibliomixed>
      <bibliomixed id="ch0003s0008bib34">Journal of Psychopathology and Clinical Science, 133 PubMed</bibliomixed>
      <bibliomixed id="ch0003s0008bib35">Psychotherapy and Psychosomatics, 24 PubMed</bibliomixed>
      <bibliomixed id="ch0003s0008bib36">Clinical Psychology Review, 90</bibliomixed>
      <bibliomixed id="ch0003s0008bib37">Journal of Clinical Psychology in Medical Settings, 23 PubMed</bibliomixed>
      <bibliomixed id="ch0003s0008bib38">Clinical and diagnostic interviewing</bibliomixed>
      <bibliomixed id="ch0003s0008bib39">Patient Education and Counseling, 76 PubMed</bibliomixed>
      <bibliomixed id="ch0003s0008bib40">Journal of General Internal Medicine, 18 PubMedPubMed Central</bibliomixed>
      <bibliomixed id="ch0003s0008bib41">Psychotherapy: Theory, Research, Practice, Training, 38</bibliomixed>
      <bibliomixed id="ch0003s0008bib42">Journal of Counseling Psychology, 36</bibliomixed>
      <bibliomixed id="ch0003s0008bib43">American Journal of Psychiatry, 167 PubMed</bibliomixed>
      <bibliomixed id="ch0003s0008bib44">Intentional interviewing and counseling: Facilitating client development in a multicultural society</bibliomixed>
      <bibliomixed id="ch0003s0008bib45">Focus, 18 PubMedPubMed Central</bibliomixed>
      <bibliomixed id="ch0003s0008bib46">Van Hasselt, basic interviewing: A practical guide for counselors and clinicians</bibliomixed>
      <bibliomixed id="ch0003s0008bib47">Journal of Research in Personality, 40</bibliomixed>
      <bibliomixed id="ch0003s0008bib48">Journal of the American Academy of Child &amp; Adolescent Psychiatry, 36</bibliomixed>
      <bibliomixed id="ch0003s0008bib49">Journal of Abnormal Psychology, 126 PubMed</bibliomixed>
      <bibliomixed id="ch0003s0008bib50">Annual Review of Clinical Psychology, 17 PubMed</bibliomixed>
      <bibliomixed id="ch0003s0008bib51">Psychological Medicine, 42 PubMed</bibliomixed>
      <bibliomixed id="ch0003s0008bib52">Journal of Nervous &amp; Mental Disease, 207</bibliomixed>
      <bibliomixed id="ch0003s0008bib53">Clinical and diagnostic interviewing</bibliomixed>
      <bibliomixed id="ch0003s0008bib54">Journal of Contemporary Psychotherapy, 52</bibliomixed>
      <bibliomixed id="ch0003s0008bib55">DSM-5 handbook on the cultural formulation interview</bibliomixed>
      <bibliomixed id="ch0003s0008bib56">Emotion Review, 9</bibliomixed>
      <bibliomixed id="ch0003s0008bib57">Counselling Psychology Quarterly, 34</bibliomixed>
      <bibliomixed id="ch0003s0008bib58">Clinical Social Work Journal, 50 PubMedPubMed Central</bibliomixed>
      <bibliomixed id="ch0003s0008bib59">Journal of Racial and Ethnic Health Disparities, 7 PubMed</bibliomixed>
      <bibliomixed id="ch0003s0008bib60">Personality assessment inventory professional manual</bibliomixed>
      <bibliomixed id="ch0003s0008bib61">Psychological Assessment, 29 PubMed</bibliomixed>
      <bibliomixed id="ch0003s0008bib62">Personality assessment inventory plus professional manual</bibliomixed>
      <bibliomixed id="ch0003s0008bib63">The first interview</bibliomixed>
      <bibliomixed id="ch0003s0008bib64">The Encyclopedia of Clinical Psychology</bibliomixed>
      <bibliomixed id="ch0003s0008bib65">Medical Education, 44 PubMed</bibliomixed>
      <bibliomixed id="ch0003s0008bib66">American Family Physician, 94 PubMed</bibliomixed>
      <bibliomixed id="ch0003s0008bib67">Psychiatry and Clinical Neuroscience, 73</bibliomixed>
      <bibliomixed id="ch0003s0008bib68">Discover Psychology, 2</bibliomixed>
      <bibliomixed id="ch0003s0008bib69">Cognitive and Behavioral Practice, 29</bibliomixed>
      <bibliomixed id="ch0003s0008bib70">Behaviour Research and Therapy, 44 PubMed</bibliomixed>
      <bibliomixed id="ch0003s0008bib71">Psychotherapy and Counselling Journal of Australia, 8</bibliomixed>
      <bibliomixed id="ch0003s0008bib72">European Psychiatry, 18 PubMed</bibliomixed>
      <bibliomixed id="ch0003s0008bib73">Career paths in telemental health</bibliomixed>
      <bibliomixed id="ch0003s0008bib74">Journal of Patient Experience, 4 PubMedPubMed Central</bibliomixed>
      <bibliomixed id="ch0003s0008bib75">Psychological Medicine, 53</bibliomixed>
      <bibliomixed id="ch0003s0008bib76">Psychological Medicine, 53 PubMed</bibliomixed>
      <bibliomixed id="ch0003s0008bib77">On becoming a person: A therapist’s view of psychotherapy</bibliomixed>
      <bibliomixed id="ch0003s0008bib78">Australasian Journal of Paramedicine, 10</bibliomixed>
      <bibliomixed id="ch0003s0008bib79">Foundations of behavioral, social and clinical assessment of children</bibliomixed>
      <bibliomixed id="ch0003s0008bib80">Diagnostic interviewing</bibliomixed>
      <bibliomixed id="ch0003s0008bib81">Brain and Behavior, 11 PubMedPubMed Central</bibliomixed>
      <bibliomixed id="ch0003s0008bib82">Mindfulness, 9</bibliomixed>
      <bibliomixed id="ch0003s0008bib83">European Psychiatry, 12</bibliomixed>
      <bibliomixed id="ch0003s0008bib84">The Journal of Clinical Psychiatry, 71 PubMed</bibliomixed>
      <bibliomixed id="ch0003s0008bib85">Palliative Medicine, 31 PubMed</bibliomixed>
      <bibliomixed id="ch0003s0008bib86">Journal of Patient Experience, 7 PubMedPubMed Central</bibliomixed>
      <bibliomixed id="ch0003s0008bib87">Culture, Medicine, and Psychiatry, 46 PubMed</bibliomixed>
      <bibliomixed id="ch0003s0008bib88">Handbook of assessment and treatment planning for psychological disorders</bibliomixed>
      <bibliomixed id="ch0003s0008bib89">Practice Innovations, 8</bibliomixed>
      <bibliomixed id="ch0003s0008bib90">DSM-5 Assessment, 25 PubMed</bibliomixed>
      <bibliomixed id="ch0003s0008bib91">Psychology, Public Policy, and Law, 21</bibliomixed>
      <bibliomixed id="ch0003s0008bib92">World Psychiatry, 14 PubMedPubMed Central</bibliomixed>
      <bibliomixed id="ch0003s0008bib93">Journal of Psychotherapy Integration, 30</bibliomixed>
      <bibliomixed id="ch0003s0008bib94">The Yale Journal of Biology and Medicine, 80 PubMed</bibliomixed>
      <bibliomixed id="ch0003s0008bib95">Psychological Trauma: Theory, Research, Practice, and Policy, 1</bibliomixed>
      <bibliomixed id="ch0003s0008bib96">International classification of diseases for mortality and morbidity statistics (11th revision)</bibliomixed>
      <bibliomixed id="ch0003s0008bib97">American Journal of Psychiatry, 156 PubMed</bibliomixed>
   </bibliography>
</sect1>