<?xml version="1.0" encoding="UTF-8"?>
<sect1 id="ch0018s0009">
   <sect1info>
      <risinfo>
         <risprev>sect1.9781071643624.</risprev>
         <riscurrent>sect1.9781071643624.ch0018s0009</riscurrent>
         <risnext>sect1.9781071643624.ch0018s0001</risnext>
         <booktitle>Diagnostic Interviewing</booktitle>
         <isbn>9781071643624</isbn>
         <chapternumber>18</chapternumber>
         <chapterid>ch0018</chapterid>
         <chaptertitle>16. Personality Disorders</chaptertitle>
         <authorgroup>
            <author>
               <personname>
                  <firstname>Daniel L.</firstname>
                  <surname>Segal</surname>
               </personname>
            </author>
         </authorgroup>
         <publisher>
            <publishername>Springer US</publishername>
         </publisher>
         <pubdate>2025</pubdate>
      </risinfo>
      <primaryauthor>
         <personname>
            <firstname>Daniel L.</firstname>
            <surname>Segal</surname>
         </personname>
      </primaryauthor>
   </sect1info>
   <title>16. Personality Disorders</title>
   <para>D. L. Segal<emphasis role="CollaboratorDesignation"> (ed.)</emphasis>
      <emphasis role="BookTitle">Diagnostic Interviewing</emphasis>
      <ulink url="https://doi.org/10.1007/978-1-0716-4362-4_16">https://doi. org/10.1007/978-1-0716-4362-4_16</ulink>
      <emphasis role="AuthorName">Katherine E. Hein</emphasis>
      <superscript>1</superscript>, <emphasis role="AuthorName">Logan F. Folger</emphasis>
      <superscript>1</superscript>, <emphasis role="AuthorName">Shakur J. Dennis</emphasis>
      <superscript>1</superscript> and <emphasis role="AuthorName">Stephanie N. Mullins-Sweatt</emphasis>
      <superscript>1 <emphasis>ContactOf Author 4</emphasis>
      </superscript>(1)Stephanie N. Mullins-Sweatt Email:</para>
   <para>stephanie. sweatt@okstate. edu Personality Interviewing Assessment Categorical classification Dimensional classification Diagnosis</para>
</sect1>