<?xml version="1.0" encoding="UTF-8"?>
<sect1 id="ch0004s0009" role="Heading">
   <sect1info>
      <risinfo>
         <risprev>sect1.9781071643624.ch0004s0008</risprev>
         <riscurrent>sect1.9781071643624.ch0004s0009</riscurrent>
         <risnext>sect1.9781071643624.</risnext>
         <booktitle>Diagnostic Interviewing</booktitle>
         <isbn>9781071643624</isbn>
         <chapternumber>4</chapternumber>
         <chapterid>ch0004</chapterid>
         <chaptertitle>3. Presenting Problem, History of Presenting Problem, and Social History</chaptertitle>
         <authorgroup>
            <author>
               <personname>
                  <firstname>Daniel L.</firstname>
                  <surname>Segal</surname>
               </personname>
            </author>
         </authorgroup>
         <publisher>
            <publishername>Springer US</publishername>
         </publisher>
         <pubdate>2025</pubdate>
      </risinfo>
      <primaryauthor>
         <personname>
            <firstname>Daniel L.</firstname>
            <surname>Segal</surname>
         </personname>
      </primaryauthor>
   </sect1info>
   <title>Summary and Conclusions</title>
   <para role="Para">Before concluding the interview, the clinician may want to follow up on any missing information to clarify or narrow down diagnostic hypotheses (e. g., has the client endorsed all necessary symptoms to meet the criteria for a hypothesized disorder) and inquire about any information gaps. Clients may be hesitant to disclose information early in the interview process but may feel more comfortable after some rapport has been developed. Providing space for the client to share any additional information may allow them to provide information they left out earlier in the process (e. g., “Have we covered everything you wanted me to know today,” “Is there anything else you would like to tell me?”). The clinician may also use the closing stage of the interview for one final exploration of the client’s secret questions (e. g., “After our discussion today, what are your thoughts about your symptoms and presenting problems?”). Before closing the interview, the clinician should take a few minutes to summarize the process and prepare the client for feedback. This is done by naming the presenting problem and the client’s reasons for seeking assessment, summarizing notable themes and issues, providing an early case formulation as appropriate, and scheduling future sessions.</para>
   <para role="Para FirstParaInFormalPara">We have no known conflicts of interest to disclose.</para>
   <sidebar id="ch0004s0009ad01">
      <para/>
   </sidebar>
   <bibliography id="ch0004s0009bib0025">
      <bibliomixed id="ch0004s0009bib01">Diagnostic and statistical manual of mental disordershttps://​doi.​org/​10.​1176/​appi.​books.​9780890425787 Crossref</bibliomixed>
      <bibliomixed id="ch0004s0009bib02">APA guidelines for psychological assessment and evaluationhttps://​www.​apa.​org/​about/​policy/​guidelines-psychological-assessment-evaluation.​pdf</bibliomixed>
      <bibliomixed id="ch0004s0009bib03">Psychological Medicine, 46https://​doi.​org/​10.​1017/​S003329171500198​1 CrossrefPubMed</bibliomixed>
      <bibliomixed id="ch0004s0009bib04">Journal of Evidence-Based Social Work, 19https://​doi.​org/​10.​1080/​26408066.​2022.​2113579 Crossref</bibliomixed>
      <bibliomixed id="ch0004s0009bib05">Health Psychology Open, 7https://​doi.​org/​10.​1177/​2055102920933072​CrossrefPubMedPubMed Central</bibliomixed>
      <bibliomixed id="ch0004s0009bib06">Americans’ Social Media Usehttps://​www.​pewresearch.​org/​internet/​2024/​01/​31/​americans-social-media-use/​</bibliomixed>
      <bibliomixed id="ch0004s0009bib07">Journal of Emergency Nursing, 28https://​doi.​org/​10.​1067/​men.​2002.​129973 CrossrefPubMed</bibliomixed>
      <bibliomixed id="ch0004s0009bib08">International Electronic Journal of Elementary Education, 10https://​doi.​org/​10.​26822/​iejee.​2018336189 Crossref</bibliomixed>
      <bibliomixed id="ch0004s0009bib09">Addressing cultural complexities in practice: Assessment, diagnosis, and therapyhttps://​doi.​org/​10.​1037/​14801-000 Crossref</bibliomixed>
      <bibliomixed id="ch0004s0009bib10">Psychological Medicine, 47https://​doi.​org/​10.​1017/​S003329171700070​8 CrossrefPubMedPubMed Central</bibliomixed>
      <bibliomixed id="ch0004s0009bib11">Psychiatric Services, 75https://​doi.​org/​10.​1176/​appi.​ps.​20230399 CrossrefPubMed</bibliomixed>
      <bibliomixed id="ch0004s0009bib12">When psychological problems mask medical disorders</bibliomixed>
      <bibliomixed id="ch0004s0009bib13">WBR: Secret Questions Part 1https://​www.​thepeerconsult.​com/​post/​wbr-secret-questions-part-1</bibliomixed>
      <bibliomixed id="ch0004s0009bib14">Step 1: Re-design your referral Qshttps://​www.​thepeerconsult.​com/​post/​referral-questions</bibliomixed>
      <bibliomixed id="ch0004s0009bib15">The American Journal of Psychiatry, 168https://​doi.​org/​10.​1176/​appi.​ajp.​2011.​10111704 CrossrefPubMedPubMed Central</bibliomixed>
      <bibliomixed id="ch0004s0009bib16">Journal of Clinical Psychology, 65https://​doi.​org/​10.​1002/​jclp.​20595 CrossrefPubMed</bibliomixed>
      <bibliomixed id="ch0004s0009bib17">Emotion, 24https://​doi.​org/​10.​1037/​emo 0001333 CrossrefPubMed</bibliomixed>
      <bibliomixed id="ch0004s0009bib18">Handbook of clinical interviewing with adults Crossref</bibliomixed>
      <bibliomixed id="ch0004s0009bib19">Aging and mental health Crossref</bibliomixed>
      <bibliomixed id="ch0004s0009bib20">The American Psychologist, 55https://​doi.​org/​10.​1037/​0003-066X.​55.​1.​5 CrossrefPubMed</bibliomixed>
      <bibliomixed id="ch0004s0009bib21">Ethical and legal issues for mental health professionals: A comprehensive handbook of principles and standards</bibliomixed>
      <bibliomixed id="ch0004s0009bib22">Improving cultural competence. Treatment improvement protocol (TIP) series no. 59. HHS publication no. (SMA) 14-4849https://​store.​samhsa.​gov/​sites/​default/​files/​sma 14-4849.​pdf</bibliomixed>
      <bibliomixed id="ch0004s0009bib23">Results from the 2022 National Survey on Drug Use and Health: A companion infographic (SAMHSA Publication No. PEP34–07–01-007)https://​www.​samhsa.​gov/​data/​report/​2022-nsduh-infographic</bibliomixed>
      <bibliomixed id="ch0004s0009bib24">Current Opinion in Psychology, 44https://​doi.​org/​10.​1016/​j.​copsyc.​2021.​08.​017 CrossrefPubMed</bibliomixed>
   </bibliography>
</sect1>