<?xml version="1.0" encoding="UTF-8"?>
<sect1 id="ch0003s0009">
   <sect1info>
      <risinfo>
         <risprev>sect1.9781071643624.</risprev>
         <riscurrent>sect1.9781071643624.ch0003s0009</riscurrent>
         <risnext>sect1.9781071643624.ch0003s0001</risnext>
         <booktitle>Diagnostic Interviewing</booktitle>
         <isbn>9781071643624</isbn>
         <chapternumber>3</chapternumber>
         <chapterid>ch0003</chapterid>
         <chaptertitle>2. Interviewing Strategies, Empathy, and Rapport</chaptertitle>
         <authorgroup>
            <author>
               <personname>
                  <firstname>Daniel L.</firstname>
                  <surname>Segal</surname>
               </personname>
            </author>
         </authorgroup>
         <publisher>
            <publishername>Springer US</publishername>
         </publisher>
         <pubdate>2025</pubdate>
      </risinfo>
      <primaryauthor>
         <personname>
            <firstname>Daniel L.</firstname>
            <surname>Segal</surname>
         </personname>
      </primaryauthor>
   </sect1info>
   <title>2. Interviewing Strategies, Empathy, and Rapport</title>
   <para>D. L. Segal<emphasis role="CollaboratorDesignation"> (ed.)</emphasis>
      <emphasis role="BookTitle">Diagnostic Interviewing</emphasis>
      <ulink url="https://doi.org/10.1007/978-1-0716-4362-4_2">https://doi. org/10.1007/978-1-0716-4362-4_2</ulink>
      <emphasis role="AuthorName">Zara Kenigsberg</emphasis>
      <superscript>1, 2</superscript>, <emphasis role="AuthorName">Steven L. Bistricky</emphasis>
      <superscript>1, 2 <emphasis>ContactOf Author 2</emphasis>
      </superscript> and <emphasis role="AuthorName">Ryan J. Marek</emphasis>
      <superscript>3</superscript>(1)(2)(3)Steven L. Bistricky Email:</para>
   <para>sbistric@uccs. edu Empathy Interviewing Strategies Case formulation</para>
</sect1>