<?xml version="1.0" encoding="UTF-8"?>
<sect1 id="ch0017s0008" role="Heading">
   <sect1info>
      <risinfo>
         <risprev>sect1.9781071643624.ch0017s0007</risprev>
         <riscurrent>sect1.9781071643624.ch0017s0008</riscurrent>
         <risnext>sect1.9781071643624.</risnext>
         <booktitle>Diagnostic Interviewing</booktitle>
         <isbn>9781071643624</isbn>
         <chapternumber>17</chapternumber>
         <chapterid>ch0017</chapterid>
         <chaptertitle>15. Substance Use Disorders</chaptertitle>
         <authorgroup>
            <author>
               <personname>
                  <firstname>Daniel L.</firstname>
                  <surname>Segal</surname>
               </personname>
            </author>
         </authorgroup>
         <publisher>
            <publishername>Springer US</publishername>
         </publisher>
         <pubdate>2025</pubdate>
      </risinfo>
      <primaryauthor>
         <personname>
            <firstname>Daniel L.</firstname>
            <surname>Segal</surname>
         </personname>
      </primaryauthor>
   </sect1info>
   <title>Summary</title>
   <para role="Para">Diagnostic assessment of SUDs has different purposes depending on the setting and stage of treatment. At each stage of assessment, the inclusion of a more in-depth dimensional assessment is critical to informing treatment recommendations. Substance use research is increasingly emphasizing the etiological commonalities among psychiatric and SUDs. Understanding these shared pathways is crucial not only in improving our skills in diagnosing SUDs and co-occurring symptoms, but also in advancing our field to move beyond clinical diagnoses toward a more transdiagnostic understanding of psychopathology. To conduct the most comprehensive and clinically useful assessments, clinicians are encouraged to stay informed on research related to SUDs and factors contributing to treatment response.</para>
   <sidebar id="ch0017s0008ad01">
      <para/>
   </sidebar>
   <bibliography id="ch0017s0008bib0089">
      <bibliomixed id="ch0017s0008bib01">Drug and Alcohol Review, 22https://​doi.​org/​10.​1080/​0959523031000154​454 CrossrefPubMed</bibliomixed>
      <bibliomixed id="ch0017s0008bib02">Diagnostic and statistical manual of mental disorders, text revision DSM-5 TRCrossref</bibliomixed>
      <bibliomixed id="ch0017s0008bib03">BMC Psychiatry, 23https://​doi.​org/​10.​1186/​s 12888-023-04632-z Crossref</bibliomixed>
      <bibliomixed id="ch0017s0008bib04">Journal of Substance Abuse Treatment, 117https://​doi.​org/​10.​1016/​j.​jsat.​2020.​108096 CrossrefPubMedPubMed Central</bibliomixed>
      <bibliomixed id="ch0017s0008bib05">Psychiatric Services, 65 CrossrefPubMed</bibliomixed>
      <bibliomixed id="ch0017s0008bib06">Pharmacology Biochemistry and Behavior, 164https://​doi.​org/​10.​1016/​j.​pbb.​2017.​08.​009.​Does Crossref</bibliomixed>
      <bibliomixed id="ch0017s0008bib07">Addiction Research and Theory, 26https://​doi.​org/​10.​1080/​16066359.​2017.​1338689 Crossref</bibliomixed>
      <bibliomixed id="ch0017s0008bib08">Journal of Health and Social Behavior, 42 CrossrefPubMed</bibliomixed>
      <bibliomixed id="ch0017s0008bib09">Traumatology, 22 Crossref</bibliomixed>
      <bibliomixed id="ch0017s0008bib10">Drug and Alcohol Dependence, 147 CrossrefPubMed</bibliomixed>
      <bibliomixed id="ch0017s0008bib11">Substance Abuse, 35 CrossrefPubMed</bibliomixed>
      <bibliomixed id="ch0017s0008bib12">National Center for Health Statistics: Underlying cause of death 2018-2019</bibliomixed>
      <bibliomixed id="ch0017s0008bib13">Journal of Adolescent Health, 50 Crossref</bibliomixed>
      <bibliomixed id="ch0017s0008bib14">Nicotine and Tobacco Research, 3https://​doi.​org/​10.​1080/​1462220002003205​1 CrossrefPubMed</bibliomixed>
      <bibliomixed id="ch0017s0008bib15">Advances in Dual Diagnosis, 9https://​doi.​org/​10.​1108/​ADD-02-2016-0006</bibliomixed>
      <bibliomixed id="ch0017s0008bib16">Journal of Psychoactive Drugs, 18https://​doi.​org/​10.​1080/​02791072.​1986.​10472348 CrossrefPubMed</bibliomixed>
      <bibliomixed id="ch0017s0008bib17">Journal of Psychoactive Drugs, 44https://​doi.​org/​10.​1080/​02791072.​2012.​718647 CrossrefPubMedPubMed Central</bibliomixed>
      <bibliomixed id="ch0017s0008bib18">Social Psychiatry and Psychiatric Epidemiology, 50 CrossrefPubMed</bibliomixed>
      <bibliomixed id="ch0017s0008bib19">Journal of Consulting and Clinical Psychology, 68 CrossrefPubMed</bibliomixed>
      <bibliomixed id="ch0017s0008bib20">Psychology of Addictive Behaviors, 27 CrossrefPubMedPubMed Central</bibliomixed>
      <bibliomixed id="ch0017s0008bib21">SCID-5-CV: Structured clinical interview for DSM-5 disorders: clinician version</bibliomixed>
      <bibliomixed id="ch0017s0008bib22">Alcoholism: Clinical and Experimental Research, 23 CrossrefPubMed</bibliomixed>
      <bibliomixed id="ch0017s0008bib23">Journal of Health and Social Behavior, 57 CrossrefPubMedPubMed Central</bibliomixed>
      <bibliomixed id="ch0017s0008bib24">Substance Abuse, 43https://​doi.​org/​10.​1080/​08897077.​2021.​1949663 CrossrefPubMed</bibliomixed>
      <bibliomixed id="ch0017s0008bib25">Psychiatric Clinics of North America, 45https://​doi.​org/​10.​1016/​j.​psc.​2022.​05.​008 CrossrefPubMed</bibliomixed>
      <bibliomixed id="ch0017s0008bib26">Community Mental Health Journal, 56https://​doi.​org/​10.​1007/​s 10597-019-00530-5 CrossrefPubMed</bibliomixed>
      <bibliomixed id="ch0017s0008bib27">Addictive Behaviors, 34https://​doi.​org/​10.​1016/​j.​addbeh.​2009.​06.​004</bibliomixed>
      <bibliomixed id="ch0017s0008bib28">American Journal of Psychiatry, 153https://​doi.​org/​10.​1176/​ajp.​153.​9.​1195</bibliomixed>
      <bibliomixed id="ch0017s0008bib29">American Journal of Psychiatry, 163https://​doi.​org/​10.​1176/​ajp.​2006.​163.​4.​689</bibliomixed>
      <bibliomixed id="ch0017s0008bib30">Alcoholism, Clinical and Experimental Research, 47https://​doi.​org/​10.​1111/​acer.​15195 Crossref</bibliomixed>
      <bibliomixed id="ch0017s0008bib31">Journal of Substance Abuse Treatment, 31 CrossrefPubMed</bibliomixed>
      <bibliomixed id="ch0017s0008bib32">Drug and Alcohol Dependence, 102 Crossref</bibliomixed>
      <bibliomixed id="ch0017s0008bib33">Addictive Behaviors, 124https://​doi.​org/​10.​1016/​j.​addbeh.​2021.​107113 CrossrefPubMed</bibliomixed>
      <bibliomixed id="ch0017s0008bib34">Psychology of Addictive Behaviors, 24 CrossrefPubMedPubMed Central</bibliomixed>
      <bibliomixed id="ch0017s0008bib35">Maternal and Child Health Journal 24https://​doi.​org/​10.​1007/​s 10995-020-02892-9</bibliomixed>
      <bibliomixed id="ch0017s0008bib36">Journal of Addiction Medicine, 14 CrossrefPubMed</bibliomixed>
      <bibliomixed id="ch0017s0008bib37">Julien’s primer of drug action</bibliomixed>
      <bibliomixed id="ch0017s0008bib38">Addictive Behaviors, 23https://​doi.​org/​10.​1016/​S0306-4603(98)00011-2 CrossrefPubMed</bibliomixed>
      <bibliomixed id="ch0017s0008bib39">Journal of Studies on Alcohol and Drugs, 61 Crossref</bibliomixed>
      <bibliomixed id="ch0017s0008bib40">International Journal of Methods in Psychiatric Research, 13 CrossrefPubMed</bibliomixed>
      <bibliomixed id="ch0017s0008bib41">The American Journal on Addictions, 30https://​doi.​org/​10.​1111/​ajad.​13170 CrossrefPubMedPubMed Central</bibliomixed>
      <bibliomixed id="ch0017s0008bib42">Families, Systems &amp; Health, 36https://​doi.​org/​10.​1037/​fsh 0000379 Crossref</bibliomixed>
      <bibliomixed id="ch0017s0008bib43">Drug and Alcohol Dependence, 175https://​doi.​org/​10.​1016/​j.​drugalcdep.​2017.​02.​006 Crossref</bibliomixed>
      <bibliomixed id="ch0017s0008bib44">Biological Psychiatry, 80https://​doi.​org/​10.​1016/​j.​biopsych.​2015.​10.​024.​Addictions Crossref</bibliomixed>
      <bibliomixed id="ch0017s0008bib45">Addiction, 115https://​doi.​org/​10.​1111/​add.​14793 CrossrefPubMed</bibliomixed>
      <bibliomixed id="ch0017s0008bib46">New England Journal of Medicine, 379https://​doi.​org/​10.​1056/​NEJMra 1805981 CrossrefPubMed</bibliomixed>
      <bibliomixed id="ch0017s0008bib47">The American Journal on Addictions, 22 CrossrefPubMed</bibliomixed>
      <bibliomixed id="ch0017s0008bib48">Journal of Ethnicity in Substance Abuse, 17https://​doi.​org/​10.​1080/​15332640.​2017.​1336959.​Race CrossrefPubMed</bibliomixed>
      <bibliomixed id="ch0017s0008bib49">Journal of Ethnicity in Substance Abuse, 19https://​doi.​org/​10.​1080/​15332640.​2018.​1548323 CrossrefPubMed</bibliomixed>
      <bibliomixed id="ch0017s0008bib50">Journal of Substance Use &amp; Addiction Treatment 34https://​doi.​org/​10.​1016/​j.​jsat.​2007.​05.​007</bibliomixed>
      <bibliomixed id="ch0017s0008bib51">Clinical Psychology Review, 66https://​doi.​org/​10.​1016/​j.​cpr.​2017.​10.​012 CrossrefPubMed</bibliomixed>
      <bibliomixed id="ch0017s0008bib52">Journal of Substance Abuse Treatment, 9 CrossrefPubMed</bibliomixed>
      <bibliomixed id="ch0017s0008bib53">Journal of Substance Abuse Treatment, 63https://​doi.​org/​10.​1016/​j.​jsat.​2015.​12.​007 CrossrefPubMed</bibliomixed>
      <bibliomixed id="ch0017s0008bib54">Current Orthopaedic Practice 33https://​doi.​org/​10.​1097/​BCO.​0000000000001080​</bibliomixed>
      <bibliomixed id="ch0017s0008bib55">https://​doi.​org/​10.​1016/​j.​ajem.​2020.​03.​005</bibliomixed>
      <bibliomixed id="ch0017s0008bib56">Psychology of Addictive Behaviors, 34https://​doi.​org/​10.​1037/​adb 0000483 Crossref</bibliomixed>
      <bibliomixed id="ch0017s0008bib57">Drug and Alcohol Dependence, 125 Crossref</bibliomixed>
      <bibliomixed id="ch0017s0008bib58">International Journal of Drug Policy, 44 CrossrefPubMed</bibliomixed>
      <bibliomixed id="ch0017s0008bib59">Chart of evidence-based screening tools and assessments for adults and adolescentshttps://​www.​drugabuse.​gov/​nidamed-medical-health-professionals/​tool-resources-your-practice/​screening-assessment-drug-testing-resources/​chart-evidence-based-screening-tools</bibliomixed>
      <bibliomixed id="ch0017s0008bib60">Drug overdose death rates</bibliomixed>
      <bibliomixed id="ch0017s0008bib61">Healthcare, 11https://​doi.​org/​10.​3390/​healthcare 110811​82 Crossref</bibliomixed>
      <bibliomixed id="ch0017s0008bib62">Clinical Psychology Review, 91https://​doi.​org/​10.​1016/​j.​cpr.​2021.​102110 CrossrefPubMed</bibliomixed>
      <bibliomixed id="ch0017s0008bib63">International Journal of Drug Policy, 57 CrossrefPubMed</bibliomixed>
      <bibliomixed id="ch0017s0008bib64">Indian Journal of Psychological Medicine, 40https://​doi.​org/​10.​4103/​IJPSYM.​IJPSYM_​164_​18 CrossrefPubMedPubMed Central</bibliomixed>
      <bibliomixed id="ch0017s0008bib65">Journal of Psychoactive Drugs, 50https://​doi.​org/​10.​1080/​02791072.​2017.​1401185 CrossrefPubMed</bibliomixed>
      <bibliomixed id="ch0017s0008bib66">Archives of General Psychiatry, 38https://​doi.​org/​10.​1001/​archpsyc.​1981.​01780290015001</bibliomixed>
      <bibliomixed id="ch0017s0008bib67">Addiction, 88https://​doi.​org/​10.​1111/​j.​1360-0443.​1993.​tb 02093.​x CrossrefPubMed</bibliomixed>
      <bibliomixed id="ch0017s0008bib68">International Journal of Geriatric Psychiatry, 36https://​doi.​org/​10.​1002/​gps.​5605</bibliomixed>
      <bibliomixed id="ch0017s0008bib69">Journal of Clinical Psychiatry, 59</bibliomixed>
      <bibliomixed id="ch0017s0008bib70">Addictive Behaviors, 7 CrossrefPubMed</bibliomixed>
      <bibliomixed id="ch0017s0008bib71">Addictive Behaviors, 58https://​doi.​org/​10.​1016/​j.​addbeh.​2016.​02.​030 CrossrefPubMed</bibliomixed>
      <bibliomixed id="ch0017s0008bib72">Key substance use and mental health indicators in the United States: Results from the 2021 National Survey on Drug Use and Health</bibliomixed>
      <bibliomixed id="ch0017s0008bib73">Key substance use and mental health indicators in the United States: Results from the 2022 National Survey on Drug Use and Health</bibliomixed>
      <bibliomixed id="ch0017s0008bib74">British Journal of Addiction, 84https://​doi.​org/​10.​1111/​j.​1360-0443.​1989.​tb 00737.​x CrossrefPubMed</bibliomixed>
      <bibliomixed id="ch0017s0008bib75">Drug and Alcohol Dependence, 83https://​doi.​org/​10.​1016/​j.​drugalcdep.​2005.​11.​022 CrossrefPubMed</bibliomixed>
      <bibliomixed id="ch0017s0008bib76">Journal of Addiction Medicine, 13 CrossrefPubMedPubMed Central</bibliomixed>
      <bibliomixed id="ch0017s0008bib77">British Journal of Addiction, 86https://​doi.​org/​10.​1111/​j.​1360-0443.​1991.​tb 01732 CrossrefPubMed</bibliomixed>
      <bibliomixed id="ch0017s0008bib78">Drug and Alcohol Dependence, 34https://​doi.​org/​10.​1016/​0376-8716(93)90042-OCrossrefPubMed</bibliomixed>
      <bibliomixed id="ch0017s0008bib79">American Journal of Health-System Pharmacy, 78https://​doi.​org/​10.​1093/​ajhp/​zxaa 408 CrossrefPubMed</bibliomixed>
      <bibliomixed id="ch0017s0008bib80">Journal of Affective Disorders, 19https://​doi.​org/​10.​1016/​0165-0327(90)90009-WCrossrefPubMed</bibliomixed>
      <bibliomixed id="ch0017s0008bib81">American Journal of Psychiatry, 177https://​doi.​org/​10.​1176/​APPI.​AJP.​2019.​19121284 CrossrefPubMed</bibliomixed>
      <bibliomixed id="ch0017s0008bib82">Experimental and Clinical Psychopharmacology, 32https://​doi.​org/​10.​1037/​pha 0000648 CrossrefPubMedPubMed Central</bibliomixed>
      <bibliomixed id="ch0017s0008bib83">Pain Medicine, 6https://​doi.​org/​10.​1111/​j.​1526-4637.​2005.​00072 CrossrefPubMed</bibliomixed>
      <bibliomixed id="ch0017s0008bib84">Substance Abuse, 19 CrossrefPubMed</bibliomixed>
      <bibliomixed id="ch0017s0008bib85">Addiction, 97 Crossref</bibliomixed>
      <bibliomixed id="ch0017s0008bib86">Addiction Science &amp; Clinical Practice, 18https://​doi.​org/​10.​1186/​s 13722-023-00376-z Crossref</bibliomixed>
      <bibliomixed id="ch0017s0008bib87">American Journal of Geriatric Psychiatry, 28https://​doi.​org/​10.​1016/​j.​jagp.​2019.​06.​005 Crossref</bibliomixed>
      <bibliomixed id="ch0017s0008bib88">Addictive Behaviors, 113https://​doi.​org/​10.​1016/​j.​addbeh.​2020.​106679 CrossrefPubMed</bibliomixed>
   </bibliography>
</sect1>