<?xml version="1.0" encoding="UTF-8"?>
<sect1 id="ch0019s0009">
   <sect1info>
      <risinfo>
         <risprev>sect1.9781071643624.</risprev>
         <riscurrent>sect1.9781071643624.ch0019s0009</riscurrent>
         <risnext>sect1.9781071643624.ch0019s0001</risnext>
         <booktitle>Diagnostic Interviewing</booktitle>
         <isbn>9781071643624</isbn>
         <chapternumber>19</chapternumber>
         <chapterid>ch0019</chapterid>
         <chaptertitle>17. Schizophrenia and Other Psychotic Disorders</chaptertitle>
         <authorgroup>
            <author>
               <personname>
                  <firstname>Daniel L.</firstname>
                  <surname>Segal</surname>
               </personname>
            </author>
         </authorgroup>
         <publisher>
            <publishername>Springer US</publishername>
         </publisher>
         <pubdate>2025</pubdate>
      </risinfo>
      <primaryauthor>
         <personname>
            <firstname>Daniel L.</firstname>
            <surname>Segal</surname>
         </personname>
      </primaryauthor>
   </sect1info>
   <title>17. Schizophrenia and Other Psychotic Disorders</title>
   <para>D. L. Segal<emphasis role="CollaboratorDesignation"> (ed.)</emphasis>
      <emphasis role="BookTitle">Diagnostic Interviewing</emphasis>
      <ulink url="https://doi.org/10.1007/978-1-0716-4362-4_17">https://doi. org/10.1007/978-1-0716-4362-4_17</ulink>
      <emphasis role="AuthorName">Jason E. Peer</emphasis>
      <superscript>1, 2 <emphasis>ContactOf Author 1</emphasis>
      </superscript>, <emphasis role="AuthorName">Samantha I. Fradkin</emphasis>
      <superscript>1</superscript> and <emphasis role="AuthorName">Mary Katherine Howell</emphasis>
      <superscript>3</superscript>(1)(2)(3)Jason E. Peer Email:</para>
   <para>jason. peer@va. gov Schizophrenia Psychosis Assessment Interviewing Psychopathology</para>
   <para role="Para">
      Schizophrenia<indexterm significance="normal">
         <primary>Schizophrenia</primary>
      </indexterm> is a complex, heterogeneous disorder for which<indexterm significance="normal">
         <primary>which</primary>
      </indexterm> an accurate diagnosis is critical to the provision of appropriate information and treatment recommendations to individuals and their family members. The symptoms of schizophrenia cannot be linked to a specific pathophysiological mechanism, and thus must be assessed based on observations, verbal reports, and inferences. Thus, patient self-report is central to making a diagnosis. However, individuals with schizophrenia can have difficulty describing their experiences. This difficulty may be due to the direct effects of symptoms but can also be compounded by poor insight and cognitive impairment. Additionally, high rates of substance use, mood symptoms, and traumatic experiences in this population can complicate self-reporting<indexterm significance="normal">
         <primary>self-reporting</primary>
      </indexterm> and the differentiation of schizophrenia symptoms from these other factors. In this chapter, we will describe these challenges and offer strategies to address them in the context of diagnostic interviews. We outline procedures for<indexterm significance="normal">
         <primary>for</primary>
      </indexterm>gathering information, discuss the impact of race, culture, diversity, and age; summarize diagnostic criteria, and provide tips for “dos and don’ts” of conducting diagnostic interviews with individuals with schizophrenia.</para>
</sect1>