<?xml version="1.0" encoding="UTF-8"?>
<sect1 id="ch0023s0010">
   <sect1info>
      <risinfo>
         <risprev>sect1.9781071643624.</risprev>
         <riscurrent>sect1.9781071643624.ch0023s0010</riscurrent>
         <risnext>sect1.9781071643624.ch0023s0001</risnext>
         <booktitle>Diagnostic Interviewing</booktitle>
         <isbn>9781071643624</isbn>
         <chapternumber>23</chapternumber>
         <chapterid>ch0023</chapterid>
         <chaptertitle>20. Interviewing in Health, Medical, and Integrated Care Settings</chaptertitle>
         <authorgroup>
            <author>
               <personname>
                  <firstname>Daniel L.</firstname>
                  <surname>Segal</surname>
               </personname>
            </author>
         </authorgroup>
         <publisher>
            <publishername>Springer US</publishername>
         </publisher>
         <pubdate>2025</pubdate>
      </risinfo>
      <primaryauthor>
         <personname>
            <firstname>Daniel L.</firstname>
            <surname>Segal</surname>
         </personname>
      </primaryauthor>
   </sect1info>
   <title>20. Interviewing in Health, Medical, and Integrated Care Settings</title>
   <para>D. L. Segal<emphasis role="CollaboratorDesignation"> (ed.)</emphasis>
      <emphasis role="BookTitle">Diagnostic Interviewing</emphasis>
      <ulink url="https://doi.org/10.1007/978-1-0716-4362-4_20">https://doi. org/10.1007/978-1-0716-4362-4_20</ulink>
      <emphasis role="AuthorName">Katie C. Mendoza</emphasis>
      <superscript>1 <emphasis>ContactOf Author 1</emphasis>
      </superscript> and <emphasis role="AuthorName">Katie M. Connor</emphasis>
      <superscript>1</superscript>(1)Katie C. Mendoza Email:</para>
   <para>katie. mendoza@va. gov Healthcare settings Holistic Functional interviewing Interdisciplinary Multidisciplinary collaboration</para>
</sect1>