<?xml version="1.0" encoding="UTF-8"?>
<sect1 id="ch0014s0009">
   <sect1info>
      <risinfo>
         <risprev>sect1.9781071643624.</risprev>
         <riscurrent>sect1.9781071643624.ch0014s0009</riscurrent>
         <risnext>sect1.9781071643624.ch0014s0001</risnext>
         <booktitle>Diagnostic Interviewing</booktitle>
         <isbn>9781071643624</isbn>
         <chapternumber>14</chapternumber>
         <chapterid>ch0014</chapterid>
         <chaptertitle>12. Somatic Symptom and Related Disorders</chaptertitle>
         <authorgroup>
            <author>
               <personname>
                  <firstname>Daniel L.</firstname>
                  <surname>Segal</surname>
               </personname>
            </author>
         </authorgroup>
         <publisher>
            <publishername>Springer US</publishername>
         </publisher>
         <pubdate>2025</pubdate>
      </risinfo>
      <primaryauthor>
         <personname>
            <firstname>Daniel L.</firstname>
            <surname>Segal</surname>
         </personname>
      </primaryauthor>
   </sect1info>
   <title>12. Somatic Symptom and Related Disorders</title>
   <para>D. L. Segal<emphasis role="CollaboratorDesignation"> (ed.)</emphasis>
      <emphasis role="BookTitle">Diagnostic Interviewing</emphasis>
      <ulink url="https://doi.org/10.1007/978-1-0716-4362-4_12">https://doi. org/10.1007/978-1-0716-4362-4_12</ulink>
      <emphasis role="AuthorName">Maria Kleinstäuber</emphasis>
      <superscript>1 <emphasis>ContactOf Author 1</emphasis>
      </superscript>(1)Maria Kleinstäuber Email:</para>
   <para>maria. kleinstaeuber@usu. edu Somatic symptom Functional neurological symptom disorder Clinical interview</para>
</sect1>