<?xml version="1.0" encoding="UTF-8"?>
<sect1 id="ch0024s0001">
   <sect1info>
      <risinfo>
         <risprev>sect1.9781071643624.ch0024s0008</risprev>
         <riscurrent>sect1.9781071643624.ch0024s0001</riscurrent>
         <risnext>sect1.9781071643624.ch0024s0002</risnext>
         <booktitle>Diagnostic Interviewing</booktitle>
         <isbn>9781071643624</isbn>
         <chapternumber>24</chapternumber>
         <chapterid>ch0024</chapterid>
         <chaptertitle>21. Interviewing Individuals at Risk for Suicide</chaptertitle>
         <authorgroup>
            <author>
               <personname>
                  <firstname>Daniel L.</firstname>
                  <surname>Segal</surname>
               </personname>
            </author>
         </authorgroup>
         <publisher>
            <publishername>Springer US</publishername>
         </publisher>
         <pubdate>2025</pubdate>
      </risinfo>
      <primaryauthor>
         <personname>
            <firstname>Daniel L.</firstname>
            <surname>Segal</surname>
         </personname>
      </primaryauthor>
   </sect1info>
   <title>Articlenote Articlenotemisc</title>
   <sidebar id="ch0024s0001ad01">
      <para role="SimplePara">Dr. Jobes receives funding for the National Institutes of Mental Health and Four Pines Fund and book royalties from Guilford Press. He is a co-owner of CAMS-care, LLC, which is a professional training and consultation company. The other authors have no disclosures to make.</para>
   </sidebar>
</sect1>