<?xml version="1.0" encoding="UTF-8"?>
<sect1 id="ch0015s0008">
   <sect1info>
      <risinfo>
         <risprev>sect1.9781071643624.</risprev>
         <riscurrent>sect1.9781071643624.ch0015s0008</riscurrent>
         <risnext>sect1.9781071643624.ch0015s0001</risnext>
         <booktitle>Diagnostic Interviewing</booktitle>
         <isbn>9781071643624</isbn>
         <chapternumber>15</chapternumber>
         <chapterid>ch0015</chapterid>
         <chaptertitle>13. Eating Disorders</chaptertitle>
         <authorgroup>
            <author>
               <personname>
                  <firstname>Daniel L.</firstname>
                  <surname>Segal</surname>
               </personname>
            </author>
         </authorgroup>
         <publisher>
            <publishername>Springer US</publishername>
         </publisher>
         <pubdate>2025</pubdate>
      </risinfo>
      <primaryauthor>
         <personname>
            <firstname>Daniel L.</firstname>
            <surname>Segal</surname>
         </personname>
      </primaryauthor>
   </sect1info>
   <title>13. Eating Disorders</title>
   <para>D. L. Segal<emphasis role="CollaboratorDesignation"> (ed.)</emphasis>
      <emphasis role="BookTitle">Diagnostic Interviewing</emphasis>
      <ulink url="https://doi.org/10.1007/978-1-0716-4362-4_13">https://doi. org/10.1007/978-1-0716-4362-4_13</ulink>
      <emphasis role="AuthorName">Kelsie T. Forbush</emphasis>
      <superscript>1 <emphasis>ContactOf Author 1</emphasis>
      </superscript>, <emphasis role="AuthorName">Brittany K. Bohrer</emphasis>
      <superscript>2</superscript>, <emphasis role="AuthorName">Marianna Thomeczek</emphasis>
      <superscript>1</superscript>, <emphasis role="AuthorName">Sonakshi Negi</emphasis>
      <superscript>1</superscript>, <emphasis role="AuthorName">Danielle A. N. Chapa</emphasis>
      <superscript>3</superscript>, <emphasis role="AuthorName">Kara A. Christensen Pacella</emphasis>
      <superscript>4</superscript>, <emphasis role="AuthorName">Anjali R. Sharma</emphasis>
      <superscript>1</superscript>, <emphasis role="AuthorName">Alexis Exum</emphasis>
      <superscript>5</superscript>, <emphasis role="AuthorName">Brianne Richson</emphasis>
      <superscript>6</superscript> and <emphasis role="AuthorName">Michaela M. Voss</emphasis>
      <superscript>7</superscript>(1)(2)(3)(4)(5)(6)(7)Kelsie T. Forbush Email:</para>
   <para>kforbush@ku. edu Eating disorders Interviewing Diagnosis Assessment Psychopathology Anorexia nervosa Bulimia nervosa Binge eating disorder</para>
</sect1>