<?xml version="1.0" encoding="UTF-8"?>
<sect1 id="ch0014s0008" role="Heading">
   <sect1info>
      <risinfo>
         <risprev>sect1.9781071643624.ch0014s0007</risprev>
         <riscurrent>sect1.9781071643624.ch0014s0008</riscurrent>
         <risnext>sect1.9781071643624.</risnext>
         <booktitle>Diagnostic Interviewing</booktitle>
         <isbn>9781071643624</isbn>
         <chapternumber>14</chapternumber>
         <chapterid>ch0014</chapterid>
         <chaptertitle>12. Somatic Symptom and Related Disorders</chaptertitle>
         <authorgroup>
            <author>
               <personname>
                  <firstname>Daniel L.</firstname>
                  <surname>Segal</surname>
               </personname>
            </author>
         </authorgroup>
         <publisher>
            <publishername>Springer US</publishername>
         </publisher>
         <pubdate>2025</pubdate>
      </risinfo>
      <primaryauthor>
         <personname>
            <firstname>Daniel L.</firstname>
            <surname>Segal</surname>
         </personname>
      </primaryauthor>
   </sect1info>
   <title>Summary</title>
   <para role="Para">Somatic Symptoms and Related Disorders are a very heterogeneous group of mental disorders. They include disorders characterized by persistent somatic symptoms with associated distress and disability (SSD, FNSD), by a cognitive preoccupation of having or gaining a somatic condition (IAD), by psychological factors that impact the onset and perpetuation of somatic symptoms (PFAOMC), or by induced somatic or mental symptoms (FD). Compared to other mental disorders, it is important to consider that SSRD are phenomena in the intersection between medicine, psychology, and other healthcare disciplines. That makes the diagnostic process unique compared to other disorders, and in addition to the application of common diagnostic tools in mental health (e. g., structured interviews, self-report, and observational tools), it is important to establish a collaborative relationship with your patient’s other healthcare providers. If possible and if time is given, the diagnostician should involve also informants from the patient’s environment.</para>
   <sidebar id="ch0014s0008ad01">
      <para/>
   </sidebar>
   <bibliography id="ch0014s0008bib0068">
      <bibliomixed id="ch0014s0008bib01">Diagnostic and statistical manual for mental disorders, fourth edition, text revision Crossref</bibliomixed>
      <bibliomixed id="ch0014s0008bib02">Diagnostic and statistical manual of mental disorders, fifth edition (DSM-5)Crossref</bibliomixed>
      <bibliomixed id="ch0014s0008bib03">Diagnostic and statistical manual of mental disorders, fifth edition, text revision (DSM-5-TR)Crossref</bibliomixed>
      <bibliomixed id="ch0014s0008bib04">Journal of Cognitive Psychotherapy, 22https://​doi.​org/​10.​1891/​0889-8391.​22.​2.​87 Crossref</bibliomixed>
      <bibliomixed id="ch0014s0008bib05">Journal of Intellectual Disability Research, 41https://​doi.​org/​10.​1111/​j.​1365-2788.​1997.​tb 00674.​x CrossrefPubMed</bibliomixed>
      <bibliomixed id="ch0014s0008bib06">BMC Gastroenterology, 7https://​doi.​org/​10.​1186/​1471-230X-7-16 CrossrefPubMedPubMed Central</bibliomixed>
      <bibliomixed id="ch0014s0008bib07">The GI symptom diary: How to tell if the patient is improving irritable bowel syndrome: Psychosocial assessment and treatmenthttps://​doi.​org/​10.​1037/​10393-004 Crossref</bibliomixed>
      <bibliomixed id="ch0014s0008bib08">Journal of Psychosomatic Research, 60https://​doi.​org/​10.​1016/​j.​jpsychores.​2005.​10.​020 CrossrefPubMed</bibliomixed>
      <bibliomixed id="ch0014s0008bib09">Anxiety and Related Disorders Interview Schedule for DSM-5 (ADIS-5)</bibliomixed>
      <bibliomixed id="ch0014s0008bib10">Journal of Pain Management, 2</bibliomixed>
      <bibliomixed id="ch0014s0008bib11">Journal of Psychosomatic Research, 37https://​doi.​org/​10.​1016/​0022-3999(93)90081-PCrossrefPubMed</bibliomixed>
      <bibliomixed id="ch0014s0008bib12">Beyond myalgic encephalomyelitis/chronic fatigue syndrome. Redefining and illness</bibliomixed>
      <bibliomixed id="ch0014s0008bib13">Pain, 118https://​doi.​org/​10.​1016/​j.​pain.​2005.​08.​025 CrossrefPubMed</bibliomixed>
      <bibliomixed id="ch0014s0008bib14">JAMA Neurology, 75https://​doi.​org/​10.​1001/​jamaneurol.​2018.​1264 CrossrefPubMedPubMed Central</bibliomixed>
      <bibliomixed id="ch0014s0008bib15">Journal of Psychosomatic Research, 39https://​doi.​org/​10.​1016/​0022399994000346​CrossrefPubMed</bibliomixed>
      <bibliomixed id="ch0014s0008bib16">Continuum, 24 PubMed</bibliomixed>
      <bibliomixed id="ch0014s0008bib17">Structured Clinical Interview for DSM-5—Research Version (SCID-5-RV)</bibliomixed>
      <bibliomixed id="ch0014s0008bib18">Structured Clinical Interview for DSM-5 disorders. SCID-5-CV. Clinical Version User’s Guide</bibliomixed>
      <bibliomixed id="ch0014s0008bib19">Current Opinion in Psychiatry, 17https://​doi.​org/​10.​1097/​01.​mop.​0000158729.​18551.​dd Crossref</bibliomixed>
      <bibliomixed id="ch0014s0008bib20">Journal of Pediatric Orthopaedics, 24https://​doi.​org/​10.​1097/​01241398-200409000-00011 CrossrefPubMed</bibliomixed>
      <bibliomixed id="ch0014s0008bib21">Deutsches Ärzteblatt International, 117https://​doi.​org/​10.​3238/​arztebl.​2020.​0452 CrossrefPubMedPubMed Central</bibliomixed>
      <bibliomixed id="ch0014s0008bib22">Psychotherapy and Psychosomatics, 87https://​doi.​org/​10.​1159/​000484413 CrossrefPubMed</bibliomixed>
      <bibliomixed id="ch0014s0008bib23">Nursing Research, 28https://​www.​ncbi.​nlm.​nih.​gov/​pubmed/​255924 PubMed</bibliomixed>
      <bibliomixed id="ch0014s0008bib24">Social Psychiatry and Psychiatric Epidemiology, 41https://​doi.​org/​10.​1007/​s 00127-006-0082-y CrossrefPubMed</bibliomixed>
      <bibliomixed id="ch0014s0008bib25">Psychological Medicine, 34https://​doi.​org/​10.​1017/​S003329170300139​9S00332917030013​99 CrossrefPubMed</bibliomixed>
      <bibliomixed id="ch0014s0008bib26">Somatization and hypochondriasis</bibliomixed>
      <bibliomixed id="ch0014s0008bib27">Pain, 72https://​doi.​org/​10.​1016/​S0304-3959(97)00038-9 CrossrefPubMed</bibliomixed>
      <bibliomixed id="ch0014s0008bib28">The Clinical Journal of Pain, 40https://​doi.​org/​10.​1097/​AJP.​0000000000001163​CrossrefPubMed</bibliomixed>
      <bibliomixed id="ch0014s0008bib29">Pain Management, 3</bibliomixed>
      <bibliomixed id="ch0014s0008bib30">Psychosomatic Medicine, 64https://​doi.​org/​10.​1097/​00006842-200203000-00008 CrossrefPubMed</bibliomixed>
      <bibliomixed id="ch0014s0008bib31">Gastroenterology, 150https://​doi.​org/​10.​1053/​j.​gastro.​2016.​02.​031 Crossref</bibliomixed>
      <bibliomixed id="ch0014s0008bib32">Best Practice &amp; Research Clinical Rheumatology, 28https://​doi.​org/​10.​1016/​j.​berh.​2014.​05.​003 Crossref</bibliomixed>
      <bibliomixed id="ch0014s0008bib33">Social Psychiatry and Psychiatric Epidemiology, 42https://​doi.​org/​10.​1007/​s 00127-007-0218-8 CrossrefPubMed</bibliomixed>
      <bibliomixed id="ch0014s0008bib34">Manual for the Depression Anxiety Stress Scales</bibliomixed>
      <bibliomixed id="ch0014s0008bib35">Journal of Pain, 9https://​www.​jpain.​org/​article/​S1526-5900(08)00550-6/​pdf CrossrefPubMed</bibliomixed>
      <bibliomixed id="ch0014s0008bib36">Motivational interviewing. Helping people change and grow</bibliomixed>
      <bibliomixed id="ch0014s0008bib37">European Journal of Pain, 11https://​doi.​org/​10.​1016/​j.​ejpain.​2005.​12.​008 CrossrefPubMed</bibliomixed>
      <bibliomixed id="ch0014s0008bib38">Movement Disorders Clinical Practice, 4https://​doi.​org/​10.​1002/​mdc 3.​12475 CrossrefPubMedPubMed Central</bibliomixed>
      <bibliomixed id="ch0014s0008bib39">Journal of Orthopaedic &amp; Sports Physical Therapy, 48https://​doi.​org/​10.​2519/​jospt.​2018.​7864 Crossref</bibliomixed>
      <bibliomixed id="ch0014s0008bib40">Psychiatry and Clinical Neurosciences, 73https://​doi.​org/​10.​1111/​pcn.​12931 CrossrefPubMed</bibliomixed>
      <bibliomixed id="ch0014s0008bib41">Psychological Medicine, 27https://​doi.​org/​10.​1017/​S003329179600453​9 CrossrefPubMed</bibliomixed>
      <bibliomixed id="ch0014s0008bib42">Psychological factors affecting medical conditions: A new classification for DSM-5 Crossref</bibliomixed>
      <bibliomixed id="ch0014s0008bib43">American Journal of Psychiatry, 168https://​doi.​org/​10.​1176/​appi.​ajp.​2011.​10111704 CrossrefPubMed</bibliomixed>
      <bibliomixed id="ch0014s0008bib44">Behavioral and Cognitive Psychotherapy, 52https://​doi.​org/​10.​1017/​S135246582300056​5 Crossref</bibliomixed>
      <bibliomixed id="ch0014s0008bib45">Journal of Psychosomatic Research, 54https://​doi.​org/​10.​1016/​S0022-3999(02)00401-4 CrossrefPubMed</bibliomixed>
      <bibliomixed id="ch0014s0008bib46">Psychiatric disorders in America: The epidemiological catchment area study</bibliomixed>
      <bibliomixed id="ch0014s0008bib47">Archives of Physical Medicine and Rehabilitation, 82https://​doi.​org/​10.​1053/​apmr.​2001.​9396 CrossrefPubMed</bibliomixed>
      <bibliomixed id="ch0014s0008bib48">Psychological Medicine, 32https://​doi.​org/​10.​1017/​S003329170200582​2 CrossrefPubMed</bibliomixed>
      <bibliomixed id="ch0014s0008bib49">Psychosomatic Medicine, 81https://​doi.​org/​10.​1097/​psy.​0000000000000691​CrossrefPubMed</bibliomixed>
      <bibliomixed id="ch0014s0008bib50">The Lancet, 389https://​doi.​org/​10.​1016/​S0140-6736(17)30773-0 Crossref</bibliomixed>
      <bibliomixed id="ch0014s0008bib51">Pain, 119https://​doi.​org/​10.​1016/​j.​pain.​2005.​09.​028 CrossrefPubMed</bibliomixed>
      <bibliomixed id="ch0014s0008bib52">Psychological Assessment, 7 Crossref</bibliomixed>
      <bibliomixed id="ch0014s0008bib53">Pain, 40https://​doi.​org/​10.​1016/​0304-3959(90)90068-OCrossrefPubMed</bibliomixed>
      <bibliomixed id="ch0014s0008bib54">Handbook of research methods in health social scienceshttps://​doi.​org/​10.​1007/​978-981-10-5251-4_​4 Crossref</bibliomixed>
      <bibliomixed id="ch0014s0008bib55">Assessment, 25https://​doi.​org/​10.​1177/​1073191116638410​CrossrefPubMed</bibliomixed>
      <bibliomixed id="ch0014s0008bib56">Journal of Psychosomatic Research, 97https://​doi.​org/​10.​1016/​j.​jpsychores.​2017.​03.​017 CrossrefPubMed</bibliomixed>
      <bibliomixed id="ch0014s0008bib57">Mental illness in primary care: An international studyhttps://​books.​google.​de/​books?​id=​RgnFHUmpVckC&amp;​printsec=​frontcover&amp;​hl=​de#v=​onepage&amp;​q&amp;​f=​false</bibliomixed>
      <bibliomixed id="ch0014s0008bib58">Clinical Journal of Pain, 25https://​doi.​org/​10.​1097/​AJP.​0b 013e 3181a 5b 52a​CrossrefPubMed</bibliomixed>
      <bibliomixed id="ch0014s0008bib59">Medical Care, 37https://​doi.​org/​10.​1097/​00005650-199902000-00003 CrossrefPubMed</bibliomixed>
      <bibliomixed id="ch0014s0008bib60">Pain, 43https://​doi.​org/​10.​1016/​0304-3959(90)90030-HCrossrefPubMed</bibliomixed>
      <bibliomixed id="ch0014s0008bib61">Pain, 52 CrossrefPubMed</bibliomixed>
      <bibliomixed id="ch0014s0008bib62">Health Education Monographs, 6https://​doi.​org/​10.​1177/​1090198178006001​07 CrossrefPubMed</bibliomixed>
      <bibliomixed id="ch0014s0008bib63">Medical Care, 34 CrossrefPubMed</bibliomixed>
      <bibliomixed id="ch0014s0008bib64">Arthritis Care &amp; Research, 62https://​doi.​org/​10.​1002/​acr.​20140 Crossref</bibliomixed>
      <bibliomixed id="ch0014s0008bib65">https://​icd.​who.​int/​browse/​2024-01/​mms/​en</bibliomixed>
      <bibliomixed id="ch0014s0008bib66">Child Abuse &amp; Neglect, 72https://​doi.​org/​10.​1016/​j.​chiabu.​2017.​07.​008 Crossref</bibliomixed>
      <bibliomixed id="ch0014s0008bib67">General Hospital Psychiatry, 41https://​doi.​org/​10.​1016/​j.​genhosppsych.​2016.​05.​002 CrossrefPubMed</bibliomixed>
   </bibliography>
</sect1>