<?xml version="1.0" encoding="UTF-8"?>
<sect1 id="ch0019s0008" role="Heading">
   <sect1info>
      <risinfo>
         <risprev>sect1.9781071643624.ch0019s0007</risprev>
         <riscurrent>sect1.9781071643624.ch0019s0008</riscurrent>
         <risnext>sect1.9781071643624.</risnext>
         <booktitle>Diagnostic Interviewing</booktitle>
         <isbn>9781071643624</isbn>
         <chapternumber>19</chapternumber>
         <chapterid>ch0019</chapterid>
         <chaptertitle>17. Schizophrenia and Other Psychotic Disorders</chaptertitle>
         <authorgroup>
            <author>
               <personname>
                  <firstname>Daniel L.</firstname>
                  <surname>Segal</surname>
               </personname>
            </author>
         </authorgroup>
         <publisher>
            <publishername>Springer US</publishername>
         </publisher>
         <pubdate>2025</pubdate>
      </risinfo>
      <primaryauthor>
         <personname>
            <firstname>Daniel L.</firstname>
            <surname>Segal</surname>
         </personname>
      </primaryauthor>
   </sect1info>
   <title>Summary</title>
   <para role="Para">In this chapter, we have provided a description of schizophrenia psychopathology, a summary of diagnostic criteria and several interviewing strategies for this diagnosis. Although schizophrenia is a complex disorder with a variable clinical presentation, we hope that this information can provide a roadmap to the diagnostic interviewing process and highlight potential pitfalls to be avoided. Structured clinical interviews such as the SCID-5 are the gold standard for establishing a diagnosis of schizophrenia. Interview-based symptom assessments such as the BPRS, PANSS, CAINS and BNSS<indexterm significance="normal">
         <primary>BNSS</primary>
      </indexterm>can also be very useful for helping the interviewer determine whether Criterion A (active phase) symptoms of schizophrenia are present. Information from collateral sources as well as standardized assessment of psychosocial functioning can assist in determining if Criterion B (social/occupational dysfunction) is met. A thorough diagnostic interview will also include an assessment of mood symptoms, substance use, medical history, and trauma to differentiate between schizophrenia and other disorders that may include psychotic or psychotic-like symptoms. Our aspiration has been to provide the reader with informative clinical descriptions and tips to enhance the interviewing<indexterm significance="normal">
         <primary>interviewing</primary>
      </indexterm>process specific for this population.</para>
   <sidebar id="ch0019s0008ad01">
      <para/>
   </sidebar>
   <bibliography id="ch0019s0008bib0039">
      <bibliomixed id="ch0019s0008bib01">am not sick, I don’t need help!</bibliomixed>
      <bibliomixed id="ch0019s0008bib02">Schizophrenia Bulletin, 17 CrossrefPubMed</bibliomixed>
      <bibliomixed id="ch0019s0008bib03">Diagnostic and statistical manual of mental disordershttps://​doi.​org/​10.​1176/​appi.​books.​9780890425787 Crossref</bibliomixed>
      <bibliomixed id="ch0019s0008bib04">Adult psychopathology and diagnosis</bibliomixed>
      <bibliomixed id="ch0019s0008bib05">Clinical Psychology Review, 20 CrossrefPubMed</bibliomixed>
      <bibliomixed id="ch0019s0008bib06">Asian Journal of Psychiatry, 11https://​doi.​org/​10.​1016/​j.​ajp.​2014.​08.​002 CrossrefPubMed</bibliomixed>
      <bibliomixed id="ch0019s0008bib07">Schizophrenia Bulletin, 42https://​doi.​org/​10.​1093/​schbul/​sbv 160 CrossrefPubMed</bibliomixed>
      <bibliomixed id="ch0019s0008bib08">Journal of Black Psychology, 32https://​doi.​org/​10.​1177/​0095798405283175​Crossref</bibliomixed>
      <bibliomixed id="ch0019s0008bib09">The Lancet Psychiatry, 7 CrossrefPubMed</bibliomixed>
      <bibliomixed id="ch0019s0008bib10">Structured clinical interview for DSM-5 disorders, clinician version (SCID-5-CV)</bibliomixed>
      <bibliomixed id="ch0019s0008bib11">World Psychiatry, 14 CrossrefPubMedPubMed Central</bibliomixed>
      <bibliomixed id="ch0019s0008bib12">Archives of General Psychiatry, 69https://​doi.​org/​10.​1001/​archgenpsychiatr​y.​2011.​2040 CrossrefPubMed</bibliomixed>
      <bibliomixed id="ch0019s0008bib13">European Archives of Psychiatry and Clinical Neuroscience, 270https://​doi.​org/​10.​1007/​s 00406-019-01068-z CrossrefPubMed</bibliomixed>
      <bibliomixed id="ch0019s0008bib14">Journal of Cognitive Psychotherapy, 36https://​doi.​org/​10.​1891/​JCP-2021-0008 CrossrefPubMed</bibliomixed>
      <bibliomixed id="ch0019s0008bib15">Schizophrenia Bulletin, 13 CrossrefPubMed</bibliomixed>
      <bibliomixed id="ch0019s0008bib16">Schizophrenia Research, 79 CrossrefPubMed</bibliomixed>
      <bibliomixed id="ch0019s0008bib17">Schizophrenia Bulletin, 37https://​doi.​org/​10.​1093/​schbul/​sbg 059 CrossrefPubMed</bibliomixed>
      <bibliomixed id="ch0019s0008bib18">American Journal of Psychiatry, 170 CrossrefPubMed</bibliomixed>
      <bibliomixed id="ch0019s0008bib19">Schizophrenia Bulletin, 40 Crossref</bibliomixed>
      <bibliomixed id="ch0019s0008bib20">Transcultural Psychiatry, 56 CrossrefPubMed</bibliomixed>
      <bibliomixed id="ch0019s0008bib21">Schizophrenia Bulletin, 12</bibliomixed>
      <bibliomixed id="ch0019s0008bib22">The British Journal of Psychiatry, 206 CrossrefPubMed</bibliomixed>
      <bibliomixed id="ch0019s0008bib23">Schizophrenia Bulletin, 42 CrossrefPubMedPubMed Central</bibliomixed>
      <bibliomixed id="ch0019s0008bib24">Schizophrenia Bulletin, 35 CrossrefPubMed</bibliomixed>
      <bibliomixed id="ch0019s0008bib25">Molecular Psychiatry, 28https://​doi.​org/​10.​1038/​s 41380-023-01949-9 CrossrefPubMedPubMed Central</bibliomixed>
      <bibliomixed id="ch0019s0008bib26">Journal of Consulting and Clinical Psychology, 66 CrossrefPubMed</bibliomixed>
      <bibliomixed id="ch0019s0008bib27">Journal of Psychosocial Rehabilitation and Mental Health, 4 Crossref</bibliomixed>
      <bibliomixed id="ch0019s0008bib28">Structured clinical interview for the positive and negative syndrome scale</bibliomixed>
      <bibliomixed id="ch0019s0008bib29">Psychological Reports, 10 Crossref</bibliomixed>
      <bibliomixed id="ch0019s0008bib30">Ethnicity and Health, 22https://​doi.​org/​10.​1080/​13557858.​2016.​1196650 CrossrefPubMed</bibliomixed>
      <bibliomixed id="ch0019s0008bib31">Neuroscience and Biobehavioral Reviews, 73https://​doi.​org/​10.​1016/​j.​neubiorev.​2016.​12.​013 CrossrefPubMed</bibliomixed>
      <bibliomixed id="ch0019s0008bib32">Journal of Clinical Psychiatry, 70 CrossrefPubMed</bibliomixed>
      <bibliomixed id="ch0019s0008bib33">Schizophrenia Bulletin, 39 CrossrefPubMedPubMed Central</bibliomixed>
      <bibliomixed id="ch0019s0008bib34">Schizophrenia Research, 152https://​doi.​org/​10.​1016/​j.​schres.​2013.​10.​033 CrossrefPubMed</bibliomixed>
      <bibliomixed id="ch0019s0008bib35">International Journal of Methods in Psychiatric Research, 3</bibliomixed>
      <bibliomixed id="ch0019s0008bib36">European Psychiatry, 22 CrossrefPubMed</bibliomixed>
      <bibliomixed id="ch0019s0008bib37">The global burden of disease: 2004 update</bibliomixed>
      <bibliomixed id="ch0019s0008bib38">Psychiatric Genetics, 30https://​doi.​org/​10.​1097/​YPG.​0000000000000245​CrossrefPubMed</bibliomixed>
   </bibliography>
</sect1>