<?xml version="1.0" encoding="UTF-8"?>
<sect1 id="ch0021s0009" role="Heading">
   <sect1info>
      <risinfo>
         <risprev>sect1.9781071643624.ch0021s0008</risprev>
         <riscurrent>sect1.9781071643624.ch0021s0009</riscurrent>
         <risnext>sect1.9781071643624.</risnext>
         <booktitle>Diagnostic Interviewing</booktitle>
         <isbn>9781071643624</isbn>
         <chapternumber>21</chapternumber>
         <chapterid>ch0021</chapterid>
         <chaptertitle>18. Interviewing Children</chaptertitle>
         <authorgroup>
            <author>
               <personname>
                  <firstname>Daniel L.</firstname>
                  <surname>Segal</surname>
               </personname>
            </author>
         </authorgroup>
         <publisher>
            <publishername>Springer US</publishername>
         </publisher>
         <pubdate>2025</pubdate>
      </risinfo>
      <primaryauthor>
         <personname>
            <firstname>Daniel L.</firstname>
            <surname>Segal</surname>
         </personname>
      </primaryauthor>
   </sect1info>
   <title>Summary</title>
   <para role="Para">The purpose of this chapter was to provide students and clinicians with a central overview of the diagnostic interviewing process for children. It began with a summary of issues specific to children that should be considered during the interview and intake process. A discussion of interview techniques and structure followed, highlighting how to use the referral question, who to interview, and methods for gathering information. In addition, a case illustration and recommendations for formal assessment tools, as well as a brief review of structured and semi-structured diagnostic interviews, were discussed. Finally, a review of the impact of race, culture, age, and other diversity considerations in the context of diagnostic interviewing was provided, followed by a brief discussion of important dos and don’ts for interviewing. A well-conducted and thorough diagnostic interview requires both a keen awareness of diagnostic criteria and structured tools, as well as sufficiently developed clinical skills to facilitate a comfortable and open environment for the child and caregiver. These competencies allow the clinician to collect the necessary data and make families comfortable enough to share such data. It is crucial to remember that the diagnostic interview marks the beginning of case conceptualization and treatment planning; a thoughtful and well-informed interview will set the stage for a strong and supportive therapeutic alliance.</para>
   <sidebar id="ch0021s0009ad01">
      <para/>
   </sidebar>
   <bibliography id="ch0021s0009bib0041">
      <bibliomixed id="ch0021s0009bib01">Manual for the ASEBA school-age forms &amp; profiles</bibliomixed>
      <bibliomixed id="ch0021s0009bib02">https://​doi.​org/​10.​1176/​appi.​books.​9780890425787</bibliomixed>
      <bibliomixed id="ch0021s0009bib03">. http://​www.​apa.​org/​about/​policy/​multicultural-guidelines.​pdf</bibliomixed>
      <bibliomixed id="ch0021s0009bib04">Assessing adolescent psychopathology: MMPI-A/MMPI-A-RFCrossref</bibliomixed>
      <bibliomixed id="ch0021s0009bib05">International Journal of Methods in Psychiatric Research, 26https://​doi.​org/​10.​1002/​mpr.​1544 CrossrefPubMed</bibliomixed>
      <bibliomixed id="ch0021s0009bib06">Archives of General Psychiatry, 42https://​doi.​org/​10.​1001/​archpsyc.​1985.​01790300064008 CrossrefPubMed</bibliomixed>
      <bibliomixed id="ch0021s0009bib07">Behaviour Research and Therapy, 38https://​doi.​org/​10.​1016/​S0005-7967(99)00130-8 CrossrefPubMed</bibliomixed>
      <bibliomixed id="ch0021s0009bib08">American Journal of Psychiatry, 170https://​doi.​org/​10.​1176/​appi.​ajp.​2012.​12070998 CrossrefPubMed</bibliomixed>
      <bibliomixed id="ch0021s0009bib09">Psychological Assessment, 30https://​doi.​org/​10.​1037/​pas 0000541 CrossrefPubMed</bibliomixed>
      <bibliomixed id="ch0021s0009bib10">Depression and Anxiety, 37https://​doi.​org/​10.​1002/​da.​22984 CrossrefPubMed</bibliomixed>
      <bibliomixed id="ch0021s0009bib11">Child Psychiatry &amp; Human Developmenthttps://​doi.​org/​10.​1007/​s 10578-023-01644-4</bibliomixed>
      <bibliomixed id="ch0021s0009bib12">Professional Psychology: Research and Practice, 43https://​doi.​org/​10.​1037/​a 0029597 Crossref</bibliomixed>
      <bibliomixed id="ch0021s0009bib13">Suicide thoughts and attempts among transgender adultshttps://​williamsinstitut​e-law-ucla-edu.​access.​library.​miami.​edu/​publications/​suicidality-transgender-adults/​</bibliomixed>
      <bibliomixed id="ch0021s0009bib14">Handbook of clinical psychology (Vol. 2 children and adolescents)</bibliomixed>
      <bibliomixed id="ch0021s0009bib15">Kaufman assessment battery for children-second edition normative update</bibliomixed>
      <bibliomixed id="ch0021s0009bib16">K-SADS-PL DSM-5 November 2016</bibliomixed>
      <bibliomixed id="ch0021s0009bib17">Journal of Clinical Child and Adolescent Psychology: The Official Journal for the Society of Clinical Child and Adolescent Psychology, American Psychological Association, Division 53, 46https://​doi.​org/​10.​1080/​15374416.​2016.​1233501 CrossrefPubMed</bibliomixed>
      <bibliomixed id="ch0021s0009bib18">Psychopathology, 38https://​doi.​org/​10.​1159/​000086090 CrossrefPubMed</bibliomixed>
      <bibliomixed id="ch0021s0009bib19">APA handbook of multicultural psychology, Vol. 2: Applications and training (pp. ix, 723)https://​doi.​org/​10.​1037/​14187-000 Crossref</bibliomixed>
      <bibliomixed id="ch0021s0009bib20">Journal of the American Academy of Child &amp; Adolescent Psychiatry, 46https://​doi.​org/​10.​1097/​chi.​0b 013e 3180465a 09​Crossref</bibliomixed>
      <bibliomixed id="ch0021s0009bib21">Comprehensive Psychiatry, 96https://​doi.​org/​10.​1016/​j.​comppsych.​2019.​152148 CrossrefPubMed</bibliomixed>
      <bibliomixed id="ch0021s0009bib22">Cultural Diversity and Ethnic Minority Psychology, 8https://​doi.​org/​10.​1037/​1099-9809.​8.​3.​234 CrossrefPubMed</bibliomixed>
      <bibliomixed id="ch0021s0009bib23">Behavior assessment system for children</bibliomixed>
      <bibliomixed id="ch0021s0009bib24">Woodcock-Johnson V</bibliomixed>
      <bibliomixed id="ch0021s0009bib25">Suicidality: A roadmap for assessment and treatmenthttp://​Harm Research.​org</bibliomixed>
      <bibliomixed id="ch0021s0009bib26">)The Journal of Clinical Psychiatry, 71https://​doi.​org/​10.​4088/​JCP.​09m 05305whi CrossrefPubMed</bibliomixed>
      <bibliomixed id="ch0021s0009bib27">Anxiety disorders interview schedule for DSM-IV child version: Clincian manual</bibliomixed>
      <bibliomixed id="ch0021s0009bib28">Anxiety and related disorders interview schedule for DSM-5, child and parent version: Clinician manual Crossref</bibliomixed>
      <bibliomixed id="ch0021s0009bib29">Journal of the American Academy of Child &amp; Adolescent Psychiatry, 40https://​doi.​org/​10.​1097/​00004583-200108000-00016 Crossref</bibliomixed>
      <bibliomixed id="ch0021s0009bib30">Assessment, 25https://​doi.​org/​10.​1177/​1073191116638410​CrossrefPubMed</bibliomixed>
      <bibliomixed id="ch0021s0009bib31">Assessment, 30https://​doi.​org/​10.​1177/​1073191122114399​4 CrossrefPubMed</bibliomixed>
      <bibliomixed id="ch0021s0009bib32">Journal of the American Academy of Child and Adolescent Psychiatry, 59https://​doi.​org/​10.​1016/​j.​jaac.​2019.​05.​009 CrossrefPubMed</bibliomixed>
      <bibliomixed id="ch0021s0009bib33">Türk Psikiyatri Dergisi, 30https://​doi.​org/​10.​5080/​u 23408 Crossref</bibliomixed>
      <bibliomixed id="ch0021s0009bib34">Child and Adolescent Psychiatric Clinics of North America, 31https://​doi.​org/​10.​1016/​j.​chc.​2022.​05.​008 CrossrefPubMed</bibliomixed>
      <bibliomixed id="ch0021s0009bib35">Wechsler preschool and primary scale of intelligence™</bibliomixed>
      <bibliomixed id="ch0021s0009bib36">Wechsler intelligence scale for children®</bibliomixed>
      <bibliomixed id="ch0021s0009bib37">Wechsler individual achievement test®</bibliomixed>
      <bibliomixed id="ch0021s0009bib38">Journal of Pediatric Psychology, 28https://​doi.​org/​10.​1093/​jpepsy/​jsg 046 CrossrefPubMed</bibliomixed>
      <bibliomixed id="ch0021s0009bib39">Journal of Clinical Child &amp; Adolescent Psychology, 31https://​doi.​org/​10.​1207/​S15374424 JCCP310​3_​05 Crossref</bibliomixed>
      <bibliomixed id="ch0021s0009bib40">Academic Pediatrics, 18https://​doi.​org/​10.​1016/​j.​acap.​2018.​06.​011 CrossrefPubMedPubMed Central</bibliomixed>
   </bibliography>
</sect1>