<?xml version="1.0" encoding="UTF-8"?>
<sect1 id="ch0015s0007" role="Heading">
   <sect1info>
      <risinfo>
         <risprev>sect1.9781071643624.ch0015s0006</risprev>
         <riscurrent>sect1.9781071643624.ch0015s0007</riscurrent>
         <risnext>sect1.9781071643624.</risnext>
         <booktitle>Diagnostic Interviewing</booktitle>
         <isbn>9781071643624</isbn>
         <chapternumber>15</chapternumber>
         <chapterid>ch0015</chapterid>
         <chaptertitle>13. Eating Disorders</chaptertitle>
         <authorgroup>
            <author>
               <personname>
                  <firstname>Daniel L.</firstname>
                  <surname>Segal</surname>
               </personname>
            </author>
         </authorgroup>
         <publisher>
            <publishername>Springer US</publishername>
         </publisher>
         <pubdate>2025</pubdate>
      </risinfo>
      <primaryauthor>
         <personname>
            <firstname>Daniel L.</firstname>
            <surname>Segal</surname>
         </personname>
      </primaryauthor>
   </sect1info>
   <title>Summary</title>
   <para role="Para">EDs are complex psychiatric disorders that, if untreated, adversely affect social relationships, work productivity, and physical health and can lead to premature death. Despite common stereotypes, EDs have a prevalence that is similar to depression or anxiety. Moreover, EDs occur across the lifespan, in persons with food insecurity, in all genders, and in ethnic-racial minority groups. Having a rudimentary understanding of how to assess and diagnose EDs is, therefore, requisite for all mental<indexterm significance="normal">
         <primary>mental</primary>
      </indexterm> health clinicians and physicians. This chapter provided information on the key signs and symptoms of EDs and how to assess these issues. We encourage the interested reader to refer to additional information and helpful resources provided by the National Eating Disorder Association (<emphasis role="ExternalRef">
         <ulink url="https://www.nationaleatingdisorders.org/">
            <emphasis role="RefSource">https://​www.​nationaleatingdi​sorders.​org/​</emphasis>
         </ulink>
      </emphasis>) and Academy for Eating Disorders (<emphasis role="ExternalRef">
         <ulink url="https://www.aedweb.org/home">
            <emphasis role="RefSource">https://​www.​aedweb.​org/​home</emphasis>
         </ulink>
      </emphasis>) to learn more about the assessment, diagnosis, and treatment of EDs.</para>
   <sidebar id="ch0015s0007ad01">
      <para/>
   </sidebar>
   <bibliography id="ch0015s0007bib0061">
      <bibliomixed id="ch0015s0007bib01">Diagnostic and statistical manual of mental disorders Crossref</bibliomixed>
      <bibliomixed id="ch0015s0007bib02">Assessment, 6 PubMed</bibliomixed>
      <bibliomixed id="ch0015s0007bib03">Clinical Psychological Science, 7</bibliomixed>
      <bibliomixed id="ch0015s0007bib04">Behaviour Research and Therapy, 46 PubMedPubMed Central</bibliomixed>
      <bibliomixed id="ch0015s0007bib05">Psychology of Women Quarterly, 41</bibliomixed>
      <bibliomixed id="ch0015s0007bib06">Journal of Psychopathology and Behavioral Assessment, 43</bibliomixed>
      <bibliomixed id="ch0015s0007bib07">Eating Behaviors, 41 PubMedPubMed Central</bibliomixed>
      <bibliomixed id="ch0015s0007bib08">Pediatrics, 134 PubMed</bibliomixed>
      <bibliomixed id="ch0015s0007bib09">Youth risk behaviors surveillance - United Stateshttps://​www.​cdc.​gov/​healthyyouth/​data/​yrbs/​index.​htm</bibliomixed>
      <bibliomixed id="ch0015s0007bib10">Clinical Psychology Review, 86 PubMed</bibliomixed>
      <bibliomixed id="ch0015s0007bib11">International Journal of Eating Disorders, 55 PubMed</bibliomixed>
      <bibliomixed id="ch0015s0007bib12">Eating Behaviors, 32 PubMed</bibliomixed>
      <bibliomixed id="ch0015s0007bib13">World Psychiatry, 13 PubMedPubMed Central</bibliomixed>
      <bibliomixed id="ch0015s0007bib14">International Journal of Eating Disorders, 6</bibliomixed>
      <bibliomixed id="ch0015s0007bib15">Psychology of Sexual Orientation and Gender Diversity, 9</bibliomixed>
      <bibliomixed id="ch0015s0007bib16">Journal of the American Dietetic Association, 107 PubMed</bibliomixed>
      <bibliomixed id="ch0015s0007bib17">European Eating Disorders Review, 21 PubMed</bibliomixed>
      <bibliomixed id="ch0015s0007bib18">Eating Behaviors, 44 PubMed</bibliomixed>
      <bibliomixed id="ch0015s0007bib19">International Journal of Eating Disorders, 16 PubMed</bibliomixed>
      <bibliomixed id="ch0015s0007bib20">Behaviour Research and Therapy, 41 PubMed</bibliomixed>
      <bibliomixed id="ch0015s0007bib21">SCID-5-CV: Structured clinical interview for DSM-5-TR disorders: Clinician version</bibliomixed>
      <bibliomixed id="ch0015s0007bib22">Psychological Assessment, 32 PubMed</bibliomixed>
      <bibliomixed id="ch0015s0007bib23">International Journal of Eating Disorders, 55 PubMed</bibliomixed>
      <bibliomixed id="ch0015s0007bib24">Psychological Assessment, 25 PubMed</bibliomixed>
      <bibliomixed id="ch0015s0007bib25">EDI-3, eating disorder inventory-3: Professional manual</bibliomixed>
      <bibliomixed id="ch0015s0007bib26">Qualitative Health Research, 31 PubMed</bibliomixed>
      <bibliomixed id="ch0015s0007bib27">Journal of Eating Disorders, 10 PubMedPubMed Central</bibliomixed>
      <bibliomixed id="ch0015s0007bib28">Journal of Eating Disorders, 3 PubMedPubMed Central</bibliomixed>
      <bibliomixed id="ch0015s0007bib29">Biological psychiatry, 61</bibliomixed>
      <bibliomixed id="ch0015s0007bib30">Current Psychiatry Reports, 25 PubMedPubMed Central</bibliomixed>
      <bibliomixed id="ch0015s0007bib31">International Journal of Eating Disorders, 53 PubMed</bibliomixed>
      <bibliomixed id="ch0015s0007bib32">Advances in Eating Disorders: Theory, Research and Practice, 3</bibliomixed>
      <bibliomixed id="ch0015s0007bib33">International Psychogeriatrics, 22 PubMed</bibliomixed>
      <bibliomixed id="ch0015s0007bib34">JAMA Psychiatry, 76 PubMed</bibliomixed>
      <bibliomixed id="ch0015s0007bib35">Body Image, 39 PubMed</bibliomixed>
      <bibliomixed id="ch0015s0007bib36">BMC Pregnancy and Childbirth, 20</bibliomixed>
      <bibliomixed id="ch0015s0007bib37">International Journal of Eating Disorders, 49 PubMed</bibliomixed>
      <bibliomixed id="ch0015s0007bib38">Journal of Clinical Medicine, 9 PubMedPubMed Central</bibliomixed>
      <bibliomixed id="ch0015s0007bib39">American Journal of Community Psychology, 68 PubMed</bibliomixed>
      <bibliomixed id="ch0015s0007bib40">BMC Public Health, 14</bibliomixed>
      <bibliomixed id="ch0015s0007bib41">Journal of Eating Disorders, 11 PubMedPubMed Central</bibliomixed>
      <bibliomixed id="ch0015s0007bib42">The Western Journal of Medicine, 172 PubMedPubMed Central</bibliomixed>
      <bibliomixed id="ch0015s0007bib43">The Oxford handbook of sexual and gender minority mental health</bibliomixed>
      <bibliomixed id="ch0015s0007bib44">Food insecurity and hunger in the United States: An assessment of the measure</bibliomixed>
      <bibliomixed id="ch0015s0007bib45">Eating Behaviors, 51 PubMed</bibliomixed>
      <bibliomixed id="ch0015s0007bib46">Psychiatry Research, 303 PubMed</bibliomixed>
      <bibliomixed id="ch0015s0007bib47">Assessment, 27 PubMed</bibliomixed>
      <bibliomixed id="ch0015s0007bib48">Journal of Eating Disorders, 11 PubMedPubMed Central</bibliomixed>
      <bibliomixed id="ch0015s0007bib49">Journal of Black Psychology, 43</bibliomixed>
      <bibliomixed id="ch0015s0007bib50">Journal of Clinical Psychiatry, 59 PubMed</bibliomixed>
      <bibliomixed id="ch0015s0007bib51">International Journal of Eating Disorders, 47 PubMed</bibliomixed>
      <bibliomixed id="ch0015s0007bib52">International Journal of Eating Disorders, 56 PubMed</bibliomixed>
      <bibliomixed id="ch0015s0007bib53">International Journal of Eating Disorders, 48 PubMed</bibliomixed>
      <bibliomixed id="ch0015s0007bib54">World Psychiatry, 23 PubMedPubMed Central</bibliomixed>
      <bibliomixed id="ch0015s0007bib55">Molecular Psychiatry, 27 PubMed</bibliomixed>
      <bibliomixed id="ch0015s0007bib56">Journal of Abnormal Psychology, 122 PubMed</bibliomixed>
      <bibliomixed id="ch0015s0007bib57">International Journal of Eating Disorders, 48 PubMed</bibliomixed>
      <bibliomixed id="ch0015s0007bib58">Advances in Eating Disorders: Theory, Research and Practice, 2</bibliomixed>
      <bibliomixed id="ch0015s0007bib59">Scandinavian Journal of Medicine &amp; Science in Sports, 18</bibliomixed>
      <bibliomixed id="ch0015s0007bib60">Comprehensive Psychiatry, 40 PubMed</bibliomixed>
   </bibliography>
</sect1>