<?xml version="1.0" encoding="UTF-8"?>
<sect1 id="ch0005s0004" role="Heading">
   <sect1info>
      <risinfo>
         <risprev>sect1.9781071643624.ch0005s0003</risprev>
         <riscurrent>sect1.9781071643624.ch0005s0004</riscurrent>
         <risnext>sect1.9781071643624.</risnext>
         <booktitle>Diagnostic Interviewing</booktitle>
         <isbn>9781071643624</isbn>
         <chapternumber>5</chapternumber>
         <chapterid>ch0005</chapterid>
         <chaptertitle>4. Mental Status Examination</chaptertitle>
         <authorgroup>
            <author>
               <personname>
                  <firstname>Daniel L.</firstname>
                  <surname>Segal</surname>
               </personname>
            </author>
         </authorgroup>
         <publisher>
            <publishername>Springer US</publishername>
         </publisher>
         <pubdate>2025</pubdate>
      </risinfo>
      <primaryauthor>
         <personname>
            <firstname>Daniel L.</firstname>
            <surname>Segal</surname>
         </personname>
      </primaryauthor>
   </sect1info>
   <title>Summary</title>
   <para role="Para">The mental status exam (MSE) is an important foundation upon which to develop impressions of a client’s psychiatric diagnosis. By observing and assessing overall appearance and behavior, quality of thought and speech, and emotional and cognitive functioning, a clinician begins to develop a working hypothesis of diagnostic impressions and specific avenues for further assessment and inquiry. Functioning across the domains of the MSE is best understood through an integrative biopsychosocial approach that emphasizes reciprocal relationships among these factors.</para>
   <para role="Para">The core elements of the MSE, as described within this chapter, structure the assessment and provide the reader with a common vocabulary for describing the various components of the evaluation. As a shared tool across clinical disciplines, the MSE should facilitate interdisciplinary communication and highlight evidence used for diagnosis. The MSE paints a description of the client and guides diagnostic hypotheses, facilitating treatment decisions and a patient-centered approach to care. Conducting a thorough MSE improves with clinical experience, particularly as clinicians encounter an increasingly diverse array of client populations across multiple settings.</para>
   <sidebar id="ch0005s0004ad01">
      <para/>
   </sidebar>
   <bibliography id="ch0005s0004bib0021">
      <bibliomixed id="ch0005s0004bib01">Diagnostic and statistical manual of mental disorders (DSM-5-TR)https://​doi.​org/​10.​1176/​appi.​books.​9780890425787 Crossref</bibliomixed>
      <bibliomixed id="ch0005s0004bib02">Inclusive language guidehttps://​www.​apa.​org/​about/​apa/​equity-diversity-inclusion/​language-guidelines.​pdf</bibliomixed>
      <bibliomixed id="ch0005s0004bib03">Neurology, 70https://​doi.​org/​10.​1212/​01.​wnl.​0000287090.​98555.​56 CrossrefPubMed</bibliomixed>
      <bibliomixed id="ch0005s0004bib04">Annual Review of Clinical Psychololgy, 5https://​doi.​org/​10.​1146/​annurev.​clinpsy.​032408.​153621 Crossref</bibliomixed>
      <bibliomixed id="ch0005s0004bib05">Canadian Family Physician, 66https://​www.​ncbi.​nlm.​nih.​gov/​pmc/​articles/​PMC7365161/​PubMedPubMed Central</bibliomixed>
      <bibliomixed id="ch0005s0004bib06">JMIR Mental Health, 9https://​doi.​org/​10.​2196/​31780 CrossrefPubMedPubMed Central</bibliomixed>
      <bibliomixed id="ch0005s0004bib07">The American Journal of Geriatric Psychiatry, 26https://​doi.​org/​10.​1016/​j.​jagp.​2017.​06.​011 CrossrefPubMed</bibliomixed>
      <bibliomixed id="ch0005s0004bib08">Social Science &amp; Medicine, 183https://​doi.​org/​10.​1016/​j.​socscimed.​2016.​12.​030 Crossref</bibliomixed>
      <bibliomixed id="ch0005s0004bib09">JAMA Otolaryngology–Head &amp; Neck Surgery, 144https://​doi.​org/​10.​1001/​jamaoto.​2018.​1556 Crossref</bibliomixed>
      <bibliomixed id="ch0005s0004bib10">Managing suicidal risk: A collaborative approach</bibliomixed>
      <bibliomixed id="ch0005s0004bib11">Patient health Questionnaire-9 (PHQ-9) [database record]https://​doi.​org/​10.​1037/​t 06165-000 Crossref</bibliomixed>
      <bibliomixed id="ch0005s0004bib12">DSM-5®handbook on the cultural formulation interview</bibliomixed>
      <bibliomixed id="ch0005s0004bib13">Unusual and rare psychological disorders: A handbook for clinical practice and research Crossref</bibliomixed>
      <bibliomixed id="ch0005s0004bib14">Journal of the American Geriatrics Society, 53https://​doi.​org/​10.​1111/​j.​1532-5415.​2005.​53221.​x CrossrefPubMed</bibliomixed>
      <bibliomixed id="ch0005s0004bib15">Journal of Neurology, Neurosurgery &amp; Psychiatry, 91https://​doi.​org/​10.​1136/​jnnp-2019-322702 Crossref</bibliomixed>
      <bibliomixed id="ch0005s0004bib16">The American Journal of Psychiatry, 168https://​doi.​org/​10.​1176/​appi.​ajp.​2011.​10111704 CrossrefPubMedPubMed Central</bibliomixed>
      <bibliomixed id="ch0005s0004bib17">Aging and mental health Crossref</bibliomixed>
      <bibliomixed id="ch0005s0004bib18">The mental status examination in neurology</bibliomixed>
      <bibliomixed id="ch0005s0004bib19">The American Journal of Geriatric Psychiatry, 14https://​doi.​org/​10.​1097/​01.​JGP.​0000221510.​33817.​86 CrossrefPubMed</bibliomixed>
      <bibliomixed id="ch0005s0004bib20">Expert Review of Neurotherapeutics, 12https://​doi.​org/​10.​1586/​ern.​12.​49 CrossrefPubMedPubMed Central</bibliomixed>
   </bibliography>
</sect1>