<?xml version="1.0" encoding="UTF-8"?>
<sect1 id="ch0022s0009">
   <sect1info>
      <risinfo>
         <risprev>sect1.9781071643624.</risprev>
         <riscurrent>sect1.9781071643624.ch0022s0009</riscurrent>
         <risnext>sect1.9781071643624.ch0022s0001</risnext>
         <booktitle>Diagnostic Interviewing</booktitle>
         <isbn>9781071643624</isbn>
         <chapternumber>22</chapternumber>
         <chapterid>ch0022</chapterid>
         <chaptertitle>19. Interviewing Older Adults</chaptertitle>
         <authorgroup>
            <author>
               <personname>
                  <firstname>Daniel L.</firstname>
                  <surname>Segal</surname>
               </personname>
            </author>
         </authorgroup>
         <publisher>
            <publishername>Springer US</publishername>
         </publisher>
         <pubdate>2025</pubdate>
      </risinfo>
      <primaryauthor>
         <personname>
            <firstname>Daniel L.</firstname>
            <surname>Segal</surname>
         </personname>
      </primaryauthor>
   </sect1info>
   <title>19. Interviewing Older Adults</title>
   <para>D. L. Segal<emphasis role="CollaboratorDesignation"> (ed.)</emphasis>
      <emphasis role="BookTitle">Diagnostic Interviewing</emphasis>
      <ulink url="https://doi.org/10.1007/978-1-0716-4362-4_19">https://doi. org/10.1007/978-1-0716-4362-4_19</ulink>
      <emphasis role="AuthorName">Kailey E. Roberts</emphasis>
      <superscript>1 <emphasis>ContactOf Author 1</emphasis>
      </superscript>, <emphasis role="AuthorName">Lindsey Pappalardo</emphasis>
      <superscript>1</superscript>, <emphasis role="AuthorName">Vicki Soogrim</emphasis>
      <superscript>1</superscript> and <emphasis role="AuthorName">Richard A. Zweig</emphasis>
      <superscript>1</superscript>(1)Kailey E. Roberts Email:</para>
   <para>kailey. roberts@yu. edu Aging Geropsychology Assessment Interviewing</para>
</sect1>