<?xml version="1.0" encoding="UTF-8"?>
<sect1 id="ch0008s0010">
   <sect1info>
      <risinfo>
         <risprev>sect1.9781071643624.</risprev>
         <riscurrent>sect1.9781071643624.ch0008s0010</riscurrent>
         <risnext>sect1.9781071643624.ch0008s0001</risnext>
         <booktitle>Diagnostic Interviewing</booktitle>
         <isbn>9781071643624</isbn>
         <chapternumber>8</chapternumber>
         <chapterid>ch0008</chapterid>
         <chaptertitle>6. Depressive Disorders</chaptertitle>
         <authorgroup>
            <author>
               <personname>
                  <firstname>Daniel L.</firstname>
                  <surname>Segal</surname>
               </personname>
            </author>
         </authorgroup>
         <publisher>
            <publishername>Springer US</publishername>
         </publisher>
         <pubdate>2025</pubdate>
      </risinfo>
      <primaryauthor>
         <personname>
            <firstname>Daniel L.</firstname>
            <surname>Segal</surname>
         </personname>
      </primaryauthor>
   </sect1info>
   <title>6. Depressive Disorders</title>
   <para>D. L. Segal<emphasis role="CollaboratorDesignation"> (ed.)</emphasis>
      <emphasis role="BookTitle">Diagnostic Interviewing</emphasis>
      <ulink url="https://doi.org/10.1007/978-1-0716-4362-4_6">https://doi. org/10.1007/978-1-0716-4362-4_6</ulink>
      <emphasis role="AuthorName">Leilani Feliciano</emphasis>
      <superscript>1 <emphasis>ContactOf Author 1</emphasis>
      </superscript> and <emphasis role="AuthorName">Tiana Broen</emphasis>
      <superscript>1</superscript>(1)Leilani Feliciano Email:</para>
   <para>lfelicia@uccs. edu Depression Dysthymia Mood Assessment Interviewing Psychopathology</para>
</sect1>