<?xml version="1.0" encoding="UTF-8"?>
<sect1 id="ch0009s0008" role="Heading">
   <sect1info>
      <risinfo>
         <risprev>sect1.9781071643624.ch0009s0007</risprev>
         <riscurrent>sect1.9781071643624.ch0009s0008</riscurrent>
         <risnext>sect1.9781071643624.</risnext>
         <booktitle>Diagnostic Interviewing</booktitle>
         <isbn>9781071643624</isbn>
         <chapternumber>9</chapternumber>
         <chapterid>ch0009</chapterid>
         <chaptertitle>7. Bipolar Disorders</chaptertitle>
         <authorgroup>
            <author>
               <personname>
                  <firstname>Daniel L.</firstname>
                  <surname>Segal</surname>
               </personname>
            </author>
         </authorgroup>
         <publisher>
            <publishername>Springer US</publishername>
         </publisher>
         <pubdate>2025</pubdate>
      </risinfo>
      <primaryauthor>
         <personname>
            <firstname>Daniel L.</firstname>
            <surname>Segal</surname>
         </personname>
      </primaryauthor>
   </sect1info>
   <title>Summary</title>
   <para role="Para">Bipolar disorders are impairing and chronic conditions that require accurate diagnosis to ensure appropriate treatment and management. The assessor has the option of utilizing semi-structured interviews, structured assessments, or screening measures to aid in determining a bipolar diagnosis, and each method has unique pros and cons to consider depending on the patient, available resources, timing, and context. The input of key informants can also be crucial in arriving at an accurate diagnostic decision. Among the many considerations the assessor should keep in mind, it is always important to adequately explain the assessment procedure to the patient, allow opportunities for questions, and remain cognizant of cultural and contextual factors that may influence a patient’s presentation and diagnosis. A successful assessment procedure can both direct a patient to the appropriate avenues for treatment and serve as a positive introduction to the mental health care delivery system. Completing the diagnostic process in an informed, thoughtful, and thorough fashion is necessary to ensure the best level of care for patients with bipolar disorders.</para>
   <sidebar id="ch0009s0008ad01">
      <para/>
   </sidebar>
   <bibliography id="ch0009s0008bib0104">
      <bibliomixed id="ch0009s0008bib01">Bipolar Disorders, 20 PubMedPubMed Central</bibliomixed>
      <bibliomixed id="ch0009s0008bib02">Journal of Affective Disorders, 260 PubMed</bibliomixed>
      <bibliomixed id="ch0009s0008bib03">Journal of Clinical Psychiatry, 66 PubMed</bibliomixed>
      <bibliomixed id="ch0009s0008bib04">Journal of Affective Disorders, 5 PubMed</bibliomixed>
      <bibliomixed id="ch0009s0008bib05">Psychiatry and Clinical Neurosciences, 71https://​doi.​org/​10.​1111/​pcn.​12433 CrossrefPubMed</bibliomixed>
      <bibliomixed id="ch0009s0008bib06">Journal of Affective Disorders, 325 PubMed</bibliomixed>
      <bibliomixed id="ch0009s0008bib07">Diagnostic and statistical manual of mental disordershttps://​doi.​org/​10.​1176/​appi.​books.​9780890425596 Crossref</bibliomixed>
      <bibliomixed id="ch0009s0008bib08">Diagnostic and statistical manual of mental disordershttps://​doi.​org/​10.​1176/​appi.​books.​9780890425787 Crossref</bibliomixed>
      <bibliomixed id="ch0009s0008bib09">Journal of Affective Disorders, 88https://​doi.​org/​10.​1016/​j.​jad.​2005.​05.​011 CrossrefPubMed</bibliomixed>
      <bibliomixed id="ch0009s0008bib10">CNS Spectrums, 11 PubMed</bibliomixed>
      <bibliomixed id="ch0009s0008bib11">Journal of Affective Disorders, 65 PubMed</bibliomixed>
      <bibliomixed id="ch0009s0008bib12">Journal of Affective Disorders, 85https://​doi.​org/​10.​1016/​j.​jad.​2004.​11.​009 CrossrefPubMed</bibliomixed>
      <bibliomixed id="ch0009s0008bib13">Journal of Nervous and Mental Disorders, 182</bibliomixed>
      <bibliomixed id="ch0009s0008bib14">Comprehensive Psychiatry, 66https://​doi.​org/​10.​1016/​j.​comppsych.​2015.​10.​005 CrossrefPubMed</bibliomixed>
      <bibliomixed id="ch0009s0008bib15">The British Journal of Psychiatry, 221 PubMed</bibliomixed>
      <bibliomixed id="ch0009s0008bib16">Molecular Psychiatry, 18 PubMed</bibliomixed>
      <bibliomixed id="ch0009s0008bib17">Brazilian Journal of Psychiatry, 37 PubMed</bibliomixed>
      <bibliomixed id="ch0009s0008bib18">The Canadian Journal of Psychiatry, 62 PubMed</bibliomixed>
      <bibliomixed id="ch0009s0008bib19">International Journal of Psychiatry in Clinical Practice, 19https://​doi.​org/​10.​3109/​13651501.​2014.​1000929 CrossrefPubMed</bibliomixed>
      <bibliomixed id="ch0009s0008bib20">Journal of Abnormal Psychology, 90 PubMed</bibliomixed>
      <bibliomixed id="ch0009s0008bib21">International Review of Psychiatry, 22 PubMed</bibliomixed>
      <bibliomixed id="ch0009s0008bib22">Medicina, 55 PubMedPubMed Central</bibliomixed>
      <bibliomixed id="ch0009s0008bib23">Epidemiology and Psychiatric Sciences, 29</bibliomixed>
      <bibliomixed id="ch0009s0008bib24">Acta Psychiatrica Scandinavica, 127 PubMed</bibliomixed>
      <bibliomixed id="ch0009s0008bib25">Comprehensive Psychiatry, 34 PubMed</bibliomixed>
      <bibliomixed id="ch0009s0008bib26">Archives of General Psychiatry, 35 PubMed</bibliomixed>
      <bibliomixed id="ch0009s0008bib27">Bipolar Disorders, 21 PubMed</bibliomixed>
      <bibliomixed id="ch0009s0008bib28">Journal of Affective Disorders, 190</bibliomixed>
      <bibliomixed id="ch0009s0008bib29">Acta Psychiatrica Scandinavica, 143 PubMed</bibliomixed>
      <bibliomixed id="ch0009s0008bib30">Comprehensive handbook of psychological assessment, Vol. 2: Personality assessment</bibliomixed>
      <bibliomixed id="ch0009s0008bib31">Structured clinical interview for DSM-5—Research version (SCID-5 for DSM-5, research version; SCID-5-RV)</bibliomixed>
      <bibliomixed id="ch0009s0008bib32">Structured clinical interview for DSM-5 disorders, clinician version (SCID-5-CV)</bibliomixed>
      <bibliomixed id="ch0009s0008bib33">Bipolar Disorders, 19 PubMed</bibliomixed>
      <bibliomixed id="ch0009s0008bib34">The Canadian Journal of Psychiatry, 47 PubMed</bibliomixed>
      <bibliomixed id="ch0009s0008bib35">Journal of Affective Disorders, 84</bibliomixed>
      <bibliomixed id="ch0009s0008bib36">Nature and Science of Sleep, 8https://​doi.​org/​10.​2147/​NSS.​S85754 CrossrefPubMedPubMed Central</bibliomixed>
      <bibliomixed id="ch0009s0008bib37">The Lancet, 377</bibliomixed>
      <bibliomixed id="ch0009s0008bib38">Journal of Clinical Psychiatry, 59</bibliomixed>
      <bibliomixed id="ch0009s0008bib39">American Journal of Psychiatry, 157https://​doi.​org/​10.​1176/​appi.​ajp.​157.​11.​1873 CrossrefPubMed</bibliomixed>
      <bibliomixed id="ch0009s0008bib40">American Journal of Psychiatry, 160https://​doi.​org/​10.​1176/​appi.​ajp.​160.​1.​178 CrossrefPubMed</bibliomixed>
      <bibliomixed id="ch0009s0008bib41">Journal of Affective Disorders, 339 PubMed</bibliomixed>
      <bibliomixed id="ch0009s0008bib42">Asia-Pacific Psychiatry, 2</bibliomixed>
      <bibliomixed id="ch0009s0008bib43">Journal of Religion and Health, 61 PubMed</bibliomixed>
      <bibliomixed id="ch0009s0008bib44">Stat Pearls</bibliomixed>
      <bibliomixed id="ch0009s0008bib45">Journal of Clinical Psychiatry, 61 PubMed</bibliomixed>
      <bibliomixed id="ch0009s0008bib46">Journal of Affective Disorders, 83https://​doi.​org/​10.​1016/​j.​jad.​2004.​06.​006 CrossrefPubMed</bibliomixed>
      <bibliomixed id="ch0009s0008bib47">Bipolar Disorders, 19 PubMed</bibliomixed>
      <bibliomixed id="ch0009s0008bib48">International Journal of Methods in Psychiatric Research, 13 PubMed</bibliomixed>
      <bibliomixed id="ch0009s0008bib49">Journal of Affective Disorders, 96https://​doi.​org/​10.​1016/​j.​jad.​2006.​08.​018 CrossrefPubMedPubMed Central</bibliomixed>
      <bibliomixed id="ch0009s0008bib50">Psychological Medicine, 43https://​doi.​org/​10.​1017/​S003329171200233​4 CrossrefPubMed</bibliomixed>
      <bibliomixed id="ch0009s0008bib51">Bipolar Disorders, 7https://​doi.​org/​10.​1111/​j.​1399-5618.​2004.​00161.​x CrossrefPubMed</bibliomixed>
      <bibliomixed id="ch0009s0008bib52">Psychosomatic Medicine, 67</bibliomixed>
      <bibliomixed id="ch0009s0008bib53">European Psychiatry, 12</bibliomixed>
      <bibliomixed id="ch0009s0008bib54">International Journal of Bipolar Disorders, 11 PubMedPubMed Central</bibliomixed>
      <bibliomixed id="ch0009s0008bib55">Psychiatric Services, 50 PubMed</bibliomixed>
      <bibliomixed id="ch0009s0008bib56">Lancet Psychiatry, 10https://​doi.​org/​10.​1016/​s 2215-0366(23)00193-1 CrossrefPubMedPubMed Central</bibliomixed>
      <bibliomixed id="ch0009s0008bib57">The Lancet, 396</bibliomixed>
      <bibliomixed id="ch0009s0008bib58">Archives of General Psychiatry, 68https://​doi.​org/​10.​1001/​archgenpsychiatr​y.​2011.​12 CrossrefPubMedPubMed Central</bibliomixed>
      <bibliomixed id="ch0009s0008bib59">Comprehensive Psychiatry, 55https://​doi.​org/​10.​1016/​j.​comppsych.​2014.​03.​002 CrossrefPubMed</bibliomixed>
      <bibliomixed id="ch0009s0008bib60">Acta Psychiatrica Scandinavica, 135 PubMed</bibliomixed>
      <bibliomixed id="ch0009s0008bib61">Quality of Life Research, 15https://​doi.​org/​10.​1007/​s 11136-005-0376-7 CrossrefPubMed</bibliomixed>
      <bibliomixed id="ch0009s0008bib62">Current Psychiatry Reports, 22</bibliomixed>
      <bibliomixed id="ch0009s0008bib63">Journal of Affective Disorders, 81https://​doi.​org/​10.​1016/​S0165-0327(03)00156-3 CrossrefPubMed</bibliomixed>
      <bibliomixed id="ch0009s0008bib64">Clinical Psychology: Science and Practice, 16 PubMed</bibliomixed>
      <bibliomixed id="ch0009s0008bib65">Journal of Psychiatric Research, 164 PubMed</bibliomixed>
      <bibliomixed id="ch0009s0008bib66">Current Opinion in Psychiatry, 25https://​doi.​org/​10.​1097/​YCO.​0b 013e 32834de 45b​CrossrefPubMed</bibliomixed>
      <bibliomixed id="ch0009s0008bib67">Archives of General Psychiatry, 64 PubMed</bibliomixed>
      <bibliomixed id="ch0009s0008bib68">American Journal of Medical Genetics Part B: Neuropsychiatric Genetics, 192</bibliomixed>
      <bibliomixed id="ch0009s0008bib69">Journal of the American Medical Association, 296https://​doi.​org/​10.​1001/​jama.​296.​21.​2582 CrossrefPubMed</bibliomixed>
      <bibliomixed id="ch0009s0008bib70">Journal of Health and Social Behavior, 44 PubMed</bibliomixed>
      <bibliomixed id="ch0009s0008bib71">Psychiatry and Clinical Neurosciences, 73 PubMed</bibliomixed>
      <bibliomixed id="ch0009s0008bib72">Religions, 15</bibliomixed>
      <bibliomixed id="ch0009s0008bib73">Journal of Affective Disorders, 294 PubMed</bibliomixed>
      <bibliomixed id="ch0009s0008bib74">Comprehensive Psychiatry, 48 PubMed</bibliomixed>
      <bibliomixed id="ch0009s0008bib75">Journal of Affective Disorders, 92https://​doi.​org/​10.​1016/​j.​jad.​2006.​01.​029 CrossrefPubMed</bibliomixed>
      <bibliomixed id="ch0009s0008bib76">Journal of Affective Disorders, 242 PubMed</bibliomixed>
      <bibliomixed id="ch0009s0008bib77">Expert Review of Neurotherapeutics, 9 PubMed</bibliomixed>
      <bibliomixed id="ch0009s0008bib78">Journal of Psychiatric Research, 169 PubMed</bibliomixed>
      <bibliomixed id="ch0009s0008bib79">Comprehensive Handbook of Psychological Assessment</bibliomixed>
      <bibliomixed id="ch0009s0008bib80">Therapeutic Advances in Psychopharmacology, 8 PubMedPubMed Central</bibliomixed>
      <bibliomixed id="ch0009s0008bib81">Psychiatria Polska, 55 PubMed</bibliomixed>
      <bibliomixed id="ch0009s0008bib82">Psychotherapy and Psychosomatics, 78https://​doi.​org/​10.​1159/​000228249 CrossrefPubMed</bibliomixed>
      <bibliomixed id="ch0009s0008bib83">Bipolar Disorders, 17 PubMed</bibliomixed>
      <bibliomixed id="ch0009s0008bib84">Journal of Affective Disorders, 250 PubMed</bibliomixed>
      <bibliomixed id="ch0009s0008bib85">Brain and Behavior: A Cognitive Neuroscience Perspective, 11</bibliomixed>
      <bibliomixed id="ch0009s0008bib86">Journal of Affective Disorders, 219https://​doi.​org/​10.​1016/​j.​jad.​2017.​05.​014 CrossrefPubMed</bibliomixed>
      <bibliomixed id="ch0009s0008bib87">European Psychiatry, 12</bibliomixed>
      <bibliomixed id="ch0009s0008bib88">Harvard Review of Psychiatry, 14https://​doi.​org/​10.​1080/​1067322060107004​7 CrossrefPubMed</bibliomixed>
      <bibliomixed id="ch0009s0008bib89">Archives of General Psychiatry, 59 PubMed</bibliomixed>
      <bibliomixed id="ch0009s0008bib90">Archives of General Psychiatry, 35 PubMed</bibliomixed>
      <bibliomixed id="ch0009s0008bib91">Archives of General Psychiatry, 49 PubMed</bibliomixed>
      <bibliomixed id="ch0009s0008bib92">Acta Psychiatrica Scandinavica, 133 PubMed</bibliomixed>
      <bibliomixed id="ch0009s0008bib93">Bipolar Disorders, 23 PubMed</bibliomixed>
      <bibliomixed id="ch0009s0008bib94">VA/DoD clinical practice guideline for Management of Bipolar Disorder Version 2.0</bibliomixed>
      <bibliomixed id="ch0009s0008bib95">Psychiatric Clinics, 39 PubMed</bibliomixed>
      <bibliomixed id="ch0009s0008bib96">Psychiatry Research, 273 PubMed</bibliomixed>
      <bibliomixed id="ch0009s0008bib97">Frontiers in Psychiatry, 12 PubMedPubMed Central</bibliomixed>
      <bibliomixed id="ch0009s0008bib98">Archives of General Psychiatry, 49 PubMed</bibliomixed>
      <bibliomixed id="ch0009s0008bib99">Journal of Psychiatric Research, 28 PubMed</bibliomixed>
      <bibliomixed id="ch0009s0008bib100">The ICD-10 classification of mental and behavioural disorders: Diagnostic criteria for research</bibliomixed>
      <bibliomixed id="ch0009s0008bib101">The world health report 2001: Mental health: New understanding, new hope</bibliomixed>
      <bibliomixed id="ch0009s0008bib102">Psychological Bulletin, 144 PubMed</bibliomixed>
      <bibliomixed id="ch0009s0008bib103">Comprehensive Psychiatry, 40 PubMed</bibliomixed>
   </bibliography>
</sect1>