<?xml version="1.0" encoding="UTF-8"?>
<sect1 id="ch0008s0009" role="Heading">
   <sect1info>
      <risinfo>
         <risprev>sect1.9781071643624.ch0008s0008</risprev>
         <riscurrent>sect1.9781071643624.ch0008s0009</riscurrent>
         <risnext>sect1.9781071643624.</risnext>
         <booktitle>Diagnostic Interviewing</booktitle>
         <isbn>9781071643624</isbn>
         <chapternumber>8</chapternumber>
         <chapterid>ch0008</chapterid>
         <chaptertitle>6. Depressive Disorders</chaptertitle>
         <authorgroup>
            <author>
               <personname>
                  <firstname>Daniel L.</firstname>
                  <surname>Segal</surname>
               </personname>
            </author>
         </authorgroup>
         <publisher>
            <publishername>Springer US</publishername>
         </publisher>
         <pubdate>2025</pubdate>
      </risinfo>
      <primaryauthor>
         <personname>
            <firstname>Daniel L.</firstname>
            <surname>Segal</surname>
         </personname>
      </primaryauthor>
   </sect1info>
   <title>Summary</title>
   <para role="Para">
      Depressive disorders<indexterm significance="normal">
         <primary>Depressive disorders</primary>
      </indexterm> are common, costly to the individual, family, and society, and are among the most widely studied mental disorders. The causes of depressive disorders are numerous and complex, including any number of biopsychosocial factors. Assessments of depression vary in the degree to which they account for these biopsychosocial factors in the type of items utilized and the thoroughness of the clinical interview.</para>
   <para role="Para">Depression may present differently across individuals and settings, varying from brief episodes and subclinical presentations to more severe episodes and chronic symptomatology. Unfortunately, many people with depressive disorders are either untreated or poorly treated. Early identification through good clinical interviewing and assessment can help to identify people who could benefit from treatment and assist in delivering appropriate treatment. At the same time, it is important to follow brief screening with more thorough assessment before forming an official diagnosis. Ideally, assessment includes mood symptoms and functioning, as well as biopsychosocial needs assessment and a cultural formulation. Because of the multifaceted nature of depressive disorders, further research is necessary to aid in the ability to improve screening, diagnosis, and treatment, to better address these disorders and alleviate the distress and disability that accompany them.</para>
   <sidebar id="ch0008s0009ad01">
      <para/>
   </sidebar>
   <bibliography id="ch0008s0009bib0075">
      <bibliomixed id="ch0008s0009bib01">Australian Psychologist, 59https://​doi.​org/​10.​1080/​00050067.​2023.​2282540 Crossref</bibliomixed>
      <bibliomixed id="ch0008s0009bib02">Behavior Therapy, 55https://​doi.​org/​10.​1016/​j.​beth.​2024.​05.​009 CrossrefPubMed</bibliomixed>
      <bibliomixed id="ch0008s0009bib03">Biological Psychiatry, 23https://​doi.​org/​10.​1016/​0006-3223(88)90038-8 CrossrefPubMed</bibliomixed>
      <bibliomixed id="ch0008s0009bib04">Clinical Interventions in Aging, 18https://​doi.​org/​10.​2147/​CIA.​S396833 CrossrefPubMedPubMed Central</bibliomixed>
      <bibliomixed id="ch0008s0009bib05">Diagnostic and statistical manual of mental disordershttps://​doi.​org/​10.​1176/​appi.​books.​9780890425596</bibliomixed>
      <bibliomixed id="ch0008s0009bib06">Diagnostic and statistical manual of mental disordershttps://​doi.​org/​10.​1176/​appi.​books.​9780890425787</bibliomixed>
      <bibliomixed id="ch0008s0009bib07">The Journal of the American Medical Association Psychiatry, 68https://​doi.​org/​10.​1001/​archgenpsychiatr​y.​2011.​87 Crossref</bibliomixed>
      <bibliomixed id="ch0008s0009bib08">American Journal of Geriatric Psychiatry, 23https://​doi.​org/​10.​1016/​j.​jagp.​2015.​04.​005 Crossref</bibliomixed>
      <bibliomixed id="ch0008s0009bib09">Annals of Family Medicine, 8https://​doi.​org/​10.​1370/​afm.​1139 CrossrefPubMedPubMed Central</bibliomixed>
      <bibliomixed id="ch0008s0009bib10">The Journal of Clinical Psychiatry, 73https://​doi.​org/​10.​4088/​JCP.​12m 07674 CrossrefPubMedPubMed Central</bibliomixed>
      <bibliomixed id="ch0008s0009bib11">International Journal of Fertility and Women’s Medicine, 45</bibliomixed>
      <bibliomixed id="ch0008s0009bib12">Manual for the Beck Depression Inventory-II</bibliomixed>
      <bibliomixed id="ch0008s0009bib13">Behaviour Research and Therapy, 35https://​doi.​org/​10.​1016/​s 0005-7967(97)00025-9 CrossrefPubMed</bibliomixed>
      <bibliomixed id="ch0008s0009bib14">The American Journal on Addictions, 29https://​doi.​org/​10.​1111/​ajad.​12963 CrossrefPubMed</bibliomixed>
      <bibliomixed id="ch0008s0009bib15">European Neuropsychopharmacology, 16https://​doi.​org/​10.​1016/​j.​euroneuro.​2006.​04.​008 CrossrefPubMedPubMed Central</bibliomixed>
      <bibliomixed id="ch0008s0009bib16">World Psychiatry, 13https://​doi.​org/​10.​1002/​wps.​20128 CrossrefPubMedPubMed Central</bibliomixed>
      <bibliomixed id="ch0008s0009bib17">Annals of Clinical Psychiatry, 23 PubMed</bibliomixed>
      <bibliomixed id="ch0008s0009bib18">BMC Psychiatry, 15https://​doi.​org/​10.​1186/​s 12888-015-0401-5 CrossrefPubMedPubMed Central</bibliomixed>
      <bibliomixed id="ch0008s0009bib19">The American Journal of Psychiatry, 170https://​doi.​org/​10.​1176/​appi.​ajp.​2012.​12010132 CrossrefPubMedPubMed Central</bibliomixed>
      <bibliomixed id="ch0008s0009bib20">Annals of Internal Medicine, 163https://​doi.​org/​10.​7326/​M15-0510 CrossrefPubMed</bibliomixed>
      <bibliomixed id="ch0008s0009bib21">Spirituality in Clinical Practice, 8https://​doi.​org/​10.​1037/​scp 0000236 Crossref</bibliomixed>
      <bibliomixed id="ch0008s0009bib22">American Journal of Psychiatry, 169https://​doi.​org/​10.​1176/​appi.​ajp.​2012.​11081302</bibliomixed>
      <bibliomixed id="ch0008s0009bib23">Social Science &amp; Medicine-Mental Health, 2https://​doi.​org/​10.​1016/​j.​ssmmh.​2022.​100161 Crossref</bibliomixed>
      <bibliomixed id="ch0008s0009bib24">Adult psychopathology and diagnosis</bibliomixed>
      <bibliomixed id="ch0008s0009bib25">Structured Clinical Interview for DSM-5—Research Version (SCID-5 for DSM-5, Research Version; SCID-5-RV)</bibliomixed>
      <bibliomixed id="ch0008s0009bib26">User’s guide for the SCID-5-CV Structured Clinical Interview for DSM-5® disorders: Clinical version</bibliomixed>
      <bibliomixed id="ch0008s0009bib27">Quick Structured Clinical Interview for DSM-5 Disorders (QuickSCID-5)</bibliomixed>
      <bibliomixed id="ch0008s0009bib28">Bipolar Disorders, 14https://​doi.​org/​10.​1111/​j.​1399-5618.​2012.​00995.​x CrossrefPubMedPubMed Central</bibliomixed>
      <bibliomixed id="ch0008s0009bib29">Southern Medical Journal, 109https://​doi.​org/​10.​14423/​SMJ.​0000000000000497​CrossrefPubMed</bibliomixed>
      <bibliomixed id="ch0008s0009bib30">Brazilian Journal of Psychiatry 42https://​doi.​org/​10.​1590/​1516-4446-2020-0650</bibliomixed>
      <bibliomixed id="ch0008s0009bib31">British Journal of Social &amp; Clinical Psychology, 6https://​doi.​org/​10.​1111/​j.​2044-8260.​1967.​tb 00530.​x Crossref</bibliomixed>
      <bibliomixed id="ch0008s0009bib32">The Journal of the American Medical Association Psychiatry, 75https://​doi.​org/​10.​1001/​jamapsychiatry.​2017.​4602 CrossrefPubMed</bibliomixed>
      <bibliomixed id="ch0008s0009bib33">British Journal of Psychiatry, 200https://​doi.​org/​10.​1192/​bjp.​bp.​111.​095950 Crossref</bibliomixed>
      <bibliomixed id="ch0008s0009bib34">Journal of General Internal Medicine, 21https://​doi.​org/​10.​1111/​j.​1525-1497.​2006.​00409.​x CrossrefPubMedPubMed Central</bibliomixed>
      <bibliomixed id="ch0008s0009bib35">Journal of Affective Disorders, 274https://​doi.​org/​10.​1016/​j.​jad.​2020.​05.​010 CrossrefPubMedPubMed Central</bibliomixed>
      <bibliomixed id="ch0008s0009bib36">Journal of Psychosocial Nursing and Mental Health Services, 60https://​doi.​org/​10.​3928/​02793695-20220303-01 CrossrefPubMed</bibliomixed>
      <bibliomixed id="ch0008s0009bib37">Journal of Affective Disorders, 58https://​doi.​org/​10.​1016/​s 0165-0327(99)00069-5 CrossrefPubMed</bibliomixed>
      <bibliomixed id="ch0008s0009bib38">Psychological Assessment, 17https://​doi.​org/​10.​1037/​1040-3590.​17.​3.​267 CrossrefPubMed</bibliomixed>
      <bibliomixed id="ch0008s0009bib39">Comprehensive handbook of psychological assessment. Vol. 2: Personality assessment</bibliomixed>
      <bibliomixed id="ch0008s0009bib40">Archives of General Psychiatry, 68https://​doi.​org/​10.​1001/​archgenpsychiatr​y.​2010.​180</bibliomixed>
      <bibliomixed id="ch0008s0009bib41">Current Treatment Options in Psychiatry, 1https://​doi.​org/​10.​1007/​s 40501-013-0003-0 CrossrefPubMedPubMed Central</bibliomixed>
      <bibliomixed id="ch0008s0009bib42">Journal of General Internal Medicine, 16https://​doi.​org/​10.​1046/​j.​1525-1497.​2001.​016009606.​x</bibliomixed>
      <bibliomixed id="ch0008s0009bib43">General Hospital Psychiatry, 32https://​doi.​org/​10.​1016/​j.​genhosppsych.​2010.​03.​006 CrossrefPubMed</bibliomixed>
      <bibliomixed id="ch0008s0009bib44">Frontiers in Psychiatry, 12https://​doi.​org/​10.​3389/​fpsyt.​2021.​625158</bibliomixed>
      <bibliomixed id="ch0008s0009bib45">The Psychiatric Quarterly, 73https://​doi.​org/​10.​1023/​a:​1020412000183 CrossrefPubMed</bibliomixed>
      <bibliomixed id="ch0008s0009bib46">The Journal of the American Board of Family Practice/American Board of Family Practice, 18https://​doi.​org/​10.​3122/​jabfm.​18.​4.​282 Crossref</bibliomixed>
      <bibliomixed id="ch0008s0009bib47">DSM-5® handbook on the cultural formulation interview</bibliomixed>
      <bibliomixed id="ch0008s0009bib48">Transcultural Psychiatry, 57https://​doi.​org/​10.​1177/​1363461520938273​CrossrefPubMed</bibliomixed>
      <bibliomixed id="ch0008s0009bib49">American Family Physician, 98 PubMed</bibliomixed>
      <bibliomixed id="ch0008s0009bib50">British Journal of Psychiatry, 134https://​doi.​org/​10.​1192/​bjp.​134.​4.​382 Crossref</bibliomixed>
      <bibliomixed id="ch0008s0009bib51">Practice Innovations, 2https://​doi.​org/​10.​1037/​pri 0000055 Crossref</bibliomixed>
      <bibliomixed id="ch0008s0009bib52">Journal of Palliative Medicine, 12https://​doi.​org/​10.​1089/​jpm.​2009.​0024 CrossrefPubMed</bibliomixed>
      <bibliomixed id="ch0008s0009bib53">BMC Family Practice, 11https://​doi.​org/​10.​1186/​1471-2296-11-63 CrossrefPubMedPubMed Central</bibliomixed>
      <bibliomixed id="ch0008s0009bib54">Applied Psychological Measurement, 1https://​doi.​org/​10.​1177/​0146621677001003​06 Crossref</bibliomixed>
      <bibliomixed id="ch0008s0009bib55">American Journal of Psychiatry, 162https://​doi.​org/​10.​1176/​appi.​ajp.​162.​6.​1171 CrossrefPubMed</bibliomixed>
      <bibliomixed id="ch0008s0009bib56">Psychological Medicine, 26https://​doi.​org/​10.​1017/​s 003329170003555​8 CrossrefPubMed</bibliomixed>
      <bibliomixed id="ch0008s0009bib57">Biological Psychiatry, 54https://​doi.​org/​10.​1016/​s 0006-3223(02)01866-8 CrossrefPubMed</bibliomixed>
      <bibliomixed id="ch0008s0009bib58">Harvard Review of Psychiatry, 23https://​doi.​org/​10.​1097/​HRP.​0000000000000090​CrossrefPubMedPubMed Central</bibliomixed>
      <bibliomixed id="ch0008s0009bib59">The Lancet, 398https://​doi.​org/​10.​1016/​S0140-6736(21)02143-7</bibliomixed>
      <bibliomixed id="ch0008s0009bib60">Adult psychopathology and diagnosis</bibliomixed>
      <bibliomixed id="ch0008s0009bib61">The Journal of Clinical Psychiatry, 59 Suppl 20 PubMed</bibliomixed>
      <bibliomixed id="ch0008s0009bib62">The American Journal of Psychiatry, 172https://​doi.​org/​10.​1176/​appi.​ajp.​2015.​1720501</bibliomixed>
      <bibliomixed id="ch0008s0009bib63">American Journal of Obstetrics and Gynecology, 183https://​doi.​org/​10.​1067/​mob.​2000.​106580 CrossrefPubMed</bibliomixed>
      <bibliomixed id="ch0008s0009bib64">Journal of Affective Disorders, 193https://​doi.​org/​10.​1016/​j.​jad.​2015.​12.​044 CrossrefPubMed</bibliomixed>
      <bibliomixed id="ch0008s0009bib65">Journal of Affective Disorders, 226https://​doi.​org/​10.​1016/​j.​jad.​2017.​08.​085 CrossrefPubMed</bibliomixed>
      <bibliomixed id="ch0008s0009bib66">Health Policy, 16https://​doi.​org/​10.​1016/​0168-8510(90)90421-9 Crossref</bibliomixed>
      <bibliomixed id="ch0008s0009bib67">The Journal of the American Medical Association, 329https://​doi.​org/​10.​1001/​jama.​2023.​9297 Crossref</bibliomixed>
      <bibliomixed id="ch0008s0009bib68">Psychiatry Research, 250https://​doi.​org/​10.​1016/​j.​psychres.​2017.​01.​060 CrossrefPubMed</bibliomixed>
      <bibliomixed id="ch0008s0009bib69">World Psychiatry, 11https://​doi.​org/​10.​1016/​j.​wpsyc.​2012.​01.​002 CrossrefPubMedPubMed Central</bibliomixed>
      <bibliomixed id="ch0008s0009bib70">Assessment, 19https://​doi.​org/​10.​1177/​1073191112449857​CrossrefPubMed</bibliomixed>
      <bibliomixed id="ch0008s0009bib71">Global Health Estimates 2020: Disease burden by Cause, Age, Sex, by Country and by Region, 2000–2019https://​www.​who.​int/​data/​gho/​data/​themes/​mortality-and-global-health-estimates/​global-health-estimates-leading-causes-of-dalys</bibliomixed>
      <bibliomixed id="ch0008s0009bib72">Depressive disorder (depression)https://​www.​who.​int/​news-room/​fact-sheets/​detail/​depression</bibliomixed>
      <bibliomixed id="ch0008s0009bib73">Journal of Psychiatric Research, 17https://​doi.​org/​10.​1016/​0022-3956(82)90033-4 CrossrefPubMed</bibliomixed>
      <bibliomixed id="ch0008s0009bib74">The Journal of Nervous and Mental Disease, 202https://​doi.​org/​10.​1097/​NMD.​0000000000000128​CrossrefPubMed</bibliomixed>
   </bibliography>
</sect1>