<?xml version="1.0" encoding="UTF-8"?>
<sect1 id="ch0024s0008">
   <sect1info>
      <risinfo>
         <risprev>sect1.9781071643624.</risprev>
         <riscurrent>sect1.9781071643624.ch0024s0008</riscurrent>
         <risnext>sect1.9781071643624.ch0024s0001</risnext>
         <booktitle>Diagnostic Interviewing</booktitle>
         <isbn>9781071643624</isbn>
         <chapternumber>24</chapternumber>
         <chapterid>ch0024</chapterid>
         <chaptertitle>21. Interviewing Individuals at Risk for Suicide</chaptertitle>
         <authorgroup>
            <author>
               <personname>
                  <firstname>Daniel L.</firstname>
                  <surname>Segal</surname>
               </personname>
            </author>
         </authorgroup>
         <publisher>
            <publishername>Springer US</publishername>
         </publisher>
         <pubdate>2025</pubdate>
      </risinfo>
      <primaryauthor>
         <personname>
            <firstname>Daniel L.</firstname>
            <surname>Segal</surname>
         </personname>
      </primaryauthor>
   </sect1info>
   <title>21. Interviewing Individuals at Risk for Suicide</title>
   <para>D. L. Segal<emphasis role="CollaboratorDesignation"> (ed.)</emphasis>
      <emphasis role="BookTitle">Diagnostic Interviewing</emphasis>
      <ulink url="https://doi.org/10.1007/978-1-0716-4362-4_21">https://doi. org/10.1007/978-1-0716-4362-4_21</ulink>
      <emphasis role="AuthorName">Francesca Fernandez</emphasis>
      <superscript>1</superscript>, <emphasis role="AuthorName">Jessica L. Gerner</emphasis>
      <superscript>1</superscript> and <emphasis role="AuthorName">David A. Jobes</emphasis>
      <superscript>1 <emphasis>ContactOf Author 3</emphasis>
      </superscript>(1)David A. Jobes Email:</para>
   <para>jobes@cua. edu Suicide Suicidal thoughts Suicide risk assessment Interviewing</para>
</sect1>