<?xml version="1.0" encoding="UTF-8"?>
<sect1 id="ch0006s0003" role="Heading">
   <sect1info>
      <risinfo>
         <risprev>sect1.9781071643624.ch0006s0002</risprev>
         <riscurrent>sect1.9781071643624.ch0006s0003</riscurrent>
         <risnext>sect1.9781071643624.</risnext>
         <booktitle>Diagnostic Interviewing</booktitle>
         <isbn>9781071643624</isbn>
         <chapternumber>6</chapternumber>
         <chapterid>ch0006</chapterid>
         <chaptertitle>5. Consideration of Neuropsychological Factors in Interviewing</chaptertitle>
         <authorgroup>
            <author>
               <personname>
                  <firstname>Daniel L.</firstname>
                  <surname>Segal</surname>
               </personname>
            </author>
         </authorgroup>
         <publisher>
            <publishername>Springer US</publishername>
         </publisher>
         <pubdate>2025</pubdate>
      </risinfo>
      <primaryauthor>
         <personname>
            <firstname>Daniel L.</firstname>
            <surname>Segal</surname>
         </personname>
      </primaryauthor>
   </sect1info>
   <title>Conclusion</title>
   <para role="Para">It should be clear after reading this chapter that the clinical interview is an essential part of the neuropsychological assessment process. It is also a complex set of skills that develops by conducting many interviews over time. Students should seek out opportunities to observe multiple experienced clinicians conducting interviews to develop this skill and to glean aspects of multiple clinicians’ styles of interviewing. This, combined with experience conducting numerous interviews, will enable the clinician to learn this valuable skill.</para>
   <sidebar id="ch0006s0003ad01">
      <para/>
   </sidebar>
   <bibliography id="ch0006s0003bib0021">
      <bibliomixed id="ch0006s0003bib01">Diagnostic and statistical manual of mental disorders. Text revision, (DSM-5-TR)Crossref</bibliomixed>
      <bibliomixed id="ch0006s0003bib02">Ethical principles of psychologists and code of conducthttps://​www.​apa.​org/​ethics/​code/​</bibliomixed>
      <bibliomixed id="ch0006s0003bib03">APA handbook of neuropsychology. Vol. 1: Neurobehavioral disorders and conditions: Accepted science and open questionshttps://​doi.​org/​10.​1037/​0000307-029 Crossref</bibliomixed>
      <bibliomixed id="ch0006s0003bib04">handbook of geriatric neuropsychology: Practice essentialshttps://​doi.​org/​10.​4324/​9781003100058-32 Crossref</bibliomixed>
      <bibliomixed id="ch0006s0003bib05">Addiction, 117https://​doi.​org/​10.​1111/​add.​15764 CrossrefPubMed</bibliomixed>
      <bibliomixed id="ch0006s0003bib06">handbook of geriatric neuropsychology: Practice essentialshttps://​doi.​org/​10.​4324/​9781003100058-15 Crossref</bibliomixed>
      <bibliomixed id="ch0006s0003bib07">Neuropsychology, 22https://​doi.​org/​10.​1037/​0894-4105.​22.​4.​531 CrossrefPubMedPubMed Central</bibliomixed>
      <bibliomixed id="ch0006s0003bib08">The Clinical Neuropsychologist, 32https://​doi.​org/​10.​1080/​13854046.​2018.​1435826 CrossrefPubMed</bibliomixed>
      <bibliomixed id="ch0006s0003bib09">Understanding cross-cultural neuropsychology: Science, testing, and challengeshttps://​doi.​org/​10.​4324/​9781003051497-14 Crossref</bibliomixed>
      <bibliomixed id="ch0006s0003bib10">Geriatric neuropsychology: Assessment and intervention</bibliomixed>
      <bibliomixed id="ch0006s0003bib11">APA handbook of forensic neuropsychologyhttps://​doi.​org/​10.​1037/​0000032-008 Crossref</bibliomixed>
      <bibliomixed id="ch0006s0003bib12">Neuropsychological assessment</bibliomixed>
      <bibliomixed id="ch0006s0003bib13">Textbook of traumatic brain injuryhttps://​doi.​org/​10.​1176/​appi.​books.​9781615372645.​js 32 Crossref</bibliomixed>
      <bibliomixed id="ch0006s0003bib14">The Lancet. Healthy Longevity, 4https://​doi.​org/​10.​1016/​S2666-7568(23)00019-3</bibliomixed>
      <bibliomixed id="ch0006s0003bib15">Aging and mental health Crossref</bibliomixed>
      <bibliomixed id="ch0006s0003bib16">compendium of neuropsychological tests: Administration, norms and commentary</bibliomixed>
      <bibliomixed id="ch0006s0003bib17">Neuropsychological interviewing of adults</bibliomixed>
      <bibliomixed id="ch0006s0003bib18">Lancet, 2 CrossrefPubMed</bibliomixed>
      <bibliomixed id="ch0006s0003bib19">Drinking levels definedhttps://​www.​niaaa.​nih.​gov/​alcohol-health/​overview-alcohol-consumption/​moderate-binge-drinking</bibliomixed>
      <bibliomixed id="ch0006s0003bib20">Unhealthy alcohol use in older adults</bibliomixed>
   </bibliography>
</sect1>