<?xml version="1.0" encoding="UTF-8"?>
<sect1 id="ch0024s0006" role="Heading">
   <sect1info>
      <risinfo>
         <risprev>sect1.9781071643624.ch0024s0005</risprev>
         <riscurrent>sect1.9781071643624.ch0024s0006</riscurrent>
         <risnext>sect1.9781071643624.ch0024s0007</risnext>
         <booktitle>Diagnostic Interviewing</booktitle>
         <isbn>9781071643624</isbn>
         <chapternumber>24</chapternumber>
         <chapterid>ch0024</chapterid>
         <chaptertitle>21. Interviewing Individuals at Risk for Suicide</chaptertitle>
         <authorgroup>
            <author>
               <personname>
                  <firstname>Daniel L.</firstname>
                  <surname>Segal</surname>
               </personname>
            </author>
         </authorgroup>
         <publisher>
            <publishername>Springer US</publishername>
         </publisher>
         <pubdate>2025</pubdate>
      </risinfo>
      <primaryauthor>
         <personname>
            <firstname>Daniel L.</firstname>
            <surname>Segal</surname>
         </personname>
      </primaryauthor>
   </sect1info>
   <title>Dos and Don’ts</title>
   <para role="Para">As clinical suicidologists, we believe suicidal suffering can be effectively decreased and suicide deaths can be prevented. By definition, lifesaving clinical suicide prevention always starts with effective and ongoing suicide risk assessment. To ensure the development of an accurate formulation of suicidal risk and a personalized treatment plan congruent with evidence-based practices, we recommend adhering to the following guidelines.</para>
   <sect2 id="ch0024s0006s01" role="Heading">
      <title>Dos</title>
      <itemizedlist mark="none" role="none">
         <listitem role="ListItem">
            <para role="Para">Do use validated measures.</para>
         </listitem>
         <listitem role="ListItem">
            <para role="Para">Do use flexible interviews.</para>
         </listitem>
         <listitem role="ListItem">
            <para role="Para">Do consider relevant diversity factors.</para>
         </listitem>
         <listitem role="ListItem">
            <para role="Para">Do use explicit procedures for ensuring safety<emphasis>and</emphasis> confidentiality if possible.</para>
         </listitem>
         <listitem role="ListItem">
            <para role="Para">Do ensure a safe environment: nonjudgmental, empathetic, collaborative, and validating.</para>
         </listitem>
         <listitem role="ListItem">
            <para role="Para">Do conduct ongoing assessments/check-ins if possible.</para>
         </listitem>
         <listitem role="ListItem">
            <para role="Para">Do use documentation: it is crucial for good clinical practice and to decrease liability.</para>
         </listitem>
      </itemizedlist>
   </sect2>
   <sect2 id="ch0024s0006s02" role="Heading">
      <title>Don’ts</title>
      <itemizedlist mark="none" role="none">
         <listitem role="ListItem">
            <para role="Para">Do not panic or prematurely assume hospitalization is always needed.</para>
         </listitem>
         <listitem role="ListItem">
            <para role="Para">Do not assume there is a “one-size-fits-all” assessment: take note of each patient and pay special attention to aspects of their identity.</para>
         </listitem>
         <listitem role="ListItem">
            <para role="Para">Do not assume disclosure of suicidal risk; patients may not be forthcoming and may provide subtle/indirect cues.</para>
         </listitem>
         <listitem role="ListItem">
            <para role="Para">Do not treat all contexts the same: in-person clinic ≠ virtual ≠ emergency department.</para>
         </listitem>
         <listitem role="ListItem">
            <para role="Para">Do not neglect your continued training and dedication to staying informed.</para>
         </listitem>
      </itemizedlist>
   </sect2>
</sect1>