<?xml version="1.0" encoding="UTF-8"?>
<sect1 id="ch0022s0008" role="Heading">
   <sect1info>
      <risinfo>
         <risprev>sect1.9781071643624.ch0022s0007</risprev>
         <riscurrent>sect1.9781071643624.ch0022s0008</riscurrent>
         <risnext>sect1.9781071643624.</risnext>
         <booktitle>Diagnostic Interviewing</booktitle>
         <isbn>9781071643624</isbn>
         <chapternumber>22</chapternumber>
         <chapterid>ch0022</chapterid>
         <chaptertitle>19. Interviewing Older Adults</chaptertitle>
         <authorgroup>
            <author>
               <personname>
                  <firstname>Daniel L.</firstname>
                  <surname>Segal</surname>
               </personname>
            </author>
         </authorgroup>
         <publisher>
            <publishername>Springer US</publishername>
         </publisher>
         <pubdate>2025</pubdate>
      </risinfo>
      <primaryauthor>
         <personname>
            <firstname>Daniel L.</firstname>
            <surname>Segal</surname>
         </personname>
      </primaryauthor>
   </sect1info>
   <title>Summary</title>
   <para role="Para">Throughout this chapter, we have described the unique considerations, experiences, and needs of older adults that may be relevant to the conducting of a mental health diagnostic interview. Critical components include engaging in multimethod assessment, considering medical and cognitive contexts, and bearing in mind diversity and cultural contexts in older adults, specifically the presence of and potential impact of ageism. Given the heightened likelihood of chronic medical issues in older adults, clinicians should be prepared to review medical information, including current medication use, and consult and collaborate with medical providers when appropriate consent is obtained. Recommendations may similarly move beyond the psychological domain and include guidance for further consultation with a medical provider (e. g., neurologists). Overall, quality, informed diagnostic interviewing with older adults involves holding space for the potential ways in which the circumstances of older adults may differ from other lifespan periods while also not making age-related assumptions that overlook individual difference or perpetuate bias. Clinicians must acknowledge and promote the protective factors (e. g., social supports, meaningful activities, positive self-concept) that may buoy an older adult through challenging times as well as recognize the risk factors that may contribute to an older adult experiencing a mental disorder.</para>
   <sidebar id="ch0022s0008ad01">
      <para/>
   </sidebar>
   <bibliography id="ch0022s0008bib0069">
      <bibliomixed id="ch0022s0008bib01">International Journal of Geriatric Psychiatry, 26https://​doi.​org/​10.​1002/​gps.​2498 CrossrefPubMed</bibliomixed>
      <bibliomixed id="ch0022s0008bib02">profile of older Americans</bibliomixed>
      <bibliomixed id="ch0022s0008bib03">Journal of the American Geriatrics Society, 68https://​doi.​org/​10.​1111/​jgs.​16468 CrossrefPubMedPubMed Central</bibliomixed>
      <bibliomixed id="ch0022s0008bib04">JAMA Network Open, 5https://​doi.​org/​10.​1001/​jamanetworkopen.​2022.​17240 CrossrefPubMedPubMed Central</bibliomixed>
      <bibliomixed id="ch0022s0008bib05">APA dictionary of psychology: Aginghttps://​dictionary.​apa.​org/​aging</bibliomixed>
      <bibliomixed id="ch0022s0008bib06">APA guidelines for psychological practice with older adults</bibliomixed>
      <bibliomixed id="ch0022s0008bib07">Medicine, 49https://​doi.​org/​10.​1016/​j.​mpmed.​2020.​10.​002 Crossref</bibliomixed>
      <bibliomixed id="ch0022s0008bib08">JAMA, 322https://​doi.​org/​10.​1001/​jama.​2019.​4782 CrossrefPubMedPubMed Central</bibliomixed>
      <bibliomixed id="ch0022s0008bib09">Social Psychiatry and Psychiatric Epidemiology, 55https://​doi.​org/​10.​1007/​s 00127-019-01776-w CrossrefPubMed</bibliomixed>
      <bibliomixed id="ch0022s0008bib10">International Journal of Geriatric Psychiatry, 12https://​doi.​org/​10.​1002/​(sici)1099-1166(199710)12:​10&lt;1008:​:​aid-gps 676&gt;3.​0.​co;2-a CrossrefPubMed</bibliomixed>
      <bibliomixed id="ch0022s0008bib11">AMIA Annual Symposium Proceedings, 2021 PubMed</bibliomixed>
      <bibliomixed id="ch0022s0008bib12">https://​www.​cdc.​gov/​nchs/​covid 19/​pulse/​mental-health.​htm</bibliomixed>
      <bibliomixed id="ch0022s0008bib13">The Gerontologist, 62https://​doi.​org/​10.​1093/​geront/​gnaa 134 CrossrefPubMed</bibliomixed>
      <bibliomixed id="ch0022s0008bib14">Psychological Assessment, 35https://​doi.​org/​10.​1037/​pas 0001189 CrossrefPubMed</bibliomixed>
      <bibliomixed id="ch0022s0008bib15">JAMA Network Open, 3https://​doi.​org/​10.​1001/​jamanetworkopen.​2020.​19686 CrossrefPubMedPubMed Central</bibliomixed>
      <bibliomixed id="ch0022s0008bib16">https://​agingstats.​gov/​docs/​Latest Report/​OA20_​508_​10142020.​pdf</bibliomixed>
      <bibliomixed id="ch0022s0008bib17">Current Epidemiology Reports, 7https://​doi.​org/​10.​1007/​s 40471-020-00234-5 CrossrefPubMedPubMed Central</bibliomixed>
      <bibliomixed id="ch0022s0008bib18">The Gerontologist, 54https://​doi.​org/​10.​1093/​geront/​gnt 021 CrossrefPubMed</bibliomixed>
      <bibliomixed id="ch0022s0008bib19">The Lancet. Public Health, 7https://​doi.​org/​10.​1016/​S2468-2667(21)00249-8 Crossref</bibliomixed>
      <bibliomixed id="ch0022s0008bib20">LGBTQ older people | GLAADhttps://​glaad.​org/​older-people/​</bibliomixed>
      <bibliomixed id="ch0022s0008bib21">Health Promotion Practice, 21https://​doi.​org/​10.​1177/​1524839919884912​CrossrefPubMed</bibliomixed>
      <bibliomixed id="ch0022s0008bib22">Advances in elder abuse research: Practice, legislation and policyhttps://​doi.​org/​10.​1007/​978-3-030-25093-5_​11 Crossref</bibliomixed>
      <bibliomixed id="ch0022s0008bib23">The American Journal of Geriatric Psychiatry, 32https://​doi.​org/​10.​1016/​j.​jagp.​2024.​01.​076 Crossref</bibliomixed>
      <bibliomixed id="ch0022s0008bib24">World happiness reporthttps://​worldhappiness.​report/​ed/​2024/​</bibliomixed>
      <bibliomixed id="ch0022s0008bib25">The American Journal of Geriatric Psychiatry: Official Journal of the American Association for Geriatric Psychiatry, 9 PubMed</bibliomixed>
      <bibliomixed id="ch0022s0008bib26">Clinical Psychology: Science and Practice, 29https://​doi.​org/​10.​1037/​cps 0000046 Crossref</bibliomixed>
      <bibliomixed id="ch0022s0008bib27">The American Journal of Geriatric Psychiatry, 30https://​doi.​org/​10.​1016/​j.​jagp.​2022.​07.​001 CrossrefPubMedPubMed Central</bibliomixed>
      <bibliomixed id="ch0022s0008bib28">Archives of Clinical Neuropsychology: The Official Journal of the National Academy of Neuropsychologists, 17 CrossrefPubMed</bibliomixed>
      <bibliomixed id="ch0022s0008bib29">Archives of Gerontology and Geriatrics, 104https://​doi.​org/​10.​1016/​j.​archger.​2022.​104798 CrossrefPubMed</bibliomixed>
      <bibliomixed id="ch0022s0008bib30">The American Psychologist, 64https://​doi.​org/​10.​1037/​a 0015059 CrossrefPubMed</bibliomixed>
      <bibliomixed id="ch0022s0008bib31">Archives of Gerontology and Geriatrics, 87https://​doi.​org/​10.​1016/​j.​archger.​2019.​104002 CrossrefPubMed</bibliomixed>
      <bibliomixed id="ch0022s0008bib32">New England Journal of Medicine, 373https://​doi.​org/​10.​1056/​NEJMra 1404688 CrossrefPubMed</bibliomixed>
      <bibliomixed id="ch0022s0008bib33">Journal of Psychiatric Practice, 26https://​doi.​org/​10.​1097/​PRA.​0000000000000491​CrossrefPubMed</bibliomixed>
      <bibliomixed id="ch0022s0008bib34">Sleep Medicine Clinics, 17https://​doi.​org/​10.​1016/​j.​jsmc.​2022.​02.​007 CrossrefPubMed</bibliomixed>
      <bibliomixed id="ch0022s0008bib35">Australian Critical Care, 34https://​doi.​org/​10.​1016/​j.​aucc.​2020.​10.​004 CrossrefPubMed</bibliomixed>
      <bibliomixed id="ch0022s0008bib36">The aging brain: Functional adaptation across adulthoodhttps://​doi.​org/​10.​1037/​0000143-004 Crossref</bibliomixed>
      <bibliomixed id="ch0022s0008bib37">Current Geriatrics Reports, 8https://​doi.​org/​10.​1007/​s 13670-019-00284-8 Crossref</bibliomixed>
      <bibliomixed id="ch0022s0008bib38">Applied Nursing Research: ANR, 28https://​doi.​org/​10.​1016/​j.​apnr.​2014.​12.​007 CrossrefPubMed</bibliomixed>
      <bibliomixed id="ch0022s0008bib39">Clinical Gerontologisthttps://​doi.​org/​10.​1080/​07317115.​2022.​2058440</bibliomixed>
      <bibliomixed id="ch0022s0008bib40">Innovation in Aging, 5https://​doi.​org/​10.​1093/​geroni/​igab 046.​3325 Crossref</bibliomixed>
      <bibliomixed id="ch0022s0008bib41">Psychogeriatrics, 19https://​doi.​org/​10.​1111/​psyg.​12427 CrossrefPubMed</bibliomixed>
      <bibliomixed id="ch0022s0008bib42">JAMA Neurology, 79https://​doi.​org/​10.​1001/​jamaneurol.​2022.​3543 CrossrefPubMedPubMed Central</bibliomixed>
      <bibliomixed id="ch0022s0008bib43">Aging, 12https://​doi.​org/​10.​18632/​aging.​103880 CrossrefPubMedPubMed Central</bibliomixed>
      <bibliomixed id="ch0022s0008bib44">Journal of Counseling &amp; Development, jcad.12512https://​doi.​org/​10.​1002/​jcad.​12512</bibliomixed>
      <bibliomixed id="ch0022s0008bib45">The American Journal of Geriatric Psychiatry, 30https://​doi.​org/​10.​1016/​j.​jagp.​2021.​10.​011 CrossrefPubMed</bibliomixed>
      <bibliomixed id="ch0022s0008bib46"/>
      <bibliomixed id="ch0022s0008bib47">Psychological Assessment, 4https://​doi.​org/​10.​1037/​1040-3590.​4.​2.​190 Crossref</bibliomixed>
      <bibliomixed id="ch0022s0008bib48">Journal of the American Psychiatric Nurses Association, 30https://​doi.​org/​10.​1177/​1078390322112769​7 CrossrefPubMed</bibliomixed>
      <bibliomixed id="ch0022s0008bib49">Current Topics in Behavioral Neurosciences, 31https://​doi.​org/​10.​1007/​7854_​2016_​7 CrossrefPubMed</bibliomixed>
      <bibliomixed id="ch0022s0008bib50">Archives of Clinical Neuropsychology, 33https://​doi.​org/​10.​1093/​arclin/​acx 129 CrossrefPubMed</bibliomixed>
      <bibliomixed id="ch0022s0008bib51">World Psychiatry, 14https://​doi.​org/​10.​1002/​wps.​20193 CrossrefPubMedPubMed Central</bibliomixed>
      <bibliomixed id="ch0022s0008bib52">Psycho-Oncologyhttps://​doi.​org/​10.​1002/​pon.​5526</bibliomixed>
      <bibliomixed id="ch0022s0008bib53">The Clinical Neuropsychologist, 36https://​doi.​org/​10.​1080/​13854046.​2021.​1967450 CrossrefPubMed</bibliomixed>
      <bibliomixed id="ch0022s0008bib54">Journal of Geriatric Oncology, 10https://​doi.​org/​10.​1016/​j.​jgo.​2019.​02.​005 CrossrefPubMedPubMed Central</bibliomixed>
      <bibliomixed id="ch0022s0008bib55">Journal of Anxiety Disorders, 24https://​doi.​org/​10.​1016/​j.​janxdis.​2010.​05.​002 CrossrefPubMed</bibliomixed>
      <bibliomixed id="ch0022s0008bib56">Clinical Gerontologist: The Journal of Aging and Mental Health, 5https://​doi.​org/​10.​1300/​J018v 05n 01_​09 Crossref</bibliomixed>
      <bibliomixed id="ch0022s0008bib57">Journal of the National Medical Association, 99 PubMedPubMed Central</bibliomixed>
      <bibliomixed id="ch0022s0008bib58">The Journal of Clinical Psychiatry, 48 PubMed</bibliomixed>
      <bibliomixed id="ch0022s0008bib59">Journal of Health Care for the Poor and Underserved, 9https://​doi.​org/​10.​1353/​hpu.​2010.​0233 CrossrefPubMed</bibliomixed>
      <bibliomixed id="ch0022s0008bib60">Current Psychiatry Reports, 21https://​doi.​org/​10.​1007/​s 11920-019-1082-4 CrossrefPubMed</bibliomixed>
      <bibliomixed id="ch0022s0008bib61">https://​data.​census.​gov/​profile/​United_​States?​g=​010 XX00 US#race-and-ethnicity</bibliomixed>
      <bibliomixed id="ch0022s0008bib62">Journal of Applied Gerontology, 41https://​doi.​org/​10.​1177/​0733464821106502​9 CrossrefPubMedPubMed Central</bibliomixed>
      <bibliomixed id="ch0022s0008bib63">Psychiatry Research, 228https://​doi.​org/​10.​1016/​j.​psychres.​2015.​04.​019 CrossrefPubMed</bibliomixed>
      <bibliomixed id="ch0022s0008bib64">Journal of Homosexuality, 70https://​doi.​org/​10.​1080/​00918369.​2022.​2094305 CrossrefPubMed</bibliomixed>
      <bibliomixed id="ch0022s0008bib65">CMAJ: Canadian Medical Association Journal, 187https://​doi.​org/​10.​1503/​cmaj.​141329 CrossrefPubMedPubMed Central</bibliomixed>
      <bibliomixed id="ch0022s0008bib66">Expert Opinion on Drug Safety, 17https://​doi.​org/​10.​1080/​14740338.​2018.​1546841 CrossrefPubMed</bibliomixed>
      <bibliomixed id="ch0022s0008bib67">The American Journal of Geriatric Psychiatry, 22https://​doi.​org/​10.​1016/​j.​jagp.​2013.​03.​009 CrossrefPubMed</bibliomixed>
      <bibliomixed id="ch0022s0008bib68">Journal of the American Geriatrics Society, 69https://​doi.​org/​10.​1111/​jgs.​17365 CrossrefPubMed</bibliomixed>
   </bibliography>
</sect1>