<?xml version="1.0" encoding="UTF-8"?>
<sect1 id="ch0009s0009">
   <sect1info>
      <risinfo>
         <risprev>sect1.9781071643624.</risprev>
         <riscurrent>sect1.9781071643624.ch0009s0009</riscurrent>
         <risnext>sect1.9781071643624.ch0009s0001</risnext>
         <booktitle>Diagnostic Interviewing</booktitle>
         <isbn>9781071643624</isbn>
         <chapternumber>9</chapternumber>
         <chapterid>ch0009</chapterid>
         <chaptertitle>7. Bipolar Disorders</chaptertitle>
         <authorgroup>
            <author>
               <personname>
                  <firstname>Daniel L.</firstname>
                  <surname>Segal</surname>
               </personname>
            </author>
         </authorgroup>
         <publisher>
            <publishername>Springer US</publishername>
         </publisher>
         <pubdate>2025</pubdate>
      </risinfo>
      <primaryauthor>
         <personname>
            <firstname>Daniel L.</firstname>
            <surname>Segal</surname>
         </personname>
      </primaryauthor>
   </sect1info>
   <title>7. Bipolar Disorders</title>
   <para>D. L. Segal<emphasis role="CollaboratorDesignation"> (ed.)</emphasis>
      <emphasis role="BookTitle">Diagnostic Interviewing</emphasis>
      <ulink url="https://doi.org/10.1007/978-1-0716-4362-4_7">https://doi. org/10.1007/978-1-0716-4362-4_7</ulink>
      <emphasis role="AuthorName">Julianne E. Brady</emphasis>
      <superscript>1</superscript>, <emphasis role="AuthorName">Christopher J. Miller</emphasis>
      <superscript>1, 2 <emphasis>ContactOf Author 2</emphasis>
      </superscript> and <emphasis role="AuthorName">Samantha L. Connolly</emphasis>
      <superscript>1, 2</superscript>(1)(2)Christopher J. Miller Email:</para>
   <para>Christopher. Miller 8@va. gov Hypomanic episodes Cyclothymic disorder Melancholic features</para>
</sect1>