<?xml version="1.0" encoding="UTF-8"?>
<sect1 id="ch0011s0009">
   <sect1info>
      <risinfo>
         <risprev>sect1.9781071643624.</risprev>
         <riscurrent>sect1.9781071643624.ch0011s0009</riscurrent>
         <risnext>sect1.9781071643624.ch0011s0001</risnext>
         <booktitle>Diagnostic Interviewing</booktitle>
         <isbn>9781071643624</isbn>
         <chapternumber>11</chapternumber>
         <chapterid>ch0011</chapterid>
         <chaptertitle>9. Obsessive-Compulsive and Related Disorders</chaptertitle>
         <authorgroup>
            <author>
               <personname>
                  <firstname>Daniel L.</firstname>
                  <surname>Segal</surname>
               </personname>
            </author>
         </authorgroup>
         <publisher>
            <publishername>Springer US</publishername>
         </publisher>
         <pubdate>2025</pubdate>
      </risinfo>
      <primaryauthor>
         <personname>
            <firstname>Daniel L.</firstname>
            <surname>Segal</surname>
         </personname>
      </primaryauthor>
   </sect1info>
   <title>9. Obsessive-Compulsive and Related Disorders</title>
   <para>D. L. Segal<emphasis role="CollaboratorDesignation"> (ed.)</emphasis>
      <emphasis role="BookTitle">Diagnostic Interviewing</emphasis>
      <ulink url="https://doi.org/10.1007/978-1-0716-4362-4_9">https://doi. org/10.1007/978-1-0716-4362-4_9</ulink>
      <emphasis role="AuthorName">Jordan T. Stiede</emphasis>
      <superscript>1 <emphasis>ContactOf Author 1</emphasis>
      </superscript>, <emphasis role="AuthorName">Erika S. Trent</emphasis>
      <superscript>1 <emphasis>ContactOf Author 2</emphasis>
      </superscript>, <emphasis role="AuthorName">Gwendolyn H. Mc Innes</emphasis>
      <superscript>1 <emphasis>ContactOf Author 3</emphasis>
      </superscript> and <emphasis role="AuthorName">Eric A. Storch</emphasis>
      <superscript>1 <emphasis>ContactOf Author 4</emphasis>
      </superscript>(1)Jordan T. Stiede Email:</para>
   <para>jordan. stiede@bcm. edu Erika S. Trent Email:</para>
   <para>erika. trent@bcm. edu Gwendolyn H. Mc Innes Email:</para>
   <para>gwendolyn. mcinnes@bcm. edu Eric A. Storch Email:</para>
   <para>eric. storch@bcm. edu Obsessive-compulsive disorder Body dysmorphic disorder Hoarding disorder Trichotillomania Excoriation disorder</para>
</sect1>