<?xml version="1.0" encoding="UTF-8"?>
<toc>
   <tocinfo>
      <risinfo>
         <isbn>9781071643624</isbn>
      </risinfo>
   </tocinfo>
   <title>Diagnostic Interviewing</title>
   
   <tocfront linkend="">About</tocfront>
   
   <tocfront linkend="pr0001">Cover</tocfront>
   
   <tocfront linkend="pr0002">Diagnostic Interviewing</tocfront>
   
   
   

   
   
   
   
   <tocpart>
      <tocentry linkend="pt0001">
         Part I
         General Issues
      </tocentry>
      
      
      
      
      
      
      
   
      
      
      <tocchap>
         <tocentry linkend="ch0001">
            Part I
            General Issues
         </tocentry>
         <toclevel1>
            <tocentry linkend="pt0001s0001">
            Part I
            General Issues
         </tocentry>
         </toclevel1>
      </tocchap>
      
      <tocchap>
         <tocentry linkend="ch0002">1. An Introduction to Clinical and Diagnostic Interviewing: Fundamental Skills and Key Issues</tocentry>
         <toclevel1>
            <tocentry linkend="ch0002s0008">1. An Introduction to Clinical and Diagnostic Interviewing: Fundamental Skills and Key Issues</tocentry>
         </toclevel1>
         <toclevel1>
            <tocentry linkend="ch0002s0001">The Impact of the Interview Setting</tocentry>
            <toclevel2>
               <tocentry linkend="ch0002s0001s01">Emergency and Crisis Settings</tocentry>
            </toclevel2>
            <toclevel2>
               <tocentry linkend="ch0002s0001s02">Outpatient Mental Health Settings</tocentry>
            </toclevel2>
            <toclevel2>
               <tocentry linkend="ch0002s0001s03">Medical Settings</tocentry>
            </toclevel2>
            <toclevel2>
               <tocentry linkend="ch0002s0001s04">Jail, Prison, Corrections, and Courthouse Settings</tocentry>
            </toclevel2>
         </toclevel1>
         <toclevel1>
            <tocentry linkend="ch0002s0002">Confidentiality</tocentry>
            <toclevel2>
               <tocentry linkend="ch0002s0002s01">Age of Consent</tocentry>
            </toclevel2>
            <toclevel2>
               <tocentry linkend="ch0002s0002s02">Confidentiality of Client’s Records</tocentry>
            </toclevel2>
            <toclevel2>
               <tocentry linkend="ch0002s0002s03">Duty to Warn and Protect</tocentry>
            </toclevel2>
            <toclevel2>
               <tocentry linkend="ch0002s0002s04">Managing the Temptation to Discuss Cases</tocentry>
            </toclevel2>
         </toclevel1>
         <toclevel1>
            <tocentry linkend="ch0002s0003">The Common Factors Approach in Interviewing and Psychotherapy</tocentry>
            <toclevel2>
               <tocentry linkend="ch0002s0003s01">Establishing a Therapeutic Alliance</tocentry>
            </toclevel2>
            <toclevel2>
               <tocentry linkend="ch0002s0003s02">Demonstrating Empathy</tocentry>
            </toclevel2>
            <toclevel2>
               <tocentry linkend="ch0002s0003s03">Positive Regard/Affirmation</tocentry>
            </toclevel2>
            <toclevel2>
               <tocentry linkend="ch0002s0003s04">Congruence/Genuineness</tocentry>
            </toclevel2>
            <toclevel2>
               <tocentry linkend="ch0002s0003s05">Having Shared Expectations/Providing Hope</tocentry>
            </toclevel2>
            <toclevel2>
               <tocentry linkend="ch0002s0003s06">Goal Consensus/Collaboration</tocentry>
            </toclevel2>
            <toclevel2>
               <tocentry linkend="ch0002s0003s07">Therapist Effects</tocentry>
            </toclevel2>
         </toclevel1>
         <toclevel1>
            <tocentry linkend="ch0002s0004">Basic Skills in Interviewing</tocentry>
            <toclevel2>
               <tocentry linkend="ch0002s0004s01">Using Reflection</tocentry>
            </toclevel2>
            <toclevel2>
               <tocentry linkend="ch0002s0004s02">Paying Attention to Language and Avoiding Jargon</tocentry>
            </toclevel2>
            <toclevel2>
               <tocentry linkend="ch0002s0004s03">Using Humor</tocentry>
            </toclevel2>
            <toclevel2>
               <tocentry linkend="ch0002s0004s04">Responding to Questions from Clients and Managing Self-Disclosure</tocentry>
            </toclevel2>
            <toclevel2>
               <tocentry linkend="ch0002s0004s05">Taking Notes</tocentry>
            </toclevel2>
         </toclevel1>
         <toclevel1>
            <tocentry linkend="ch0002s0005">Diversity and the Interviewing Process</tocentry>
            <toclevel2>
               <tocentry linkend="ch0002s0005s01">Impact of Diversity on the Therapeutic Relationship</tocentry>
            </toclevel2>
            <toclevel2>
               <tocentry linkend="ch0002s0005s02">Impact of Diversity on Clinical Diagnosis</tocentry>
            </toclevel2>
         </toclevel1>
         <toclevel1>
            <tocentry linkend="ch0002s0006">Issues Specific to Emerging Professionals</tocentry>
         </toclevel1>
         <toclevel1>
            <tocentry linkend="ch0002s0007">Clinical Interviewing Dos and Don’ts</tocentry>
         </toclevel1>
      </tocchap>
      
      <tocchap>
         <tocentry linkend="ch0003">2. Interviewing Strategies, Empathy, and Rapport</tocentry>
         <toclevel1>
            <tocentry linkend="ch0003s0009">2. Interviewing Strategies, Empathy, and Rapport</tocentry>
         </toclevel1>
         <toclevel1>
            <tocentry linkend="ch0003s0001">Introduction</tocentry>
         </toclevel1>
         <toclevel1>
            <tocentry linkend="ch0003s0002">Interpersonal Process Skills</tocentry>
            <toclevel2>
               <tocentry linkend="ch0003s0002s01">Empathy</tocentry>
            </toclevel2>
            <toclevel2>
               <tocentry linkend="ch0003s0002s02">Rapport</tocentry>
            </toclevel2>
         </toclevel1>
         <toclevel1>
            <tocentry linkend="ch0003s0003">Technical Skills</tocentry>
            <toclevel2>
               <tocentry linkend="ch0003s0003s01">Case Formulation</tocentry>
            </toclevel2>
            <toclevel2>
               <tocentry linkend="ch0003s0003s02">Behavioral Observations</tocentry>
            </toclevel2>
            <toclevel2>
               <tocentry linkend="ch0003s0003s03">Diagnostic Classification and Interviewing Frameworks</tocentry>
            </toclevel2>
            <toclevel2>
               <tocentry linkend="ch0003s0003s04">Ways of Interviewing</tocentry>
            </toclevel2>
         </toclevel1>
         <toclevel1>
            <tocentry linkend="ch0003s0004">Unstructured Diagnostic Interviews</tocentry>
         </toclevel1>
         <toclevel1>
            <tocentry linkend="ch0003s0005">Structured and Semi-Structured Diagnostic Interviews</tocentry>
         </toclevel1>
         <toclevel1>
            <tocentry linkend="ch0003s0006">Advantages and Disadvantages of Diagnostic Interview Types</tocentry>
         </toclevel1>
         <toclevel1>
            <tocentry linkend="ch0003s0007">Examples of Fully and Semi-Structured Interviews for DSM-5</tocentry>
            <toclevel2>
               <tocentry linkend="ch0003s0007s01">Cultural Formulation Interview</tocentry>
            </toclevel2>
            <toclevel2>
               <tocentry linkend="ch0003s0007s02">The Diagnostic Interview Schedule for DSM-5</tocentry>
            </toclevel2>
            <toclevel2>
               <tocentry linkend="ch0003s0007s03">The Structured Clinical Interview for DSM-5</tocentry>
            </toclevel2>
            <toclevel2>
               <tocentry linkend="ch0003s0007s04">The Diagnostic Interview for Anxiety, Mood, and OCD and Related Neuropsychiatric Disorders</tocentry>
            </toclevel2>
            <toclevel2>
               <tocentry linkend="ch0003s0007s05">The Anxiety and Related Disorders Interview Schedule for DSM-5</tocentry>
            </toclevel2>
            <toclevel2>
               <tocentry linkend="ch0003s0007s06">The Mini-International Neuropsychiatric Interview for DSM-5</tocentry>
            </toclevel2>
            <toclevel2>
               <tocentry linkend="ch0003s0007s07">The Kiddie Schedule for Affective Disorders and Schizophrenia for DSM-5</tocentry>
            </toclevel2>
         </toclevel1>
         <toclevel1>
            <tocentry linkend="ch0003s0008">Conclusion</tocentry>
         </toclevel1>
      </tocchap>
      
      <tocchap>
         <tocentry linkend="ch0004">3. Presenting Problem, History of Presenting Problem, and Social History</tocentry>
         <toclevel1>
            <tocentry linkend="ch0004s0010">3. Presenting Problem, History of Presenting Problem, and Social History</tocentry>
         </toclevel1>
         <toclevel1>
            <tocentry linkend="ch0004s0001">Preliminary Factors to Consider</tocentry>
            <toclevel2>
               <tocentry linkend="ch0004s0001s01">Interviewing Efficiently</tocentry>
            </toclevel2>
            <toclevel2>
               <tocentry linkend="ch0004s0001s02">Interview with the Intake Report and Feedback in Mind</tocentry>
            </toclevel2>
            <toclevel2>
               <tocentry linkend="ch0004s0001s03">Monitor Cues for Underreporting, Overreporting, and Additional Information</tocentry>
            </toclevel2>
         </toclevel1>
         <toclevel1>
            <tocentry linkend="ch0004s0002">Referral Question and Presenting Problem</tocentry>
            <toclevel2>
               <tocentry linkend="ch0004s0002s01">The Referral Question and Secret Questions</tocentry>
            </toclevel2>
         </toclevel1>
         <toclevel1>
            <tocentry linkend="ch0004s0003">Presenting Problem</tocentry>
         </toclevel1>
         <toclevel1>
            <tocentry linkend="ch0004s0004">History of Presenting Problem</tocentry>
            <toclevel2>
               <tocentry linkend="ch0004s0004s01">Onset</tocentry>
            </toclevel2>
            <toclevel2>
               <tocentry linkend="ch0004s0004s02">Severity: Frequency, Duration, and Intensity</tocentry>
            </toclevel2>
            <toclevel2>
               <tocentry linkend="ch0004s0004s03">Course</tocentry>
            </toclevel2>
            <toclevel2>
               <tocentry linkend="ch0004s0004s04">Prior Treatment and Attempts to Solve the Problem</tocentry>
            </toclevel2>
            <toclevel2>
               <tocentry linkend="ch0004s0004s05">Stressors: Precipitating Factors and Outcomes of the Problem</tocentry>
            </toclevel2>
            <toclevel2>
               <tocentry linkend="ch0004s0004s06">Strengths and Coping Strategies</tocentry>
            </toclevel2>
         </toclevel1>
         <toclevel1>
            <tocentry linkend="ch0004s0005">Other Psychological History</tocentry>
            <toclevel2>
               <tocentry linkend="ch0004s0005s01">Substance Use History</tocentry>
            </toclevel2>
            <toclevel2>
               <tocentry linkend="ch0004s0005s02">Trauma History</tocentry>
            </toclevel2>
            <toclevel2>
               <tocentry linkend="ch0004s0005s03">Safety</tocentry>
            </toclevel2>
            <toclevel2>
               <tocentry linkend="ch0004s0005s04">Delusions and Hallucinations</tocentry>
            </toclevel2>
         </toclevel1>
         <toclevel1>
            <tocentry linkend="ch0004s0006">Medical History</tocentry>
            <toclevel2>
               <tocentry linkend="ch0004s0006s01">Family Medical and Psychiatric History</tocentry>
            </toclevel2>
            <toclevel2>
               <tocentry linkend="ch0004s0006s02">Medications</tocentry>
            </toclevel2>
         </toclevel1>
         <toclevel1>
            <tocentry linkend="ch0004s0007">Social History</tocentry>
            <toclevel2>
               <tocentry linkend="ch0004s0007s01">Cultural Identity</tocentry>
               <toclevel3>
                  <tocentry linkend="ch0004s0007s01s01">Age and Generational Influences</tocentry>
               </toclevel3>
               <toclevel3>
                  <tocentry linkend="ch0004s0007s01s02">Developmental or Other Disability</tocentry>
               </toclevel3>
               <toclevel3>
                  <tocentry linkend="ch0004s0007s01s03">Religion and Spiritual Orientation</tocentry>
               </toclevel3>
               <toclevel3>
                  <tocentry linkend="ch0004s0007s01s04">Ethnic and Racial Identity</tocentry>
               </toclevel3>
               <toclevel3>
                  <tocentry linkend="ch0004s0007s01s05">Socioeconomic Status</tocentry>
               </toclevel3>
               <toclevel3>
                  <tocentry linkend="ch0004s0007s01s06">Gender and Sexual Orientation</tocentry>
               </toclevel3>
               <toclevel3>
                  <tocentry linkend="ch0004s0007s01s07">Indigenous Heritage</tocentry>
               </toclevel3>
               <toclevel3>
                  <tocentry linkend="ch0004s0007s01s08">National Origin and Primary Language</tocentry>
               </toclevel3>
            </toclevel2>
            <toclevel2>
               <tocentry linkend="ch0004s0007s02">Family of Origin History</tocentry>
            </toclevel2>
            <toclevel2>
               <tocentry linkend="ch0004s0007s03">Current Family Status</tocentry>
            </toclevel2>
            <toclevel2>
               <tocentry linkend="ch0004s0007s04">Personal History</tocentry>
               <toclevel3>
                  <tocentry linkend="ch0004s0007s04s01">Infancy and Childhood</tocentry>
               </toclevel3>
               <toclevel3>
                  <tocentry linkend="ch0004s0007s04s02">Adolescence</tocentry>
               </toclevel3>
               <toclevel3>
                  <tocentry linkend="ch0004s0007s04s03">Early and Middle Adulthood</tocentry>
               </toclevel3>
               <toclevel3>
                  <tocentry linkend="ch0004s0007s04s04">Late Adulthood</tocentry>
               </toclevel3>
            </toclevel2>
            <toclevel2>
               <tocentry linkend="ch0004s0007s05">Current Social Support Systems</tocentry>
            </toclevel2>
            <toclevel2>
               <tocentry linkend="ch0004s0007s06">Social Media Use</tocentry>
            </toclevel2>
            <toclevel2>
               <tocentry linkend="ch0004s0007s07">Education and Occupational History</tocentry>
            </toclevel2>
            <toclevel2>
               <tocentry linkend="ch0004s0007s08">Military History</tocentry>
            </toclevel2>
            <toclevel2>
               <tocentry linkend="ch0004s0007s09">Legal History</tocentry>
            </toclevel2>
            <toclevel2>
               <tocentry linkend="ch0004s0007s10">Daily Routine</tocentry>
            </toclevel2>
         </toclevel1>
         <toclevel1>
            <tocentry linkend="ch0004s0008">Collateral Interview</tocentry>
         </toclevel1>
         <toclevel1>
            <tocentry linkend="ch0004s0009">Summary and Conclusions</tocentry>
         </toclevel1>
      </tocchap>
      
      <tocchap>
         <tocentry linkend="ch0005">4. Mental Status Examination</tocentry>
         <toclevel1>
            <tocentry linkend="ch0005s0005">4. Mental Status Examination</tocentry>
         </toclevel1>
         <toclevel1>
            <tocentry linkend="ch0005s0001">Mental Status Examination</tocentry>
         </toclevel1>
         <toclevel1>
            <tocentry linkend="ch0005s0002">Components of the Mental Status Exam</tocentry>
            <toclevel2>
               <tocentry linkend="ch0005s0002s01">General Observations</tocentry>
            </toclevel2>
            <toclevel2>
               <tocentry linkend="ch0005s0002s02">Thinking</tocentry>
            </toclevel2>
            <toclevel2>
               <tocentry linkend="ch0005s0002s03">Emotion</tocentry>
            </toclevel2>
            <toclevel2>
               <tocentry linkend="ch0005s0002s04">Cognition</tocentry>
            </toclevel2>
            <toclevel2>
               <tocentry linkend="ch0005s0002s05">Factors Influencing Interpretation of the MSE</tocentry>
            </toclevel2>
         </toclevel1>
         <toclevel1>
            <tocentry linkend="ch0005s0003">Conducting the Assessment</tocentry>
            <toclevel2>
               <tocentry linkend="ch0005s0003s01">Procedures for Gathering Information</tocentry>
            </toclevel2>
            <toclevel2>
               <tocentry linkend="ch0005s0003s02">Contextual Factors</tocentry>
            </toclevel2>
         </toclevel1>
         <toclevel1>
            <tocentry linkend="ch0005s0004">Summary</tocentry>
         </toclevel1>
      </tocchap>
      
      <tocchap>
         <tocentry linkend="ch0006">5. Consideration of Neuropsychological Factors in Interviewing</tocentry>
         <toclevel1>
            <tocentry linkend="ch0006s0004">5. Consideration of Neuropsychological Factors in Interviewing</tocentry>
         </toclevel1>
         <toclevel1>
            <tocentry linkend="ch0006s0001">Part 1: Factors That Might Suggest to Any Psychologist That Cognitive or Brain Dysfunction May Be Occurring and the Need for a Neuropsychological Evaluation</tocentry>
            <toclevel2>
               <tocentry linkend="ch0006s0001s01">Behavioral Observations</tocentry>
            </toclevel2>
            <toclevel2>
               <tocentry linkend="ch0006s0001s02">Relevant Medical or Neurological History</tocentry>
            </toclevel2>
            <toclevel2>
               <tocentry linkend="ch0006s0001s03">Impacts of Cognitive Symptoms on the Interview</tocentry>
            </toclevel2>
            <toclevel2>
               <tocentry linkend="ch0006s0001s04">Referring for Neuropsychological Evaluation</tocentry>
            </toclevel2>
         </toclevel1>
         <toclevel1>
            <tocentry linkend="ch0006s0002">Part 2: Clinical Neuropsychological Interviewing</tocentry>
            <toclevel2>
               <tocentry linkend="ch0006s0002s01">Introduction</tocentry>
            </toclevel2>
            <toclevel2>
               <tocentry linkend="ch0006s0002s02">Reason for Referral</tocentry>
            </toclevel2>
            <toclevel2>
               <tocentry linkend="ch0006s0002s03">Standard Areas to Cover in a Neuropsychological Assessment Interview</tocentry>
               <toclevel3>
                  <tocentry linkend="ch0006s0002s03s01">Daily Functioning</tocentry>
               </toclevel3>
               <toclevel3>
                  <tocentry linkend="ch0006s0002s03s02">Medical History</tocentry>
               </toclevel3>
               <toclevel3>
                  <tocentry linkend="ch0006s0002s03s03">Mental Health</tocentry>
               </toclevel3>
               <toclevel3>
                  <tocentry linkend="ch0006s0002s03s04">Substance Use</tocentry>
               </toclevel3>
               <toclevel3>
                  <tocentry linkend="ch0006s0002s03s05">Developmental History</tocentry>
               </toclevel3>
               <toclevel3>
                  <tocentry linkend="ch0006s0002s03s06">Occupational History</tocentry>
               </toclevel3>
               <toclevel3>
                  <tocentry linkend="ch0006s0002s03s07">Legal History</tocentry>
               </toclevel3>
            </toclevel2>
            <toclevel2>
               <tocentry linkend="ch0006s0002s04">The Interview Process</tocentry>
            </toclevel2>
            <toclevel2>
               <tocentry linkend="ch0006s0002s05">Considerations When Using Interpreters for Interviews</tocentry>
            </toclevel2>
            <toclevel2>
               <tocentry linkend="ch0006s0002s06">Traumatic Brain Injuries</tocentry>
            </toclevel2>
            <toclevel2>
               <tocentry linkend="ch0006s0002s07">Dementia/Neurocognitive Disorder</tocentry>
            </toclevel2>
         </toclevel1>
         <toclevel1>
            <tocentry linkend="ch0006s0003">Conclusion</tocentry>
         </toclevel1>
      </tocchap>
   
      
      
      
      
      
      
      
   
   </tocpart>
   
   <tocpart>
      <tocentry linkend="pt0007">
         Part II
         Specific Disorders
      </tocentry>
      
      
      
      
      
      
      
      
      
      
      
      
      
      
   
      
      
      <tocchap>
         <tocentry linkend="ch0007">
            Part II
            Specific Disorders
         </tocentry>
         <toclevel1>
            <tocentry linkend="pt0007s0001">
            Part II
            Specific Disorders
         </tocentry>
         </toclevel1>
      </tocchap>
      
      <tocchap>
         <tocentry linkend="ch0008">6. Depressive Disorders</tocentry>
         <toclevel1>
            <tocentry linkend="ch0008s0010">6. Depressive Disorders</tocentry>
         </toclevel1>
         <toclevel1>
            <tocentry linkend="ch0008s0001">Depressive Disorders</tocentry>
         </toclevel1>
         <toclevel1>
            <tocentry linkend="ch0008s0002">Description of the Disorders</tocentry>
            <toclevel2>
               <tocentry linkend="ch0008s0002s01">Disruptive Mood Dysregulation Disorder</tocentry>
            </toclevel2>
            <toclevel2>
               <tocentry linkend="ch0008s0002s02">Major Depressive Disorder</tocentry>
            </toclevel2>
            <toclevel2>
               <tocentry linkend="ch0008s0002s03">Persistent Depressive Disorder</tocentry>
            </toclevel2>
            <toclevel2>
               <tocentry linkend="ch0008s0002s04">Premenstrual Dysphoric Disorder</tocentry>
            </toclevel2>
            <toclevel2>
               <tocentry linkend="ch0008s0002s05">Substance/Medication-Induced Depressive Disorder</tocentry>
            </toclevel2>
            <toclevel2>
               <tocentry linkend="ch0008s0002s06">Depressive Disorder Due to Another Medical Condition</tocentry>
            </toclevel2>
            <toclevel2>
               <tocentry linkend="ch0008s0002s07">Other Specified Depressive Disorder and Unspecified Depressive Disorder</tocentry>
            </toclevel2>
         </toclevel1>
         <toclevel1>
            <tocentry linkend="ch0008s0003">Procedures for Gathering Information</tocentry>
            <toclevel2>
               <tocentry linkend="ch0008s0003s01">Screening Measures</tocentry>
            </toclevel2>
            <toclevel2>
               <tocentry linkend="ch0008s0003s02">Clinical Interviews</tocentry>
            </toclevel2>
         </toclevel1>
         <toclevel1>
            <tocentry linkend="ch0008s0004">Recommendations for Formal Assessment</tocentry>
         </toclevel1>
         <toclevel1>
            <tocentry linkend="ch0008s0005">Case Illustrations</tocentry>
         </toclevel1>
         <toclevel1>
            <tocentry linkend="ch0008s0006">Impact of Gender, Race, Culture, Age, and Other Aspects of Diversity</tocentry>
            <toclevel2>
               <tocentry linkend="ch0008s0006s01">Rapport Building and Education About the Assessment Process</tocentry>
            </toclevel2>
            <toclevel2>
               <tocentry linkend="ch0008s0006s02">Use of Standardized Assessment</tocentry>
            </toclevel2>
            <toclevel2>
               <tocentry linkend="ch0008s0006s03">Supplementing Standardized Assessment with a Cultural Formulation</tocentry>
            </toclevel2>
            <toclevel2>
               <tocentry linkend="ch0008s0006s04">Biopsychosocial Assessment</tocentry>
            </toclevel2>
            <toclevel2>
               <tocentry linkend="ch0008s0006s05">Adjusting Assessment Procedures</tocentry>
            </toclevel2>
         </toclevel1>
         <toclevel1>
            <tocentry linkend="ch0008s0007">Information Critical to Making a Diagnosis</tocentry>
            <toclevel2>
               <tocentry linkend="ch0008s0007s01">Differential Diagnosis of a Depressive Disorder Versus Other Mental Disorders</tocentry>
            </toclevel2>
            <toclevel2>
               <tocentry linkend="ch0008s0007s02">Use of Specifiers</tocentry>
            </toclevel2>
         </toclevel1>
         <toclevel1>
            <tocentry linkend="ch0008s0008">Dos and Don’ts</tocentry>
         </toclevel1>
         <toclevel1>
            <tocentry linkend="ch0008s0009">Summary</tocentry>
         </toclevel1>
      </tocchap>
      
      <tocchap>
         <tocentry linkend="ch0009">7. Bipolar Disorders</tocentry>
         <toclevel1>
            <tocentry linkend="ch0009s0009">7. Bipolar Disorders</tocentry>
         </toclevel1>
         <toclevel1>
            <tocentry linkend="ch0009s0001">Description of the Disorders</tocentry>
            <toclevel2>
               <tocentry linkend="ch0009s0001s01">Bipolar I Disorder</tocentry>
            </toclevel2>
            <toclevel2>
               <tocentry linkend="ch0009s0001s02">Bipolar II Disorder</tocentry>
            </toclevel2>
            <toclevel2>
               <tocentry linkend="ch0009s0001s03">Cyclothymic Disorder</tocentry>
            </toclevel2>
            <toclevel2>
               <tocentry linkend="ch0009s0001s04">Substance/Medication-Induced Bipolar and Related Disorder</tocentry>
            </toclevel2>
            <toclevel2>
               <tocentry linkend="ch0009s0001s05">Bipolar and Related Disorder Due to Another Medical Condition</tocentry>
            </toclevel2>
            <toclevel2>
               <tocentry linkend="ch0009s0001s06">Other Specified Bipolar and Related Disorder</tocentry>
            </toclevel2>
            <toclevel2>
               <tocentry linkend="ch0009s0001s07">Unspecified Bipolar and Related Disorder</tocentry>
            </toclevel2>
            <toclevel2>
               <tocentry linkend="ch0009s0001s08">Specifiers</tocentry>
            </toclevel2>
         </toclevel1>
         <toclevel1>
            <tocentry linkend="ch0009s0002">Procedures for Gathering Information</tocentry>
         </toclevel1>
         <toclevel1>
            <tocentry linkend="ch0009s0003">Recommendations for Formal Assessment</tocentry>
            <toclevel2>
               <tocentry linkend="ch0009s0003s01">Semi-Structured Interviews</tocentry>
            </toclevel2>
            <toclevel2>
               <tocentry linkend="ch0009s0003s02">Structured Interviews</tocentry>
            </toclevel2>
            <toclevel2>
               <tocentry linkend="ch0009s0003s03">Screening Measures</tocentry>
            </toclevel2>
         </toclevel1>
         <toclevel1>
            <tocentry linkend="ch0009s0004">Case Illustrations</tocentry>
         </toclevel1>
         <toclevel1>
            <tocentry linkend="ch0009s0005">Impact of Gender, Race, Culture, Age, and Other Aspects of Diversity</tocentry>
         </toclevel1>
         <toclevel1>
            <tocentry linkend="ch0009s0006">Information Critical to Making a Diagnosis</tocentry>
         </toclevel1>
         <toclevel1>
            <tocentry linkend="ch0009s0007">Dos and Don’ts</tocentry>
         </toclevel1>
         <toclevel1>
            <tocentry linkend="ch0009s0008">Summary</tocentry>
         </toclevel1>
      </tocchap>
      
      <tocchap>
         <tocentry linkend="ch0010">8. Anxiety Disorders</tocentry>
         <toclevel1>
            <tocentry linkend="ch0010s0010">8. Anxiety Disorders</tocentry>
         </toclevel1>
         <toclevel1>
            <tocentry linkend="ch0010s0001">Introduction and Preliminary Issues</tocentry>
            <toclevel2>
               <tocentry linkend="ch0010s0001s01">Behavioral Approach to Assessment</tocentry>
            </toclevel2>
            <toclevel2>
               <tocentry linkend="ch0010s0001s02">Some Definitions</tocentry>
            </toclevel2>
         </toclevel1>
         <toclevel1>
            <tocentry linkend="ch0010s0002">Description of the Major Anxiety Disorders</tocentry>
            <toclevel2>
               <tocentry linkend="ch0010s0002s01">Specific Phobia</tocentry>
            </toclevel2>
            <toclevel2>
               <tocentry linkend="ch0010s0002s02">Panic Disorder</tocentry>
            </toclevel2>
            <toclevel2>
               <tocentry linkend="ch0010s0002s03">Agoraphobia</tocentry>
            </toclevel2>
            <toclevel2>
               <tocentry linkend="ch0010s0002s04">Social Anxiety Disorder</tocentry>
            </toclevel2>
            <toclevel2>
               <tocentry linkend="ch0010s0002s05">Generalized Anxiety Disorder</tocentry>
            </toclevel2>
         </toclevel1>
         <toclevel1>
            <tocentry linkend="ch0010s0003">Procedures for Gathering Information</tocentry>
            <toclevel2>
               <tocentry linkend="ch0010s0003s01">Functional Assessment Orientation</tocentry>
            </toclevel2>
            <toclevel2>
               <tocentry linkend="ch0010s0003s02">Thought Experiments as Experimental Functional Analysis</tocentry>
            </toclevel2>
            <toclevel2>
               <tocentry linkend="ch0010s0003s03">Consideration of Context and the Interviewee’s Attitude Toward the Assessment</tocentry>
            </toclevel2>
         </toclevel1>
         <toclevel1>
            <tocentry linkend="ch0010s0004">Recommendations for Formal Assessment</tocentry>
            <toclevel2>
               <tocentry linkend="ch0010s0004s01">Semi-Structured Interviews</tocentry>
            </toclevel2>
            <toclevel2>
               <tocentry linkend="ch0010s0004s02">Self-Report Measures</tocentry>
            </toclevel2>
            <toclevel2>
               <tocentry linkend="ch0010s0004s03">Other Assessment Tools</tocentry>
            </toclevel2>
         </toclevel1>
         <toclevel1>
            <tocentry linkend="ch0010s0005">Case Illustration</tocentry>
         </toclevel1>
         <toclevel1>
            <tocentry linkend="ch0010s0006">Impact of Gender, Race, Culture, Age, and Other Aspects of Diversity</tocentry>
            <toclevel2>
               <tocentry linkend="ch0010s0006s01">Sex, Gender, and Sexual Orientation</tocentry>
            </toclevel2>
            <toclevel2>
               <tocentry linkend="ch0010s0006s02">Older Adults</tocentry>
            </toclevel2>
            <toclevel2>
               <tocentry linkend="ch0010s0006s03">Children and Adolescents</tocentry>
            </toclevel2>
            <toclevel2>
               <tocentry linkend="ch0010s0006s04">Race and Culture</tocentry>
            </toclevel2>
            <toclevel2>
               <tocentry linkend="ch0010s0006s05">Socioeconomic Status</tocentry>
            </toclevel2>
            <toclevel2>
               <tocentry linkend="ch0010s0006s06">Intersections of Identities</tocentry>
            </toclevel2>
         </toclevel1>
         <toclevel1>
            <tocentry linkend="ch0010s0007">Information Critical to Making a Diagnosis</tocentry>
         </toclevel1>
         <toclevel1>
            <tocentry linkend="ch0010s0008">Dos and Don’ts</tocentry>
         </toclevel1>
         <toclevel1>
            <tocentry linkend="ch0010s0009">Summary</tocentry>
         </toclevel1>
      </tocchap>
      
      <tocchap>
         <tocentry linkend="ch0011">9. Obsessive-Compulsive and Related Disorders</tocentry>
         <toclevel1>
            <tocentry linkend="ch0011s0009">9. Obsessive-Compulsive and Related Disorders</tocentry>
         </toclevel1>
         <toclevel1>
            <tocentry linkend="ch0011s0001">Description of the Disorders</tocentry>
            <toclevel2>
               <tocentry linkend="ch0011s0001s01">Obsessive-Compulsive Disorder</tocentry>
            </toclevel2>
            <toclevel2>
               <tocentry linkend="ch0011s0001s02">OC-Related Disorders</tocentry>
            </toclevel2>
         </toclevel1>
         <toclevel1>
            <tocentry linkend="ch0011s0002">Procedures for Gathering Information</tocentry>
         </toclevel1>
         <toclevel1>
            <tocentry linkend="ch0011s0003">Recommendations for Formal Assessment</tocentry>
            <toclevel2>
               <tocentry linkend="ch0011s0003s01">Clinician-Administered Interviews</tocentry>
            </toclevel2>
            <toclevel2>
               <tocentry linkend="ch0011s0003s02">Clinician-Rated Measures</tocentry>
            </toclevel2>
            <toclevel2>
               <tocentry linkend="ch0011s0003s03">Self-Reported Measures for Adults</tocentry>
            </toclevel2>
            <toclevel2>
               <tocentry linkend="ch0011s0003s04">Child- and Parent-Reported Measures</tocentry>
            </toclevel2>
            <toclevel2>
               <tocentry linkend="ch0011s0003s05">Measures of OCD-Related Factors</tocentry>
            </toclevel2>
         </toclevel1>
         <toclevel1>
            <tocentry linkend="ch0011s0004">Case Illustration</tocentry>
         </toclevel1>
         <toclevel1>
            <tocentry linkend="ch0011s0005">Impact of Cultural Variables</tocentry>
            <toclevel2>
               <tocentry linkend="ch0011s0005s01">Gender</tocentry>
            </toclevel2>
            <toclevel2>
               <tocentry linkend="ch0011s0005s02">Age</tocentry>
            </toclevel2>
            <toclevel2>
               <tocentry linkend="ch0011s0005s03">Race and Ethnicity</tocentry>
            </toclevel2>
            <toclevel2>
               <tocentry linkend="ch0011s0005s04">Religion and Spirituality</tocentry>
            </toclevel2>
         </toclevel1>
         <toclevel1>
            <tocentry linkend="ch0011s0006">Information Critical to Making a Diagnosis</tocentry>
            <toclevel2>
               <tocentry linkend="ch0011s0006s01">Criterion A</tocentry>
            </toclevel2>
            <toclevel2>
               <tocentry linkend="ch0011s0006s02">Criterion B</tocentry>
            </toclevel2>
            <toclevel2>
               <tocentry linkend="ch0011s0006s03">Criterion C</tocentry>
            </toclevel2>
            <toclevel2>
               <tocentry linkend="ch0011s0006s04">Criterion D</tocentry>
            </toclevel2>
            <toclevel2>
               <tocentry linkend="ch0011s0006s05">Insight Specifier</tocentry>
            </toclevel2>
            <toclevel2>
               <tocentry linkend="ch0011s0006s06">Tic-Related Specifier</tocentry>
            </toclevel2>
         </toclevel1>
         <toclevel1>
            <tocentry linkend="ch0011s0007">Dos and Don’ts</tocentry>
         </toclevel1>
         <toclevel1>
            <tocentry linkend="ch0011s0008">Summary</tocentry>
         </toclevel1>
      </tocchap>
      
      <tocchap>
         <tocentry linkend="ch0012">10. Trauma and Stressor-Related Disorders</tocentry>
         <toclevel1>
            <tocentry linkend="ch0012s0009">10. Trauma and Stressor-Related Disorders</tocentry>
         </toclevel1>
         <toclevel1>
            <tocentry linkend="ch0012s0001">Description of the Disorders</tocentry>
            <toclevel2>
               <tocentry linkend="ch0012s0001s01">Clinical Trauma-Related Definitions</tocentry>
               <toclevel3>
                  <tocentry linkend="ch0012s0001s01s01">DSM-5-TR Definition of Trauma</tocentry>
               </toclevel3>
               <toclevel3>
                  <tocentry linkend="ch0012s0001s01s02">The Definition of Stress</tocentry>
               </toclevel3>
               <toclevel3>
                  <tocentry linkend="ch0012s0001s01s03">The Definition of Prolonged Grief</tocentry>
               </toclevel3>
               <toclevel3>
                  <tocentry linkend="ch0012s0001s01s04">Posttraumatic Stress Disorder</tocentry>
               </toclevel3>
               <toclevel3>
                  <tocentry linkend="ch0012s0001s01s05">Prevalence of PTSD</tocentry>
               </toclevel3>
               <toclevel3>
                  <tocentry linkend="ch0012s0001s01s06">Acute Stress Disorder</tocentry>
               </toclevel3>
               <toclevel3>
                  <tocentry linkend="ch0012s0001s01s07">Prevalence of Acute Stress Disorder</tocentry>
               </toclevel3>
               <toclevel3>
                  <tocentry linkend="ch0012s0001s01s08">Adjustment Disorder</tocentry>
               </toclevel3>
               <toclevel3>
                  <tocentry linkend="ch0012s0001s01s09">Prevalence of Adjustment Disorder</tocentry>
               </toclevel3>
               <toclevel3>
                  <tocentry linkend="ch0012s0001s01s10">Prolonged Grief Disorder</tocentry>
               </toclevel3>
               <toclevel3>
                  <tocentry linkend="ch0012s0001s01s11">Prevalence of Prolonged Grief Disorder</tocentry>
               </toclevel3>
            </toclevel2>
         </toclevel1>
         <toclevel1>
            <tocentry linkend="ch0012s0002">Procedures for Gathering Information</tocentry>
         </toclevel1>
         <toclevel1>
            <tocentry linkend="ch0012s0003">Recommendations for Formal Assessment</tocentry>
            <toclevel2>
               <tocentry linkend="ch0012s0003s01">Structured and Semi-structured Interviews</tocentry>
               <toclevel3>
                  <tocentry linkend="ch0012s0003s01s01">General Interview: The Structured Clinical Interview for DSM</tocentry>
               </toclevel3>
               <toclevel3>
                  <tocentry linkend="ch0012s0003s01s02">General Interview: The Mini-International Neuropsychiatric Interview</tocentry>
               </toclevel3>
            </toclevel2>
            <toclevel2>
               <tocentry linkend="ch0012s0003s02">Trauma-Related Specific Interviews</tocentry>
               <toclevel3>
                  <tocentry linkend="ch0012s0003s02s01">Clinician Administered PTSD Scale</tocentry>
               </toclevel3>
               <toclevel3>
                  <tocentry linkend="ch0012s0003s02s02">PTSD Symptoms Scale-Interview</tocentry>
               </toclevel3>
            </toclevel2>
            <toclevel2>
               <tocentry linkend="ch0012s0003s03">Trauma-Related Self-Report Measures</tocentry>
               <toclevel3>
                  <tocentry linkend="ch0012s0003s03s01">Life Events Checklist</tocentry>
               </toclevel3>
               <toclevel3>
                  <tocentry linkend="ch0012s0003s03s02">PTSD Checklist for Diagnostic and Statistical Manual of Mental Disorders</tocentry>
               </toclevel3>
               <toclevel3>
                  <tocentry linkend="ch0012s0003s03s03">Inventory of Complicated Grief</tocentry>
               </toclevel3>
               <toclevel3>
                  <tocentry linkend="ch0012s0003s03s04">The Texas Revised Inventory of Grief</tocentry>
               </toclevel3>
            </toclevel2>
         </toclevel1>
         <toclevel1>
            <tocentry linkend="ch0012s0004">Case Illustrations</tocentry>
            <toclevel2>
               <tocentry linkend="ch0012s0004s01">Comment on Cases</tocentry>
            </toclevel2>
         </toclevel1>
         <toclevel1>
            <tocentry linkend="ch0012s0005">Impact of Culture, Gender, Race, Age, and Other Aspects of Diversity</tocentry>
            <toclevel2>
               <tocentry linkend="ch0012s0005s01">Gender and Age</tocentry>
            </toclevel2>
            <toclevel2>
               <tocentry linkend="ch0012s0005s02">Racial and Ethnic Minorities</tocentry>
            </toclevel2>
            <toclevel2>
               <tocentry linkend="ch0012s0005s03">Sexual Minority Adults</tocentry>
            </toclevel2>
            <toclevel2>
               <tocentry linkend="ch0012s0005s04">The Armed Forces</tocentry>
            </toclevel2>
            <toclevel2>
               <tocentry linkend="ch0012s0005s05">Integrating Cultural Considerations into Case Conceptualization</tocentry>
            </toclevel2>
         </toclevel1>
         <toclevel1>
            <tocentry linkend="ch0012s0006">Information Critical to Making a Diagnosis</tocentry>
            <toclevel2>
               <tocentry linkend="ch0012s0006s01">Comorbid Disorders</tocentry>
            </toclevel2>
            <toclevel2>
               <tocentry linkend="ch0012s0006s02">Disorders That Mask PTSD Symptoms</tocentry>
            </toclevel2>
            <toclevel2>
               <tocentry linkend="ch0012s0006s03">Emerging Issues: Complex PTSD, Race-Based Trauma, and Moral Injury</tocentry>
            </toclevel2>
            <toclevel2>
               <tocentry linkend="ch0012s0006s04">Malingering</tocentry>
            </toclevel2>
         </toclevel1>
         <toclevel1>
            <tocentry linkend="ch0012s0007">Dos and Don’ts</tocentry>
         </toclevel1>
         <toclevel1>
            <tocentry linkend="ch0012s0008">Summary</tocentry>
         </toclevel1>
      </tocchap>
      
      <tocchap>
         <tocentry linkend="ch0013">11. Dissociative Disorders</tocentry>
         <toclevel1>
            <tocentry linkend="ch0013s0008">11. Dissociative Disorders</tocentry>
         </toclevel1>
         <toclevel1>
            <tocentry linkend="ch0013s0001">Description of the Disorders</tocentry>
            <toclevel2>
               <tocentry linkend="ch0013s0001s01">Dissociation Defined</tocentry>
            </toclevel2>
            <toclevel2>
               <tocentry linkend="ch0013s0001s02">Dissociative Disorders</tocentry>
            </toclevel2>
            <toclevel2>
               <tocentry linkend="ch0013s0001s03">Prevalence</tocentry>
            </toclevel2>
         </toclevel1>
         <toclevel1>
            <tocentry linkend="ch0013s0002">Procedures for Gathering Diagnostic Information</tocentry>
            <toclevel2>
               <tocentry linkend="ch0013s0002s01">Interviews for Dissociative Symptoms</tocentry>
            </toclevel2>
            <toclevel2>
               <tocentry linkend="ch0013s0002s02">Self-Report Measures</tocentry>
            </toclevel2>
            <toclevel2>
               <tocentry linkend="ch0013s0002s03">Performance-Based Measures</tocentry>
            </toclevel2>
         </toclevel1>
         <toclevel1>
            <tocentry linkend="ch0013s0003">Case Illustrations</tocentry>
            <toclevel2>
               <tocentry linkend="ch0013s0003s01">Chronically Traumatized Woman</tocentry>
            </toclevel2>
            <toclevel2>
               <tocentry linkend="ch0013s0003s02">Chronically Traumatized Man with a History of Substance Use</tocentry>
            </toclevel2>
         </toclevel1>
         <toclevel1>
            <tocentry linkend="ch0013s0004">Impact of Race, Culture, Age, and Other Aspects of Diversity</tocentry>
            <toclevel2>
               <tocentry linkend="ch0013s0004s01">Intersubjectivity in Diagnostic Interviewing</tocentry>
            </toclevel2>
            <toclevel2>
               <tocentry linkend="ch0013s0004s02">Intersecting Identities and Trauma Vulnerability</tocentry>
            </toclevel2>
         </toclevel1>
         <toclevel1>
            <tocentry linkend="ch0013s0005">Information Critical to Making a Diagnosis</tocentry>
            <toclevel2>
               <tocentry linkend="ch0013s0005s01">Differential Diagnosis</tocentry>
            </toclevel2>
            <toclevel2>
               <tocentry linkend="ch0013s0005s02">Exaggerated, Factitious, and Malingered Presentations</tocentry>
            </toclevel2>
         </toclevel1>
         <toclevel1>
            <tocentry linkend="ch0013s0006">Dos and Don’ts</tocentry>
            <toclevel2>
               <tocentry linkend="ch0013s0006s01">Do</tocentry>
            </toclevel2>
            <toclevel2>
               <tocentry linkend="ch0013s0006s02">Don’t</tocentry>
            </toclevel2>
         </toclevel1>
         <toclevel1>
            <tocentry linkend="ch0013s0007">Summary</tocentry>
         </toclevel1>
      </tocchap>
      
      <tocchap>
         <tocentry linkend="ch0014">12. Somatic Symptom and Related Disorders</tocentry>
         <toclevel1>
            <tocentry linkend="ch0014s0009">12. Somatic Symptom and Related Disorders</tocentry>
         </toclevel1>
         <toclevel1>
            <tocentry linkend="ch0014s0001">Description of the Disorders</tocentry>
            <toclevel2>
               <tocentry linkend="ch0014s0001s01">Somatic Symptom Disorder (SSD)</tocentry>
            </toclevel2>
            <toclevel2>
               <tocentry linkend="ch0014s0001s02">Illness Anxiety Disorder (IAD)</tocentry>
            </toclevel2>
            <toclevel2>
               <tocentry linkend="ch0014s0001s03">Functional Neurological Symptom Disorder (FNSD)</tocentry>
            </toclevel2>
            <toclevel2>
               <tocentry linkend="ch0014s0001s04">Psychological Factors Affecting Other Medical Conditions (PFAOMC)</tocentry>
            </toclevel2>
            <toclevel2>
               <tocentry linkend="ch0014s0001s05">Factitious Disorder (FD)</tocentry>
            </toclevel2>
         </toclevel1>
         <toclevel1>
            <tocentry linkend="ch0014s0002">Procedures for Gathering Information</tocentry>
            <toclevel2>
               <tocentry linkend="ch0014s0002s01">Six Cornerstones of an Evidence-Based Assessment of SSRD</tocentry>
               <toclevel3>
                  <tocentry linkend="ch0014s0002s01s01">Clinical Interview</tocentry>
               </toclevel3>
               <toclevel3>
                  <tocentry linkend="ch0014s0002s01s02">Gaining Information from Medical Files and Other Healthcare Providers</tocentry>
               </toclevel3>
               <toclevel3>
                  <tocentry linkend="ch0014s0002s01s03">Self-Report and Clinician-Rated Scales to Assess Symptoms of SSRD and Associated Features</tocentry>
               </toclevel3>
               <toclevel3>
                  <tocentry linkend="ch0014s0002s01s04">Prospective Assessment Tools</tocentry>
               </toclevel3>
               <toclevel3>
                  <tocentry linkend="ch0014s0002s01s05">Informants Other Than Healthcare Providers</tocentry>
               </toclevel3>
               <toclevel3>
                  <tocentry linkend="ch0014s0002s01s06">Behavioral Observation</tocentry>
               </toclevel3>
            </toclevel2>
            <toclevel2>
               <tocentry linkend="ch0014s0002s02">Additional Interview Considerations</tocentry>
               <toclevel3>
                  <tocentry linkend="ch0014s0002s02s01">Building a Relationship with the Patient’s Healthcare Providers</tocentry>
               </toclevel3>
               <toclevel3>
                  <tocentry linkend="ch0014s0002s02s02">Patients with a Biomedical Symptom Model</tocentry>
               </toclevel3>
               <toclevel3>
                  <tocentry linkend="ch0014s0002s02s03">Assessing Somatic Symptoms in Persons with Intellectual or Other Disabilities or in Nonverbal Individuals</tocentry>
               </toclevel3>
               <toclevel3>
                  <tocentry linkend="ch0014s0002s02s04">Tools to Improve Rapport</tocentry>
               </toclevel3>
            </toclevel2>
            <toclevel2>
               <tocentry linkend="ch0014s0002s03">Procedures for Gathering Information Specific to Factitious Disorder</tocentry>
            </toclevel2>
         </toclevel1>
         <toclevel1>
            <tocentry linkend="ch0014s0003">Recommendations for Formal Assessment</tocentry>
            <toclevel2>
               <tocentry linkend="ch0014s0003s01">Tools for the Formal Assessment of SSRD in Adults</tocentry>
               <toclevel3>
                  <tocentry linkend="ch0014s0003s01s01">Clinical Interviews</tocentry>
               </toclevel3>
               <toclevel3>
                  <tocentry linkend="ch0014s0003s01s02">Self-Report and Clinician-Rated Scales to Assess Symptoms of SSRD and Associated Features</tocentry>
               </toclevel3>
               <toclevel3>
                  <tocentry linkend="ch0014s0003s01s03">Prospective Assessment Tools/Symptom Diaries</tocentry>
               </toclevel3>
               <toclevel3>
                  <tocentry linkend="ch0014s0003s01s04">Tools to Document Informants’ Observations</tocentry>
               </toclevel3>
               <toclevel3>
                  <tocentry linkend="ch0014s0003s01s05">Behavioral Observation Tools</tocentry>
               </toclevel3>
            </toclevel2>
            <toclevel2>
               <tocentry linkend="ch0014s0003s02">Tools for the Formal Assessment of SSRD in Children and Adolescents</tocentry>
            </toclevel2>
         </toclevel1>
         <toclevel1>
            <tocentry linkend="ch0014s0004">Case Illustrations</tocentry>
         </toclevel1>
         <toclevel1>
            <tocentry linkend="ch0014s0005">Impact of Sex/Gender, Culture, Race, Age, and Other Aspects of Diversity</tocentry>
            <toclevel2>
               <tocentry linkend="ch0014s0005s01">Sex/Gender</tocentry>
            </toclevel2>
            <toclevel2>
               <tocentry linkend="ch0014s0005s02">Age</tocentry>
            </toclevel2>
            <toclevel2>
               <tocentry linkend="ch0014s0005s03">Race and Ethnicity</tocentry>
            </toclevel2>
            <toclevel2>
               <tocentry linkend="ch0014s0005s04">Cultural Factors</tocentry>
            </toclevel2>
            <toclevel2>
               <tocentry linkend="ch0014s0005s05">Socioeconomic Status and Level of Education</tocentry>
            </toclevel2>
         </toclevel1>
         <toclevel1>
            <tocentry linkend="ch0014s0006">Information Critical to Making a Diagnosis</tocentry>
            <toclevel2>
               <tocentry linkend="ch0014s0006s01">Differential Diagnosis: Other Medical Conditions</tocentry>
            </toclevel2>
            <toclevel2>
               <tocentry linkend="ch0014s0006s02">Differential Diagnosis: Other Mental Disorder</tocentry>
            </toclevel2>
            <toclevel2>
               <tocentry linkend="ch0014s0006s03">Differential Diagnosis: Some Specific Considerations About Factitious Disorder Versus Malingering</tocentry>
            </toclevel2>
         </toclevel1>
         <toclevel1>
            <tocentry linkend="ch0014s0007">Dos and Don’ts</tocentry>
            <toclevel2>
               <tocentry linkend="ch0014s0007s01">Dos</tocentry>
            </toclevel2>
            <toclevel2>
               <tocentry linkend="ch0014s0007s02">Don’ts</tocentry>
            </toclevel2>
         </toclevel1>
         <toclevel1>
            <tocentry linkend="ch0014s0008">Summary</tocentry>
         </toclevel1>
      </tocchap>
      
      <tocchap>
         <tocentry linkend="ch0015">13. Eating Disorders</tocentry>
         <toclevel1>
            <tocentry linkend="ch0015s0008">13. Eating Disorders</tocentry>
         </toclevel1>
         <toclevel1>
            <tocentry linkend="ch0015s0001">Description of the Disorders</tocentry>
            <toclevel2>
               <tocentry linkend="ch0015s0001s01">What Are Eating Disorders?</tocentry>
            </toclevel2>
            <toclevel2>
               <tocentry linkend="ch0015s0001s02">Anorexia Nervosa</tocentry>
            </toclevel2>
            <toclevel2>
               <tocentry linkend="ch0015s0001s03">Bulimia Nervosa</tocentry>
            </toclevel2>
            <toclevel2>
               <tocentry linkend="ch0015s0001s04">Binge Eating Disorder</tocentry>
            </toclevel2>
            <toclevel2>
               <tocentry linkend="ch0015s0001s05">Other Specified Feeding or Eating Disorders</tocentry>
            </toclevel2>
            <toclevel2>
               <tocentry linkend="ch0015s0001s06">Avoidant/Restrictive Food Intake Disorder</tocentry>
            </toclevel2>
         </toclevel1>
         <toclevel1>
            <tocentry linkend="ch0015s0002">Procedures for Gathering Information</tocentry>
         </toclevel1>
         <toclevel1>
            <tocentry linkend="ch0015s0003">Recommendations for Formal Assessment</tocentry>
            <toclevel2>
               <tocentry linkend="ch0015s0003s01">Self-Report and Screening Measures</tocentry>
            </toclevel2>
            <toclevel2>
               <tocentry linkend="ch0015s0003s02">Structured and Semi-structured Interviews</tocentry>
               <toclevel3>
                  <tocentry linkend="ch0015s0003s02s01">General Interviews</tocentry>
               </toclevel3>
               <toclevel3>
                  <tocentry linkend="ch0015s0003s02s02">Eating Disorder Specific Interviews</tocentry>
               </toclevel3>
            </toclevel2>
            <toclevel2>
               <tocentry linkend="ch0015s0003s03">Medical Assessment</tocentry>
            </toclevel2>
         </toclevel1>
         <toclevel1>
            <tocentry linkend="ch0015s0004">Case Illustrations</tocentry>
            <toclevel2>
               <tocentry linkend="ch0015s0004s01">Dialogue About Binge-Eating Episodes</tocentry>
            </toclevel2>
            <toclevel2>
               <tocentry linkend="ch0015s0004s02">Dialogue About Loss of Control Over Eating</tocentry>
            </toclevel2>
            <toclevel2>
               <tocentry linkend="ch0015s0004s03">Dialogue About Exercise</tocentry>
            </toclevel2>
         </toclevel1>
         <toclevel1>
            <tocentry linkend="ch0015s0005">Impact of Gender, Race, Culture, Age, and Other Aspects of Diversity</tocentry>
            <toclevel2>
               <tocentry linkend="ch0015s0005s01">Ethnicity and Culture</tocentry>
            </toclevel2>
            <toclevel2>
               <tocentry linkend="ch0015s0005s02">Religion</tocentry>
            </toclevel2>
            <toclevel2>
               <tocentry linkend="ch0015s0005s03">Food Insecurity</tocentry>
            </toclevel2>
            <toclevel2>
               <tocentry linkend="ch0015s0005s04">Cisgender Women and Men</tocentry>
            </toclevel2>
            <toclevel2>
               <tocentry linkend="ch0015s0005s05">Persons Who Are Transgender or Gender Diverse</tocentry>
            </toclevel2>
            <toclevel2>
               <tocentry linkend="ch0015s0005s06">Sexual Orientation</tocentry>
            </toclevel2>
            <toclevel2>
               <tocentry linkend="ch0015s0005s07">Age</tocentry>
            </toclevel2>
            <toclevel2>
               <tocentry linkend="ch0015s0005s08">Athletes</tocentry>
            </toclevel2>
            <toclevel2>
               <tocentry linkend="ch0015s0005s09">Individuals in the Perinatal Period</tocentry>
            </toclevel2>
         </toclevel1>
         <toclevel1>
            <tocentry linkend="ch0015s0006">Information Critical to Making a Diagnosis</tocentry>
         </toclevel1>
         <toclevel1>
            <tocentry linkend="ch0015s0007">Summary</tocentry>
         </toclevel1>
      </tocchap>
      
      <tocchap>
         <tocentry linkend="ch0016">14. Sexual Dysfunctions, Gender Dysphoria, and Paraphilic Disorders</tocentry>
         <toclevel1>
            <tocentry linkend="ch0016s0009">14. Sexual Dysfunctions, Gender Dysphoria, and Paraphilic Disorders</tocentry>
         </toclevel1>
         <toclevel1>
            <tocentry linkend="ch0016s0001">Description of the Disorders</tocentry>
            <toclevel2>
               <tocentry linkend="ch0016s0001s01">Sexual Dysfunctions</tocentry>
            </toclevel2>
            <toclevel2>
               <tocentry linkend="ch0016s0001s02">Gender Dysphoria</tocentry>
            </toclevel2>
            <toclevel2>
               <tocentry linkend="ch0016s0001s03">Paraphilic Disorders</tocentry>
            </toclevel2>
         </toclevel1>
         <toclevel1>
            <tocentry linkend="ch0016s0002">Procedures for Gathering Information</tocentry>
            <toclevel2>
               <tocentry linkend="ch0016s0002s01">Sexual Dysfunctions</tocentry>
            </toclevel2>
            <toclevel2>
               <tocentry linkend="ch0016s0002s02">Gender Dysphoria</tocentry>
            </toclevel2>
            <toclevel2>
               <tocentry linkend="ch0016s0002s03">Paraphilic Disorders</tocentry>
            </toclevel2>
         </toclevel1>
         <toclevel1>
            <tocentry linkend="ch0016s0003">Recommendations for Formal Assessment</tocentry>
            <toclevel2>
               <tocentry linkend="ch0016s0003s01">Sexual Dysfunctions</tocentry>
            </toclevel2>
            <toclevel2>
               <tocentry linkend="ch0016s0003s02">Gender Dysphoria</tocentry>
            </toclevel2>
            <toclevel2>
               <tocentry linkend="ch0016s0003s03">Paraphilic Disorders</tocentry>
               <toclevel3>
                  <tocentry linkend="ch0016s0003s03s01">Questionnaires</tocentry>
               </toclevel3>
               <toclevel3>
                  <tocentry linkend="ch0016s0003s03s02">Viewing Time</tocentry>
               </toclevel3>
               <toclevel3>
                  <tocentry linkend="ch0016s0003s03s03">Phallometry</tocentry>
               </toclevel3>
               <toclevel3>
                  <tocentry linkend="ch0016s0003s03s04">Assessing Antisocial Tendencies</tocentry>
               </toclevel3>
               <toclevel3>
                  <tocentry linkend="ch0016s0003s03s05">Risk Assessment</tocentry>
                  <toclevel4>
                     <tocentry linkend="ch0016s0003s03s05s01">Static Measures</tocentry>
                  </toclevel4>
                  <toclevel4>
                     <tocentry linkend="ch0016s0003s03s05s02">Dynamic/Criminogenic Measures</tocentry>
                  </toclevel4>
                  <toclevel4>
                     <tocentry linkend="ch0016s0003s03s05s03">Tools Using Both Static and Dynamic Risk Factors</tocentry>
                  </toclevel4>
               </toclevel3>
            </toclevel2>
         </toclevel1>
         <toclevel1>
            <tocentry linkend="ch0016s0004">Case Illustrations</tocentry>
            <toclevel2>
               <tocentry linkend="ch0016s0004s01">Case 1</tocentry>
            </toclevel2>
            <toclevel2>
               <tocentry linkend="ch0016s0004s02">Case 2</tocentry>
            </toclevel2>
            <toclevel2>
               <tocentry linkend="ch0016s0004s03">Case 3</tocentry>
            </toclevel2>
         </toclevel1>
         <toclevel1>
            <tocentry linkend="ch0016s0005">Impact of Gender, Race, Culture, and Other Aspects of Diversity</tocentry>
         </toclevel1>
         <toclevel1>
            <tocentry linkend="ch0016s0006">Information Critical to Making a Diagnosis</tocentry>
         </toclevel1>
         <toclevel1>
            <tocentry linkend="ch0016s0007">Dos and Don’ts</tocentry>
            <toclevel2>
               <tocentry linkend="ch0016s0007s01">Dos</tocentry>
            </toclevel2>
            <toclevel2>
               <tocentry linkend="ch0016s0007s02">Don’ts</tocentry>
            </toclevel2>
         </toclevel1>
         <toclevel1>
            <tocentry linkend="ch0016s0008">Summary</tocentry>
         </toclevel1>
      </tocchap>
      
      <tocchap>
         <tocentry linkend="ch0017">15. Substance Use Disorders</tocentry>
         <toclevel1>
            <tocentry linkend="ch0017s0009">15. Substance Use Disorders</tocentry>
         </toclevel1>
         <toclevel1>
            <tocentry linkend="ch0017s0001">Description of the Disorders</tocentry>
         </toclevel1>
         <toclevel1>
            <tocentry linkend="ch0017s0002">Procedures for Gathering Information</tocentry>
            <toclevel2>
               <tocentry linkend="ch0017s0002s01">Screening</tocentry>
            </toclevel2>
            <toclevel2>
               <tocentry linkend="ch0017s0002s02">Diagnosis</tocentry>
            </toclevel2>
            <toclevel2>
               <tocentry linkend="ch0017s0002s03">Dimensional Assessment</tocentry>
            </toclevel2>
         </toclevel1>
         <toclevel1>
            <tocentry linkend="ch0017s0003">Recommendations for Formal Assessment</tocentry>
            <toclevel2>
               <tocentry linkend="ch0017s0003s01">Drug Classes</tocentry>
            </toclevel2>
            <toclevel2>
               <tocentry linkend="ch0017s0003s02">Co-occurring Mental Health Symptoms</tocentry>
            </toclevel2>
            <toclevel2>
               <tocentry linkend="ch0017s0003s03">The Role of Stigma in Assessment</tocentry>
            </toclevel2>
         </toclevel1>
         <toclevel1>
            <tocentry linkend="ch0017s0004">Case Illustrations</tocentry>
            <toclevel2>
               <tocentry linkend="ch0017s0004s01">Client 1: James</tocentry>
            </toclevel2>
            <toclevel2>
               <tocentry linkend="ch0017s0004s02">Client 2: Macy</tocentry>
            </toclevel2>
            <toclevel2>
               <tocentry linkend="ch0017s0004s03">Summary of Cases</tocentry>
            </toclevel2>
         </toclevel1>
         <toclevel1>
            <tocentry linkend="ch0017s0005">Impact of Gender, Race, Culture, Age, and Other Aspects of Diversity</tocentry>
            <toclevel2>
               <tocentry linkend="ch0017s0005s01">Gender</tocentry>
            </toclevel2>
            <toclevel2>
               <tocentry linkend="ch0017s0005s02">Race and Ethnicity</tocentry>
            </toclevel2>
            <toclevel2>
               <tocentry linkend="ch0017s0005s03">Socioeconomic Status</tocentry>
            </toclevel2>
            <toclevel2>
               <tocentry linkend="ch0017s0005s04">Age</tocentry>
            </toclevel2>
         </toclevel1>
         <toclevel1>
            <tocentry linkend="ch0017s0006">Information Critical to Make a Diagnosis</tocentry>
         </toclevel1>
         <toclevel1>
            <tocentry linkend="ch0017s0007">Dos and Don’ts</tocentry>
            <toclevel2>
               <tocentry linkend="ch0017s0007s01">Dos</tocentry>
            </toclevel2>
            <toclevel2>
               <tocentry linkend="ch0017s0007s02">Don’ts</tocentry>
            </toclevel2>
         </toclevel1>
         <toclevel1>
            <tocentry linkend="ch0017s0008">Summary</tocentry>
         </toclevel1>
      </tocchap>
      
      <tocchap>
         <tocentry linkend="ch0018">16. Personality Disorders</tocentry>
         <toclevel1>
            <tocentry linkend="ch0018s0009">16. Personality Disorders</tocentry>
         </toclevel1>
         <toclevel1>
            <tocentry linkend="ch0018s0001">Description of the Disorders</tocentry>
            <toclevel2>
               <tocentry linkend="ch0018s0001s01">Categorical Model of Personality Disorder</tocentry>
            </toclevel2>
            <toclevel2>
               <tocentry linkend="ch0018s0001s02">Dimensional Models of Personality Disorder</tocentry>
               <toclevel3>
                  <tocentry linkend="ch0018s0001s02s01">Alternative Model of Personality Disorder</tocentry>
               </toclevel3>
               <toclevel3>
                  <tocentry linkend="ch0018s0001s02s02">International Classification of Diseases, 11th Edition</tocentry>
               </toclevel3>
               <toclevel3>
                  <tocentry linkend="ch0018s0001s02s03">Hierarchical Taxonomy of Psychopathology</tocentry>
               </toclevel3>
            </toclevel2>
         </toclevel1>
         <toclevel1>
            <tocentry linkend="ch0018s0002">Procedures for Gathering Information</tocentry>
         </toclevel1>
         <toclevel1>
            <tocentry linkend="ch0018s0003">Recommendations for Formal Assessment</tocentry>
            <toclevel2>
               <tocentry linkend="ch0018s0003s01">DSM-Section II Personality Disorders</tocentry>
            </toclevel2>
            <toclevel2>
               <tocentry linkend="ch0018s0003s02">DSM-Section III Alternative Model of Personality Disorders</tocentry>
            </toclevel2>
            <toclevel2>
               <tocentry linkend="ch0018s0003s03">Five-Factor Model of Personality Disorders</tocentry>
            </toclevel2>
            <toclevel2>
               <tocentry linkend="ch0018s0003s04">Comprehensive Assessment of Traits Relevant to Personality Disorder Model</tocentry>
            </toclevel2>
            <toclevel2>
               <tocentry linkend="ch0018s0003s05">Hierarchical Taxonomy of Psychopathology</tocentry>
            </toclevel2>
            <toclevel2>
               <tocentry linkend="ch0018s0003s06">International Classification of Diseases-11 Personality Disorders</tocentry>
            </toclevel2>
         </toclevel1>
         <toclevel1>
            <tocentry linkend="ch0018s0004">Case Illustration</tocentry>
         </toclevel1>
         <toclevel1>
            <tocentry linkend="ch0018s0005">Impact of Sex/Gender, Culture, Race, Age, and Other Aspects of Diversity</tocentry>
            <toclevel2>
               <tocentry linkend="ch0018s0005s01">Age</tocentry>
            </toclevel2>
            <toclevel2>
               <tocentry linkend="ch0018s0005s02">Culture</tocentry>
            </toclevel2>
            <toclevel2>
               <tocentry linkend="ch0018s0005s03">Race and Ethnicity</tocentry>
            </toclevel2>
            <toclevel2>
               <tocentry linkend="ch0018s0005s04">Sex and Gender Identity and Gender Expression</tocentry>
            </toclevel2>
            <toclevel2>
               <tocentry linkend="ch0018s0005s05">Sexual Orientation</tocentry>
            </toclevel2>
         </toclevel1>
         <toclevel1>
            <tocentry linkend="ch0018s0006">Information Critical to Making a Diagnosis</tocentry>
         </toclevel1>
         <toclevel1>
            <tocentry linkend="ch0018s0007">Dos and Don’ts</tocentry>
         </toclevel1>
         <toclevel1>
            <tocentry linkend="ch0018s0008">Summary</tocentry>
         </toclevel1>
      </tocchap>
      
      <tocchap>
         <tocentry linkend="ch0019">17. Schizophrenia and Other Psychotic Disorders</tocentry>
         <toclevel1>
            <tocentry linkend="ch0019s0009">17. Schizophrenia and Other Psychotic Disorders</tocentry>
         </toclevel1>
         <toclevel1>
            <tocentry linkend="ch0019s0001">Description of the Disorder</tocentry>
            <toclevel2>
               <tocentry linkend="ch0019s0001s01">Prevalence, Etiology, and Course</tocentry>
            </toclevel2>
            <toclevel2>
               <tocentry linkend="ch0019s0001s02">Characteristic Symptoms and Associated Features</tocentry>
            </toclevel2>
            <toclevel2>
               <tocentry linkend="ch0019s0001s03">Positive Symptoms</tocentry>
            </toclevel2>
            <toclevel2>
               <tocentry linkend="ch0019s0001s04">Negative Symptoms</tocentry>
            </toclevel2>
            <toclevel2>
               <tocentry linkend="ch0019s0001s05">Associated Features</tocentry>
            </toclevel2>
            <toclevel2>
               <tocentry linkend="ch0019s0001s06">Treatments and Outcomes</tocentry>
            </toclevel2>
            <toclevel2>
               <tocentry linkend="ch0019s0001s07">Other Psychotic Disorders</tocentry>
            </toclevel2>
         </toclevel1>
         <toclevel1>
            <tocentry linkend="ch0019s0002">Procedures for Gathering Information</tocentry>
         </toclevel1>
         <toclevel1>
            <tocentry linkend="ch0019s0003">Recommendations for Formal Assessment</tocentry>
            <toclevel2>
               <tocentry linkend="ch0019s0003s01">Standardized Interview Formats</tocentry>
            </toclevel2>
         </toclevel1>
         <toclevel1>
            <tocentry linkend="ch0019s0004">Case Illustrations</tocentry>
            <toclevel2>
               <tocentry linkend="ch0019s0004s01">Hallucinations and Delusions</tocentry>
            </toclevel2>
            <toclevel2>
               <tocentry linkend="ch0019s0004s02">Disorganized Speech</tocentry>
            </toclevel2>
         </toclevel1>
         <toclevel1>
            <tocentry linkend="ch0019s0005">Impact of Gender, Race, Culture, Age, and Other Aspects of Diversity on Diagnosis</tocentry>
            <toclevel2>
               <tocentry linkend="ch0019s0005s01">Spirituality and Religious Identity</tocentry>
            </toclevel2>
            <toclevel2>
               <tocentry linkend="ch0019s0005s02">Ethnicity and Nationality</tocentry>
            </toclevel2>
            <toclevel2>
               <tocentry linkend="ch0019s0005s03">Race</tocentry>
            </toclevel2>
            <toclevel2>
               <tocentry linkend="ch0019s0005s04">Age</tocentry>
            </toclevel2>
         </toclevel1>
         <toclevel1>
            <tocentry linkend="ch0019s0006">Information Critical to Make a Diagnosis</tocentry>
            <toclevel2>
               <tocentry linkend="ch0019s0006s01">Criterion A: Characteristic Symptoms</tocentry>
            </toclevel2>
            <toclevel2>
               <tocentry linkend="ch0019s0006s02">Criterion B: Social/Occupational Dysfunction</tocentry>
            </toclevel2>
            <toclevel2>
               <tocentry linkend="ch0019s0006s03">Criterion C: Duration</tocentry>
            </toclevel2>
            <toclevel2>
               <tocentry linkend="ch0019s0006s04">Rule Outs and Differential Diagnosis</tocentry>
            </toclevel2>
            <toclevel2>
               <tocentry linkend="ch0019s0006s05">Barriers to Gathering Information Critical to Make a Diagnosis</tocentry>
            </toclevel2>
         </toclevel1>
         <toclevel1>
            <tocentry linkend="ch0019s0007">Dos and Don’ts</tocentry>
         </toclevel1>
         <toclevel1>
            <tocentry linkend="ch0019s0008">Summary</tocentry>
         </toclevel1>
      </tocchap>
   
      
      
      
      
      
      
      
      
      
      
      
      
      
      
   
   </tocpart>
   
   <tocpart>
      <tocentry linkend="pt0020">
         Part III
         Special Populations
      </tocentry>
      
      
      
      
      
      
      
   
      
      
      <tocchap>
         <tocentry linkend="ch0020">
            Part III
            Special Populations
         </tocentry>
         <toclevel1>
            <tocentry linkend="pt0020s0001">
            Part III
            Special Populations
         </tocentry>
         </toclevel1>
      </tocchap>
      
      <tocchap>
         <tocentry linkend="ch0021">18. Interviewing Children</tocentry>
         <toclevel1>
            <tocentry linkend="ch0021s0010">18. Interviewing Children</tocentry>
         </toclevel1>
         <toclevel1>
            <tocentry linkend="ch0021s0001">Description of the Population</tocentry>
         </toclevel1>
         <toclevel1>
            <tocentry linkend="ch0021s0002">Differences Between Adults and Children</tocentry>
         </toclevel1>
         <toclevel1>
            <tocentry linkend="ch0021s0003">Procedures for Gathering Information</tocentry>
            <toclevel2>
               <tocentry linkend="ch0021s0003s01">Using the Referral Question</tocentry>
            </toclevel2>
            <toclevel2>
               <tocentry linkend="ch0021s0003s02">Whom to Meet With</tocentry>
            </toclevel2>
            <toclevel2>
               <tocentry linkend="ch0021s0003s03">Remote Evaluation Considerations</tocentry>
            </toclevel2>
            <toclevel2>
               <tocentry linkend="ch0021s0003s04">General Interview Guidelines</tocentry>
            </toclevel2>
            <toclevel2>
               <tocentry linkend="ch0021s0003s05">Direct Observations</tocentry>
            </toclevel2>
            <toclevel2>
               <tocentry linkend="ch0021s0003s06">Additional Assessment</tocentry>
            </toclevel2>
         </toclevel1>
         <toclevel1>
            <tocentry linkend="ch0021s0004">Recommendations for Formal Assessment</tocentry>
            <toclevel2>
               <tocentry linkend="ch0021s0004s01">Standardized Interview Formats</tocentry>
            </toclevel2>
         </toclevel1>
         <toclevel1>
            <tocentry linkend="ch0021s0005">Case Illustration</tocentry>
         </toclevel1>
         <toclevel1>
            <tocentry linkend="ch0021s0006">Impact of Sex/Gender, Culture, Race, Age, and Other Aspects of Diversity</tocentry>
         </toclevel1>
         <toclevel1>
            <tocentry linkend="ch0021s0007">Information Critical to Making a Diagnosis</tocentry>
         </toclevel1>
         <toclevel1>
            <tocentry linkend="ch0021s0008">Dos and Don’ts</tocentry>
         </toclevel1>
         <toclevel1>
            <tocentry linkend="ch0021s0009">Summary</tocentry>
         </toclevel1>
      </tocchap>
      
      <tocchap>
         <tocentry linkend="ch0022">19. Interviewing Older Adults</tocentry>
         <toclevel1>
            <tocentry linkend="ch0022s0009">19. Interviewing Older Adults</tocentry>
         </toclevel1>
         <toclevel1>
            <tocentry linkend="ch0022s0001">Interviewing Older Adults</tocentry>
            <toclevel2>
               <tocentry linkend="ch0022s0001s01">Description of the Population</tocentry>
            </toclevel2>
            <toclevel2>
               <tocentry linkend="ch0022s0001s02">Unique Considerations for Diagnosis and Assessment of Older Adults</tocentry>
            </toclevel2>
            <toclevel2>
               <tocentry linkend="ch0022s0001s03">Prevalence and Nature of Mental Disorders in Older Adults</tocentry>
               <toclevel3>
                  <tocentry linkend="ch0022s0001s03s01">Prevalence Rates</tocentry>
               </toclevel3>
               <toclevel3>
                  <tocentry linkend="ch0022s0001s03s02">High Priority Concerns</tocentry>
               </toclevel3>
               <toclevel3>
                  <tocentry linkend="ch0022s0001s03s03">Role of Medical Illness</tocentry>
               </toclevel3>
            </toclevel2>
         </toclevel1>
         <toclevel1>
            <tocentry linkend="ch0022s0002">Procedures for Gathering Information</tocentry>
            <toclevel2>
               <tocentry linkend="ch0022s0002s01">Reduce Practical and Environmental Barriers to Assessment</tocentry>
            </toclevel2>
            <toclevel2>
               <tocentry linkend="ch0022s0002s02">Facilitate a Structured and Supportive Interaction</tocentry>
            </toclevel2>
            <toclevel2>
               <tocentry linkend="ch0022s0002s03">Encourage Collateral Informants</tocentry>
            </toclevel2>
            <toclevel2>
               <tocentry linkend="ch0022s0002s04">Evaluate Response Biases of Older Adult Patients and Informants</tocentry>
            </toclevel2>
            <toclevel2>
               <tocentry linkend="ch0022s0002s05">Evaluate Baseline and Change(s) in Behavior and Functioning</tocentry>
            </toclevel2>
            <toclevel2>
               <tocentry linkend="ch0022s0002s06">Use Measures Normed or Validated with Older Adults</tocentry>
            </toclevel2>
         </toclevel1>
         <toclevel1>
            <tocentry linkend="ch0022s0003">Recommendations for Formal Assessment</tocentry>
            <toclevel2>
               <tocentry linkend="ch0022s0003s01">Clarification of Referral Question and Record Review</tocentry>
            </toclevel2>
            <toclevel2>
               <tocentry linkend="ch0022s0003s02">Conducting the Clinical Interview</tocentry>
            </toclevel2>
            <toclevel2>
               <tocentry linkend="ch0022s0003s03">Mental Status Exam, Behavioral Observations, and Neurocognitive Screening</tocentry>
            </toclevel2>
            <toclevel2>
               <tocentry linkend="ch0022s0003s04">Providing Feedback and Recommendations</tocentry>
            </toclevel2>
         </toclevel1>
         <toclevel1>
            <tocentry linkend="ch0022s0004">Case Illustration</tocentry>
            <toclevel2>
               <tocentry linkend="ch0022s0004s01">Clinical Interview</tocentry>
            </toclevel2>
            <toclevel2>
               <tocentry linkend="ch0022s0004s02">Behavioral Observations</tocentry>
            </toclevel2>
            <toclevel2>
               <tocentry linkend="ch0022s0004s03">Key Takeaways</tocentry>
            </toclevel2>
         </toclevel1>
         <toclevel1>
            <tocentry linkend="ch0022s0005">Impact of Sex/Gender, Culture, Race, Age, and Other Aspects of Diversity</tocentry>
            <toclevel2>
               <tocentry linkend="ch0022s0005s01">Sociocultural Considerations in Diagnostic Interviewing</tocentry>
            </toclevel2>
         </toclevel1>
         <toclevel1>
            <tocentry linkend="ch0022s0006">Information Critical to Making a Diagnosis</tocentry>
            <toclevel2>
               <tocentry linkend="ch0022s0006s01">Medical Conditions and Medication Side Effects</tocentry>
            </toclevel2>
            <toclevel2>
               <tocentry linkend="ch0022s0006s02">Cognitive Functioning</tocentry>
            </toclevel2>
            <toclevel2>
               <tocentry linkend="ch0022s0006s03">Psychiatric Diagnostic Categories and Considerations for Older Adults</tocentry>
            </toclevel2>
            <toclevel2>
               <tocentry linkend="ch0022s0006s04">Life Stressors Common in Older Adulthood</tocentry>
            </toclevel2>
         </toclevel1>
         <toclevel1>
            <tocentry linkend="ch0022s0007">Dos and Don’ts</tocentry>
         </toclevel1>
         <toclevel1>
            <tocentry linkend="ch0022s0008">Summary</tocentry>
         </toclevel1>
      </tocchap>
      
      <tocchap>
         <tocentry linkend="ch0023">20. Interviewing in Health, Medical, and Integrated Care Settings</tocentry>
         <toclevel1>
            <tocentry linkend="ch0023s0010">20. Interviewing in Health, Medical, and Integrated Care Settings</tocentry>
         </toclevel1>
         <toclevel1>
            <tocentry linkend="ch0023s0001">Interviewing in Health, Medical, and Integrated Care Settings</tocentry>
         </toclevel1>
         <toclevel1>
            <tocentry linkend="ch0023s0002">Description of the Population: Healthcare Settings and Population Characteristics</tocentry>
            <toclevel2>
               <tocentry linkend="ch0023s0002s01">Healthcare Settings</tocentry>
            </toclevel2>
            <toclevel2>
               <tocentry linkend="ch0023s0002s02">Approaches to Care</tocentry>
            </toclevel2>
         </toclevel1>
         <toclevel1>
            <tocentry linkend="ch0023s0003">Procedures for Gathering Information</tocentry>
         </toclevel1>
         <toclevel1>
            <tocentry linkend="ch0023s0004">Recommendations for Formal Assessment</tocentry>
         </toclevel1>
         <toclevel1>
            <tocentry linkend="ch0023s0005">Case Illustrations</tocentry>
         </toclevel1>
         <toclevel1>
            <tocentry linkend="ch0023s0006">Impact of Sex/Gender, Culture, Race, Age, and Other Aspects of Diversity</tocentry>
            <toclevel2>
               <tocentry linkend="ch0023s0006s01">Age/Generation</tocentry>
            </toclevel2>
            <toclevel2>
               <tocentry linkend="ch0023s0006s02">Disability Status (Developmental and Acquired)</tocentry>
            </toclevel2>
            <toclevel2>
               <tocentry linkend="ch0023s0006s03">Religion and Spiritual Orientation</tocentry>
            </toclevel2>
            <toclevel2>
               <tocentry linkend="ch0023s0006s04">Ethnicity</tocentry>
            </toclevel2>
            <toclevel2>
               <tocentry linkend="ch0023s0006s05">Socioeconomic Status</tocentry>
            </toclevel2>
            <toclevel2>
               <tocentry linkend="ch0023s0006s06">Sexual Orientation</tocentry>
            </toclevel2>
            <toclevel2>
               <tocentry linkend="ch0023s0006s07">Indigenous Cultural Heritage</tocentry>
            </toclevel2>
            <toclevel2>
               <tocentry linkend="ch0023s0006s08">National Origin</tocentry>
            </toclevel2>
            <toclevel2>
               <tocentry linkend="ch0023s0006s09">Gender</tocentry>
            </toclevel2>
         </toclevel1>
         <toclevel1>
            <tocentry linkend="ch0023s0007">Information Critical to Making a Diagnosis</tocentry>
            <toclevel2>
               <tocentry linkend="ch0023s0007s01">Diagnosis by History</tocentry>
            </toclevel2>
            <toclevel2>
               <tocentry linkend="ch0023s0007s02">Differentials and Rule-Outs</tocentry>
            </toclevel2>
            <toclevel2>
               <tocentry linkend="ch0023s0007s03">Provisional Diagnosis</tocentry>
            </toclevel2>
            <toclevel2>
               <tocentry linkend="ch0023s0007s04">Z-Codes</tocentry>
            </toclevel2>
         </toclevel1>
         <toclevel1>
            <tocentry linkend="ch0023s0008">Dos and Don’ts</tocentry>
         </toclevel1>
         <toclevel1>
            <tocentry linkend="ch0023s0009">Summary</tocentry>
         </toclevel1>
      </tocchap>
      
      <tocchap>
         <tocentry linkend="ch0024">21. Interviewing Individuals at Risk for Suicide</tocentry>
         <toclevel1>
            <tocentry linkend="ch0024s0008">21. Interviewing Individuals at Risk for Suicide</tocentry>
         </toclevel1>
         <toclevel1>
            <tocentry linkend="ch0024s0001">Articlenote Articlenotemisc</tocentry>
         </toclevel1>
         <toclevel1>
            <tocentry linkend="ch0024s0002">Interviewing Individuals at Risk for Suicide</tocentry>
            <toclevel2>
               <tocentry linkend="ch0024s0002s01">Description of the Problem</tocentry>
            </toclevel2>
            <toclevel2>
               <tocentry linkend="ch0024s0002s02">Procedures for Gathering Information</tocentry>
               <toclevel3>
                  <tocentry linkend="ch0024s0002s02s01">Clinical Interview</tocentry>
               </toclevel3>
               <toclevel3>
                  <tocentry linkend="ch0024s0002s02s02">Integration of Actuarial Assessment Measures</tocentry>
               </toclevel3>
               <toclevel3>
                  <tocentry linkend="ch0024s0002s02s03">Advantages and Disadvantages of Assessment Measures</tocentry>
               </toclevel3>
            </toclevel2>
            <toclevel2>
               <tocentry linkend="ch0024s0002s03">Recommendations for Formal Assessment</tocentry>
            </toclevel2>
         </toclevel1>
         <toclevel1>
            <tocentry linkend="ch0024s0003">Case Illustrations</tocentry>
            <toclevel2>
               <tocentry linkend="ch0024s0003s01">“Janice”</tocentry>
               <toclevel3>
                  <tocentry linkend="ch0024s0003s01s01">Comment on the Case of Janice</tocentry>
               </toclevel3>
            </toclevel2>
            <toclevel2>
               <tocentry linkend="ch0024s0003s02">“Frank”</tocentry>
               <toclevel3>
                  <tocentry linkend="ch0024s0003s02s01">Comment on the Case of Frank</tocentry>
               </toclevel3>
            </toclevel2>
         </toclevel1>
         <toclevel1>
            <tocentry linkend="ch0024s0004">Impact of Sex/Gender, Culture, Race, Age, and Other Aspects of Diversity</tocentry>
            <toclevel2>
               <tocentry linkend="ch0024s0004s01">Sex and Gender Differences</tocentry>
            </toclevel2>
            <toclevel2>
               <tocentry linkend="ch0024s0004s02">Cultural and Racial Differences</tocentry>
            </toclevel2>
            <toclevel2>
               <tocentry linkend="ch0024s0004s03">Age Differences</tocentry>
            </toclevel2>
         </toclevel1>
         <toclevel1>
            <tocentry linkend="ch0024s0005">Information Critical to Making a Diagnosis</tocentry>
         </toclevel1>
         <toclevel1>
            <tocentry linkend="ch0024s0006">Dos and Don’ts</tocentry>
            <toclevel2>
               <tocentry linkend="ch0024s0006s01">Dos</tocentry>
            </toclevel2>
            <toclevel2>
               <tocentry linkend="ch0024s0006s02">Don’ts</tocentry>
            </toclevel2>
         </toclevel1>
         <toclevel1>
            <tocentry linkend="ch0024s0007">Summary</tocentry>
         </toclevel1>
      </tocchap>
      
      <tocchap>
         <tocentry linkend="ch0025">Diagnostic Interviewing</tocentry>
         <toclevel1>
            <tocentry linkend="ch0025s0001">Diagnostic Interviewing</tocentry>
         </toclevel1>
      </tocchap>
   
      
      
      
      
      
      
      
   
   </tocpart>

   
   
   
   
   
   

</toc>